run_key,algorithm,seed,mu,mode,alpha,num_clients,min_samples_per_client,max_abs_angle,round,local_epochs,global_model_magnitude,aggregate_update_magnitude,total_client_size,num_participating_clients,method,total_local_steps,server_control_magnitude,total_communication_bytes,runtime_seconds
iid_seed42_clients5_alphaNA_min1_angle0_fedavg_mu0,fedavg,42,0.0,iid,,5,1,0.0,1,1,6.786648273468018,0.7082491517066956,48000,5,,,,,
iid_seed42_clients5_alphaNA_min1_angle0_fedavg_mu0,fedavg,42,0.0,iid,,5,1,0.0,2,1,6.854254245758057,0.8583844304084778,48000,5,,,,,
iid_seed42_clients5_alphaNA_min1_angle0_fedavg_mu0,fedavg,42,0.0,iid,,5,1,0.0,3,1,7.0659027099609375,0.7603749632835388,48000,5,,,,,
iid_seed42_clients5_alphaNA_min1_angle0_fedavg_mu0,fedavg,42,0.0,iid,,5,1,0.0,4,1,7.343123435974121,0.5770509243011475,48000,5,,,,,
iid_seed42_clients5_alphaNA_min1_angle0_fedavg_mu0,fedavg,42,0.0,iid,,5,1,0.0,5,1,7.597471237182617,0.4413051903247833,48000,5,,,,,
iid_seed42_clients5_alphaNA_min1_angle0_fedavg_mu0,fedavg,42,0.0,iid,,5,1,0.0,6,1,7.810847282409668,0.3520034849643707,48000,5,,,,,
iid_seed42_clients5_alphaNA_min1_angle0_fedavg_mu0,fedavg,42,0.0,iid,,5,1,0.0,7,1,7.989174842834473,0.2919759452342987,48000,5,,,,,
iid_seed42_clients5_alphaNA_min1_angle0_fedavg_mu0,fedavg,42,0.0,iid,,5,1,0.0,8,1,8.140850067138672,0.2493787109851837,48000,5,,,,,
iid_seed42_clients5_alphaNA_min1_angle0_fedavg_mu0,fedavg,42,0.0,iid,,5,1,0.0,9,1,8.27198600769043,0.2171296030282974,48000,5,,,,,
iid_seed42_clients5_alphaNA_min1_angle0_fedavg_mu0,fedavg,42,0.0,iid,,5,1,0.0,10,1,8.38718318939209,0.1924634575843811,48000,5,,,,,
iid_seed42_clients5_alphaNA_min1_angle0_fedavg_mu0,fedavg,42,0.0,iid,,5,1,0.0,11,1,8.489611625671387,0.1729709953069687,48000,5,,,,,
iid_seed42_clients5_alphaNA_min1_angle0_fedavg_mu0,fedavg,42,0.0,iid,,5,1,0.0,12,1,8.581802368164062,0.1566550433635711,48000,5,,,,,
iid_seed42_clients5_alphaNA_min1_angle0_fedavg_mu0,fedavg,42,0.0,iid,,5,1,0.0,13,1,8.66510009765625,0.1438189297914505,48000,5,,,,,
iid_seed42_clients5_alphaNA_min1_angle0_fedavg_mu0,fedavg,42,0.0,iid,,5,1,0.0,14,1,8.741325378417969,0.1326005160808563,48000,5,,,,,
iid_seed42_clients5_alphaNA_min1_angle0_fedavg_mu0,fedavg,42,0.0,iid,,5,1,0.0,15,1,8.811495780944824,0.1234043985605239,48000,5,,,,,
iid_seed42_clients5_alphaNA_min1_angle0_fedavg_mu0,fedavg,42,0.0,iid,,5,1,0.0,16,1,8.876463890075684,0.1156465485692024,48000,5,,,,,
iid_seed42_clients5_alphaNA_min1_angle0_fedavg_mu0,fedavg,42,0.0,iid,,5,1,0.0,17,1,8.9368257522583,0.1094205304980278,48000,5,,,,,
iid_seed42_clients5_alphaNA_min1_angle0_fedavg_mu0,fedavg,42,0.0,iid,,5,1,0.0,18,1,8.993523597717285,0.1033943593502044,48000,5,,,,,
iid_seed42_clients5_alphaNA_min1_angle0_fedavg_mu0,fedavg,42,0.0,iid,,5,1,0.0,19,1,9.046560287475586,0.097916767001152,48000,5,,,,,
iid_seed42_clients5_alphaNA_min1_angle0_fedavg_mu0,fedavg,42,0.0,iid,,5,1,0.0,20,1,9.096832275390623,0.0942685604095459,48000,5,,,,,
iid_seed42_clients5_alphaNA_min1_angle0_fedprox_mu0p01,fedprox,42,0.01,iid,,5,1,0.0,1,1,6.786648273468018,0.7031429409980774,48000,5,,,,,
iid_seed42_clients5_alphaNA_min1_angle0_fedprox_mu0p01,fedprox,42,0.01,iid,,5,1,0.0,2,1,6.853443622589111,0.8521914482116699,48000,5,,,,,
iid_seed42_clients5_alphaNA_min1_angle0_fedprox_mu0p01,fedprox,42,0.01,iid,,5,1,0.0,3,1,7.062470436096191,0.7574341297149658,48000,5,,,,,
iid_seed42_clients5_alphaNA_min1_angle0_fedprox_mu0p01,fedprox,42,0.01,iid,,5,1,0.0,4,1,7.337409019470215,0.5764697790145874,48000,5,,,,,
iid_seed42_clients5_alphaNA_min1_angle0_fedprox_mu0p01,fedprox,42,0.01,iid,,5,1,0.0,5,1,7.590693473815918,0.4413544535636902,48000,5,,,,,
iid_seed42_clients5_alphaNA_min1_angle0_fedprox_mu0p01,fedprox,42,0.01,iid,,5,1,0.0,6,1,7.803651809692383,0.3521498441696167,48000,5,,,,,
iid_seed42_clients5_alphaNA_min1_angle0_fedprox_mu0p01,fedprox,42,0.01,iid,,5,1,0.0,7,1,7.981816291809082,0.2921087145805359,48000,5,,,,,
iid_seed42_clients5_alphaNA_min1_angle0_fedprox_mu0p01,fedprox,42,0.01,iid,,5,1,0.0,8,1,8.133440017700195,0.2495055049657821,48000,5,,,,,
iid_seed42_clients5_alphaNA_min1_angle0_fedprox_mu0p01,fedprox,42,0.01,iid,,5,1,0.0,9,1,8.264580726623535,0.2172253429889679,48000,5,,,,,
iid_seed42_clients5_alphaNA_min1_angle0_fedprox_mu0p01,fedprox,42,0.01,iid,,5,1,0.0,10,1,8.379802703857422,0.192539632320404,48000,5,,,,,
iid_seed42_clients5_alphaNA_min1_angle0_fedprox_mu0p01,fedprox,42,0.01,iid,,5,1,0.0,11,1,8.482272148132324,0.1730440407991409,48000,5,,,,,
iid_seed42_clients5_alphaNA_min1_angle0_fedprox_mu0p01,fedprox,42,0.01,iid,,5,1,0.0,12,1,8.574520111083984,0.1566993296146392,48000,5,,,,,
iid_seed42_clients5_alphaNA_min1_angle0_fedprox_mu0p01,fedprox,42,0.01,iid,,5,1,0.0,13,1,8.657861709594727,0.1438459753990173,48000,5,,,,,
iid_seed42_clients5_alphaNA_min1_angle0_fedprox_mu0p01,fedprox,42,0.01,iid,,5,1,0.0,14,1,8.734138488769531,0.1326016187667846,48000,5,,,,,
iid_seed42_clients5_alphaNA_min1_angle0_fedprox_mu0p01,fedprox,42,0.01,iid,,5,1,0.0,15,1,8.804356575012207,0.1234016269445419,48000,5,,,,,
iid_seed42_clients5_alphaNA_min1_angle0_fedprox_mu0p01,fedprox,42,0.01,iid,,5,1,0.0,16,1,8.869366645812988,0.1156048253178596,48000,5,,,,,
iid_seed42_clients5_alphaNA_min1_angle0_fedprox_mu0p01,fedprox,42,0.01,iid,,5,1,0.0,17,1,8.929762840270996,0.109383650124073,48000,5,,,,,
iid_seed42_clients5_alphaNA_min1_angle0_fedprox_mu0p01,fedprox,42,0.01,iid,,5,1,0.0,18,1,8.986489295959473,0.1033326014876365,48000,5,,,,,
iid_seed42_clients5_alphaNA_min1_angle0_fedprox_mu0p01,fedprox,42,0.01,iid,,5,1,0.0,19,1,9.039549827575684,0.0978557392954826,48000,5,,,,,
iid_seed42_clients5_alphaNA_min1_angle0_fedprox_mu0p01,fedprox,42,0.01,iid,,5,1,0.0,20,1,9.089838027954102,0.0941888839006424,48000,5,,,,,
iid_seed42_clients5_alphaNA_min1_angle0_scaffold_muNA,scaffold,42,,iid,,5,1,0.0,1,1,,0.7082492113113403,48000,5,scaffold,750.0,0.4721661508083343,8141600.0,6.288260603000026
iid_seed42_clients5_alphaNA_min1_angle0_scaffold_muNA,scaffold,42,,iid,,5,1,0.0,2,1,,0.8584780693054199,48000,5,scaffold,750.0,0.5723186731338501,8141600.0,6.340503364999904
iid_seed42_clients5_alphaNA_min1_angle0_scaffold_muNA,scaffold,42,,iid,,5,1,0.0,3,1,,0.7605237364768982,48000,5,scaffold,750.0,0.5070158243179321,8141600.0,6.287725348000095
iid_seed42_clients5_alphaNA_min1_angle0_scaffold_muNA,scaffold,42,,iid,,5,1,0.0,4,1,,0.5771509408950806,48000,5,scaffold,750.0,0.3847673237323761,8141600.0,6.356719597999927
iid_seed42_clients5_alphaNA_min1_angle0_scaffold_muNA,scaffold,42,,iid,,5,1,0.0,5,1,,0.4413404762744903,48000,5,scaffold,750.0,0.2942269742488861,8141600.0,6.241272085999981
iid_seed42_clients5_alphaNA_min1_angle0_scaffold_muNA,scaffold,42,,iid,,5,1,0.0,6,1,,0.3520330190658569,48000,5,scaffold,750.0,0.2346886694431305,8141600.0,6.246649815999945
iid_seed42_clients5_alphaNA_min1_angle0_scaffold_muNA,scaffold,42,,iid,,5,1,0.0,7,1,,0.291972279548645,48000,5,scaffold,750.0,0.194648191332817,8141600.0,6.3875613150000845
iid_seed42_clients5_alphaNA_min1_angle0_scaffold_muNA,scaffold,42,,iid,,5,1,0.0,8,1,,0.2493860274553299,48000,5,scaffold,750.0,0.1662573516368866,8141600.0,6.395635048000031
iid_seed42_clients5_alphaNA_min1_angle0_scaffold_muNA,scaffold,42,,iid,,5,1,0.0,9,1,,0.2171289473772049,48000,5,scaffold,750.0,0.144752636551857,8141600.0,6.278803399000026
iid_seed42_clients5_alphaNA_min1_angle0_scaffold_muNA,scaffold,42,,iid,,5,1,0.0,10,1,,0.1924380660057068,48000,5,scaffold,750.0,0.1282920390367508,8141600.0,6.252819113999976
iid_seed42_clients5_alphaNA_min1_angle0_scaffold_muNA,scaffold,42,,iid,,5,1,0.0,11,1,,0.1729522049427032,48000,5,scaffold,750.0,0.1153014674782753,8141600.0,6.323472372999959
iid_seed42_clients5_alphaNA_min1_angle0_scaffold_muNA,scaffold,42,,iid,,5,1,0.0,12,1,,0.1565981954336166,48000,5,scaffold,750.0,0.1043987944722175,8141600.0,6.239140187999965
iid_seed42_clients5_alphaNA_min1_angle0_scaffold_muNA,scaffold,42,,iid,,5,1,0.0,13,1,,0.1437677443027496,48000,5,scaffold,750.0,0.0958451628684997,8141600.0,6.207903135000152
iid_seed42_clients5_alphaNA_min1_angle0_scaffold_muNA,scaffold,42,,iid,,5,1,0.0,14,1,,0.1325505226850509,48000,5,scaffold,750.0,0.0883670151233673,8141600.0,6.266888363000135
iid_seed42_clients5_alphaNA_min1_angle0_scaffold_muNA,scaffold,42,,iid,,5,1,0.0,15,1,,0.1233763471245765,48000,5,scaffold,750.0,0.0822509005665779,8141600.0,6.319060573999877
iid_seed42_clients5_alphaNA_min1_angle0_scaffold_muNA,scaffold,42,,iid,,5,1,0.0,16,1,,0.1156068369746208,48000,5,scaffold,750.0,0.077071227133274,8141600.0,6.202688160999969
iid_seed42_clients5_alphaNA_min1_angle0_scaffold_muNA,scaffold,42,,iid,,5,1,0.0,17,1,,0.1094077825546264,48000,5,scaffold,750.0,0.0729385316371917,8141600.0,6.241522898000085
iid_seed42_clients5_alphaNA_min1_angle0_scaffold_muNA,scaffold,42,,iid,,5,1,0.0,18,1,,0.1033368110656738,48000,5,scaffold,750.0,0.068891204893589,8141600.0,6.298011448000125
iid_seed42_clients5_alphaNA_min1_angle0_scaffold_muNA,scaffold,42,,iid,,5,1,0.0,19,1,,0.0978926718235015,48000,5,scaffold,750.0,0.0652617886662483,8141600.0,6.228914426000074
iid_seed42_clients5_alphaNA_min1_angle0_scaffold_muNA,scaffold,42,,iid,,5,1,0.0,20,1,,0.0942766144871711,48000,5,scaffold,750.0,0.0628510788083076,8141600.0,6.262202656999989
iid_seed43_clients5_alphaNA_min1_angle0_fedavg_mu0,fedavg,43,0.0,iid,,5,1,0.0,1,1,6.809994220733643,0.7107750177383423,48000,5,,,,,
iid_seed43_clients5_alphaNA_min1_angle0_fedavg_mu0,fedavg,43,0.0,iid,,5,1,0.0,2,1,6.878921985626221,0.8535183668136597,48000,5,,,,,
iid_seed43_clients5_alphaNA_min1_angle0_fedavg_mu0,fedavg,43,0.0,iid,,5,1,0.0,3,1,7.091359615325928,0.7662020325660706,48000,5,,,,,
iid_seed43_clients5_alphaNA_min1_angle0_fedavg_mu0,fedavg,43,0.0,iid,,5,1,0.0,4,1,7.37199592590332,0.5844564437866211,48000,5,,,,,
iid_seed43_clients5_alphaNA_min1_angle0_fedavg_mu0,fedavg,43,0.0,iid,,5,1,0.0,5,1,7.630645751953125,0.4436701238155365,48000,5,,,,,
iid_seed43_clients5_alphaNA_min1_angle0_fedavg_mu0,fedavg,43,0.0,iid,,5,1,0.0,6,1,7.846284866333008,0.3510508239269256,48000,5,,,,,
iid_seed43_clients5_alphaNA_min1_angle0_fedavg_mu0,fedavg,43,0.0,iid,,5,1,0.0,7,1,8.0255765914917,0.2886121571063995,48000,5,,,,,
iid_seed43_clients5_alphaNA_min1_angle0_fedavg_mu0,fedavg,43,0.0,iid,,5,1,0.0,8,1,8.176732063293457,0.2451732903718948,48000,5,,,,,
iid_seed43_clients5_alphaNA_min1_angle0_fedavg_mu0,fedavg,43,0.0,iid,,5,1,0.0,9,1,8.307029724121094,0.2131388187408447,48000,5,,,,,
iid_seed43_clients5_alphaNA_min1_angle0_fedavg_mu0,fedavg,43,0.0,iid,,5,1,0.0,10,1,8.421116828918457,0.188668668270111,48000,5,,,,,
iid_seed43_clients5_alphaNA_min1_angle0_fedavg_mu0,fedavg,43,0.0,iid,,5,1,0.0,11,1,8.522253036499023,0.1691341996192932,48000,5,,,,,
iid_seed43_clients5_alphaNA_min1_angle0_fedavg_mu0,fedavg,43,0.0,iid,,5,1,0.0,12,1,8.61295223236084,0.1540929973125457,48000,5,,,,,
iid_seed43_clients5_alphaNA_min1_angle0_fedavg_mu0,fedavg,43,0.0,iid,,5,1,0.0,13,1,8.695268630981445,0.1409240216016769,48000,5,,,,,
iid_seed43_clients5_alphaNA_min1_angle0_fedavg_mu0,fedavg,43,0.0,iid,,5,1,0.0,14,1,8.770565032958984,0.1305542737245559,48000,5,,,,,
iid_seed43_clients5_alphaNA_min1_angle0_fedavg_mu0,fedavg,43,0.0,iid,,5,1,0.0,15,1,8.839761734008789,0.1213826462626457,48000,5,,,,,
iid_seed43_clients5_alphaNA_min1_angle0_fedavg_mu0,fedavg,43,0.0,iid,,5,1,0.0,16,1,8.903797149658203,0.1134306490421295,48000,5,,,,,
iid_seed43_clients5_alphaNA_min1_angle0_fedavg_mu0,fedavg,43,0.0,iid,,5,1,0.0,17,1,8.963493347167969,0.1069183573126792,48000,5,,,,,
iid_seed43_clients5_alphaNA_min1_angle0_fedavg_mu0,fedavg,43,0.0,iid,,5,1,0.0,18,1,9.019353866577148,0.1016864404082298,48000,5,,,,,
iid_seed43_clients5_alphaNA_min1_angle0_fedavg_mu0,fedavg,43,0.0,iid,,5,1,0.0,19,1,9.07189655303955,0.0968432649970054,48000,5,,,,,
iid_seed43_clients5_alphaNA_min1_angle0_fedavg_mu0,fedavg,43,0.0,iid,,5,1,0.0,20,1,9.12158203125,0.0921478122472763,48000,5,,,,,
iid_seed43_clients5_alphaNA_min1_angle0_fedprox_mu0p01,fedprox,43,0.01,iid,,5,1,0.0,1,1,6.809994220733643,0.7056275606155396,48000,5,,,,,
iid_seed43_clients5_alphaNA_min1_angle0_fedprox_mu0p01,fedprox,43,0.01,iid,,5,1,0.0,2,1,6.878094673156738,0.8472909331321716,48000,5,,,,,
iid_seed43_clients5_alphaNA_min1_angle0_fedprox_mu0p01,fedprox,43,0.01,iid,,5,1,0.0,3,1,7.087893962860107,0.7631084322929382,48000,5,,,,,
iid_seed43_clients5_alphaNA_min1_angle0_fedprox_mu0p01,fedprox,43,0.01,iid,,5,1,0.0,4,1,7.366178035736084,0.583913266658783,48000,5,,,,,
iid_seed43_clients5_alphaNA_min1_angle0_fedprox_mu0p01,fedprox,43,0.01,iid,,5,1,0.0,5,1,7.623760223388672,0.4438379108905792,48000,5,,,,,
iid_seed43_clients5_alphaNA_min1_angle0_fedprox_mu0p01,fedprox,43,0.01,iid,,5,1,0.0,6,1,7.839020729064941,0.3513224422931671,48000,5,,,,,
iid_seed43_clients5_alphaNA_min1_angle0_fedprox_mu0p01,fedprox,43,0.01,iid,,5,1,0.0,7,1,8.018200874328613,0.2888171970844269,48000,5,,,,,
iid_seed43_clients5_alphaNA_min1_angle0_fedprox_mu0p01,fedprox,43,0.01,iid,,5,1,0.0,8,1,8.169336318969727,0.2453459948301315,48000,5,,,,,
iid_seed43_clients5_alphaNA_min1_angle0_fedprox_mu0p01,fedprox,43,0.01,iid,,5,1,0.0,9,1,8.299661636352539,0.2132854461669922,48000,5,,,,,
iid_seed43_clients5_alphaNA_min1_angle0_fedprox_mu0p01,fedprox,43,0.01,iid,,5,1,0.0,10,1,8.413806915283203,0.1887744665145874,48000,5,,,,,
iid_seed43_clients5_alphaNA_min1_angle0_fedprox_mu0p01,fedprox,43,0.01,iid,,5,1,0.0,11,1,8.514996528625488,0.1692041009664535,48000,5,,,,,
iid_seed43_clients5_alphaNA_min1_angle0_fedprox_mu0p01,fedprox,43,0.01,iid,,5,1,0.0,12,1,8.605751991271973,0.1541391462087631,48000,5,,,,,
iid_seed43_clients5_alphaNA_min1_angle0_fedprox_mu0p01,fedprox,43,0.01,iid,,5,1,0.0,13,1,8.68812084197998,0.1409451812505722,48000,5,,,,,
iid_seed43_clients5_alphaNA_min1_angle0_fedprox_mu0p01,fedprox,43,0.01,iid,,5,1,0.0,14,1,8.763472557067871,0.1305620372295379,48000,5,,,,,
iid_seed43_clients5_alphaNA_min1_angle0_fedprox_mu0p01,fedprox,43,0.01,iid,,5,1,0.0,15,1,8.832714080810547,0.1213618293404579,48000,5,,,,,
iid_seed43_clients5_alphaNA_min1_angle0_fedprox_mu0p01,fedprox,43,0.01,iid,,5,1,0.0,16,1,8.89678955078125,0.1133892908692359,48000,5,,,,,
iid_seed43_clients5_alphaNA_min1_angle0_fedprox_mu0p01,fedprox,43,0.01,iid,,5,1,0.0,17,1,8.956520080566406,0.1068853735923767,48000,5,,,,,
iid_seed43_clients5_alphaNA_min1_angle0_fedprox_mu0p01,fedprox,43,0.01,iid,,5,1,0.0,18,1,9.012408256530762,0.1016140878200531,48000,5,,,,,
iid_seed43_clients5_alphaNA_min1_angle0_fedprox_mu0p01,fedprox,43,0.01,iid,,5,1,0.0,19,1,9.064969062805176,0.0967649221420288,48000,5,,,,,
iid_seed43_clients5_alphaNA_min1_angle0_fedprox_mu0p01,fedprox,43,0.01,iid,,5,1,0.0,20,1,9.114667892456056,0.0920472145080566,48000,5,,,,,
iid_seed43_clients5_alphaNA_min1_angle0_scaffold_muNA,scaffold,43,,iid,,5,1,0.0,1,1,,0.7107750177383423,48000,5,scaffold,750.0,0.4738500416278839,8141600.0,6.3264324289993965
iid_seed43_clients5_alphaNA_min1_angle0_scaffold_muNA,scaffold,43,,iid,,5,1,0.0,2,1,,0.8536508679389954,48000,5,scaffold,750.0,0.569100558757782,8141600.0,6.288387091000004
iid_seed43_clients5_alphaNA_min1_angle0_scaffold_muNA,scaffold,43,,iid,,5,1,0.0,3,1,,0.7663534879684448,48000,5,scaffold,750.0,0.5109023451805115,8141600.0,6.181659210000362
iid_seed43_clients5_alphaNA_min1_angle0_scaffold_muNA,scaffold,43,,iid,,5,1,0.0,4,1,,0.5845103859901428,48000,5,scaffold,750.0,0.3896735906600952,8141600.0,6.313761521999368
iid_seed43_clients5_alphaNA_min1_angle0_scaffold_muNA,scaffold,43,,iid,,5,1,0.0,5,1,,0.4436803460121155,48000,5,scaffold,750.0,0.2957868874073028,8141600.0,6.344489176000025
iid_seed43_clients5_alphaNA_min1_angle0_scaffold_muNA,scaffold,43,,iid,,5,1,0.0,6,1,,0.3510245978832245,48000,5,scaffold,750.0,0.23401640355587,8141600.0,6.340945805999581
iid_seed43_clients5_alphaNA_min1_angle0_scaffold_muNA,scaffold,43,,iid,,5,1,0.0,7,1,,0.2885786592960357,48000,5,scaffold,750.0,0.1923857629299163,8141600.0,6.410937628999818
iid_seed43_clients5_alphaNA_min1_angle0_scaffold_muNA,scaffold,43,,iid,,5,1,0.0,8,1,,0.2451705634593963,48000,5,scaffold,750.0,0.1634470373392105,8141600.0,6.261827899000309
iid_seed43_clients5_alphaNA_min1_angle0_scaffold_muNA,scaffold,43,,iid,,5,1,0.0,9,1,,0.2131493389606475,48000,5,scaffold,750.0,0.1420995593070984,8141600.0,6.153234705999239
iid_seed43_clients5_alphaNA_min1_angle0_scaffold_muNA,scaffold,43,,iid,,5,1,0.0,10,1,,0.188665509223938,48000,5,scaffold,750.0,0.1257769912481308,8141600.0,6.337786953999967
iid_seed43_clients5_alphaNA_min1_angle0_scaffold_muNA,scaffold,43,,iid,,5,1,0.0,11,1,,0.1691023707389831,48000,5,scaffold,750.0,0.1127349138259887,8141600.0,6.444979066000087
iid_seed43_clients5_alphaNA_min1_angle0_scaffold_muNA,scaffold,43,,iid,,5,1,0.0,12,1,,0.1540466398000717,48000,5,scaffold,750.0,0.102697767317295,8141600.0,6.716095538000445
iid_seed43_clients5_alphaNA_min1_angle0_scaffold_muNA,scaffold,43,,iid,,5,1,0.0,13,1,,0.1408803313970565,48000,5,scaffold,750.0,0.0939202159643173,8141600.0,6.216675661000409
iid_seed43_clients5_alphaNA_min1_angle0_scaffold_muNA,scaffold,43,,iid,,5,1,0.0,14,1,,0.1304910480976104,48000,5,scaffold,750.0,0.0869940295815467,8141600.0,6.3622317749996
iid_seed43_clients5_alphaNA_min1_angle0_scaffold_muNA,scaffold,43,,iid,,5,1,0.0,15,1,,0.1213334798812866,48000,5,scaffold,750.0,0.0808889865875244,8141600.0,6.348935930999687
iid_seed43_clients5_alphaNA_min1_angle0_scaffold_muNA,scaffold,43,,iid,,5,1,0.0,16,1,,0.1134192869067192,48000,5,scaffold,750.0,0.0756128579378128,8141600.0,6.309350513000027
iid_seed43_clients5_alphaNA_min1_angle0_scaffold_muNA,scaffold,43,,iid,,5,1,0.0,17,1,,0.1069403141736984,48000,5,scaffold,750.0,0.0712935402989387,8141600.0,6.423612405000313
iid_seed43_clients5_alphaNA_min1_angle0_scaffold_muNA,scaffold,43,,iid,,5,1,0.0,18,1,,0.1016488894820213,48000,5,scaffold,750.0,0.0677659288048744,8141600.0,6.428859295999246
iid_seed43_clients5_alphaNA_min1_angle0_scaffold_muNA,scaffold,43,,iid,,5,1,0.0,19,1,,0.0967998802661895,48000,5,scaffold,750.0,0.0645332559943199,8141600.0,6.376291927000239
iid_seed43_clients5_alphaNA_min1_angle0_scaffold_muNA,scaffold,43,,iid,,5,1,0.0,20,1,,0.0921690389513969,48000,5,scaffold,750.0,0.0614460259675979,8141600.0,6.280552709000403
iid_seed44_clients5_alphaNA_min1_angle0_fedavg_mu0,fedavg,44,0.0,iid,,5,1,0.0,1,1,6.785419464111328,0.668169379234314,48000,5,,,,,
iid_seed44_clients5_alphaNA_min1_angle0_fedavg_mu0,fedavg,44,0.0,iid,,5,1,0.0,2,1,6.844030857086182,0.8457741737365723,48000,5,,,,,
iid_seed44_clients5_alphaNA_min1_angle0_fedavg_mu0,fedavg,44,0.0,iid,,5,1,0.0,3,1,7.044804573059082,0.7833582162857056,48000,5,,,,,
iid_seed44_clients5_alphaNA_min1_angle0_fedavg_mu0,fedavg,44,0.0,iid,,5,1,0.0,4,1,7.325358867645264,0.5997059345245361,48000,5,,,,,
iid_seed44_clients5_alphaNA_min1_angle0_fedavg_mu0,fedavg,44,0.0,iid,,5,1,0.0,5,1,7.588051795959473,0.4557021260261535,48000,5,,,,,
iid_seed44_clients5_alphaNA_min1_angle0_fedavg_mu0,fedavg,44,0.0,iid,,5,1,0.0,6,1,7.808250904083252,0.3605743646621704,48000,5,,,,,
iid_seed44_clients5_alphaNA_min1_angle0_fedavg_mu0,fedavg,44,0.0,iid,,5,1,0.0,7,1,7.991339206695557,0.2968358397483825,48000,5,,,,,
iid_seed44_clients5_alphaNA_min1_angle0_fedavg_mu0,fedavg,44,0.0,iid,,5,1,0.0,8,1,8.146357536315918,0.2520791888236999,48000,5,,,,,
iid_seed44_clients5_alphaNA_min1_angle0_fedavg_mu0,fedavg,44,0.0,iid,,5,1,0.0,9,1,8.279868125915527,0.2191923856735229,48000,5,,,,,
iid_seed44_clients5_alphaNA_min1_angle0_fedavg_mu0,fedavg,44,0.0,iid,,5,1,0.0,10,1,8.396490097045898,0.1937342137098312,48000,5,,,,,
iid_seed44_clients5_alphaNA_min1_angle0_fedavg_mu0,fedavg,44,0.0,iid,,5,1,0.0,11,1,8.500005722045898,0.1737224906682968,48000,5,,,,,
iid_seed44_clients5_alphaNA_min1_angle0_fedavg_mu0,fedavg,44,0.0,iid,,5,1,0.0,12,1,8.592849731445312,0.1574453115463256,48000,5,,,,,
iid_seed44_clients5_alphaNA_min1_angle0_fedavg_mu0,fedavg,44,0.0,iid,,5,1,0.0,13,1,8.677057266235352,0.1446417272090912,48000,5,,,,,
iid_seed44_clients5_alphaNA_min1_angle0_fedavg_mu0,fedavg,44,0.0,iid,,5,1,0.0,14,1,8.753901481628418,0.1332139074802398,48000,5,,,,,
iid_seed44_clients5_alphaNA_min1_angle0_fedavg_mu0,fedavg,44,0.0,iid,,5,1,0.0,15,1,8.824519157409668,0.1243224218487739,48000,5,,,,,
iid_seed44_clients5_alphaNA_min1_angle0_fedavg_mu0,fedavg,44,0.0,iid,,5,1,0.0,16,1,8.890106201171875,0.1162248328328132,48000,5,,,,,
iid_seed44_clients5_alphaNA_min1_angle0_fedavg_mu0,fedavg,44,0.0,iid,,5,1,0.0,17,1,8.951033592224121,0.1090403497219085,48000,5,,,,,
iid_seed44_clients5_alphaNA_min1_angle0_fedavg_mu0,fedavg,44,0.0,iid,,5,1,0.0,18,1,9.007917404174805,0.1038839370012283,48000,5,,,,,
iid_seed44_clients5_alphaNA_min1_angle0_fedavg_mu0,fedavg,44,0.0,iid,,5,1,0.0,19,1,9.0614595413208,0.0984524339437484,48000,5,,,,,
iid_seed44_clients5_alphaNA_min1_angle0_fedavg_mu0,fedavg,44,0.0,iid,,5,1,0.0,20,1,9.111956596374512,0.0937277376651763,48000,5,,,,,
iid_seed44_clients5_alphaNA_min1_angle0_fedprox_mu0p01,fedprox,44,0.01,iid,,5,1,0.0,1,1,6.785419464111328,0.6633132100105286,48000,5,,,,,
iid_seed44_clients5_alphaNA_min1_angle0_fedprox_mu0p01,fedprox,44,0.01,iid,,5,1,0.0,2,1,6.843307971954346,0.8393566012382507,48000,5,,,,,
iid_seed44_clients5_alphaNA_min1_angle0_fedprox_mu0p01,fedprox,44,0.01,iid,,5,1,0.0,3,1,7.041478633880615,0.7800232172012329,48000,5,,,,,
iid_seed44_clients5_alphaNA_min1_angle0_fedprox_mu0p01,fedprox,44,0.01,iid,,5,1,0.0,4,1,7.319546222686768,0.5990843772888184,48000,5,,,,,
iid_seed44_clients5_alphaNA_min1_angle0_fedprox_mu0p01,fedprox,44,0.01,iid,,5,1,0.0,5,1,7.581090450286865,0.4558587372303009,48000,5,,,,,
iid_seed44_clients5_alphaNA_min1_angle0_fedprox_mu0p01,fedprox,44,0.01,iid,,5,1,0.0,6,1,7.800869941711426,0.3608248233795166,48000,5,,,,,
iid_seed44_clients5_alphaNA_min1_angle0_fedprox_mu0p01,fedprox,44,0.01,iid,,5,1,0.0,7,1,7.983825206756592,0.2970471084117889,48000,5,,,,,
iid_seed44_clients5_alphaNA_min1_angle0_fedprox_mu0p01,fedprox,44,0.01,iid,,5,1,0.0,8,1,8.13882064819336,0.2522439360618591,48000,5,,,,,
iid_seed44_clients5_alphaNA_min1_angle0_fedprox_mu0p01,fedprox,44,0.01,iid,,5,1,0.0,9,1,8.272355079650879,0.2193252593278885,48000,5,,,,,
iid_seed44_clients5_alphaNA_min1_angle0_fedprox_mu0p01,fedprox,44,0.01,iid,,5,1,0.0,10,1,8.389023780822754,0.193827822804451,48000,5,,,,,
iid_seed44_clients5_alphaNA_min1_angle0_fedprox_mu0p01,fedprox,44,0.01,iid,,5,1,0.0,11,1,8.492589950561523,0.1737866103649139,48000,5,,,,,
iid_seed44_clients5_alphaNA_min1_angle0_fedprox_mu0p01,fedprox,44,0.01,iid,,5,1,0.0,12,1,8.585494041442871,0.1574916690587997,48000,5,,,,,
iid_seed44_clients5_alphaNA_min1_angle0_fedprox_mu0p01,fedprox,44,0.01,iid,,5,1,0.0,13,1,8.669754028320312,0.1446825712919235,48000,5,,,,,
iid_seed44_clients5_alphaNA_min1_angle0_fedprox_mu0p01,fedprox,44,0.01,iid,,5,1,0.0,14,1,8.746659278869629,0.1332229375839233,48000,5,,,,,
iid_seed44_clients5_alphaNA_min1_angle0_fedprox_mu0p01,fedprox,44,0.01,iid,,5,1,0.0,15,1,8.817319869995117,0.1243095099925994,48000,5,,,,,
iid_seed44_clients5_alphaNA_min1_angle0_fedprox_mu0p01,fedprox,44,0.01,iid,,5,1,0.0,16,1,8.88295841217041,0.1161961406469345,48000,5,,,,,
iid_seed44_clients5_alphaNA_min1_angle0_fedprox_mu0p01,fedprox,44,0.01,iid,,5,1,0.0,17,1,8.943920135498047,0.1089818999171257,48000,5,,,,,
iid_seed44_clients5_alphaNA_min1_angle0_fedprox_mu0p01,fedprox,44,0.01,iid,,5,1,0.0,18,1,9.000832557678223,0.1038301810622215,48000,5,,,,,
iid_seed44_clients5_alphaNA_min1_angle0_fedprox_mu0p01,fedprox,44,0.01,iid,,5,1,0.0,19,1,9.054394721984863,0.0983935743570327,48000,5,,,,,
iid_seed44_clients5_alphaNA_min1_angle0_fedprox_mu0p01,fedprox,44,0.01,iid,,5,1,0.0,20,1,9.10491180419922,0.0936394184827804,48000,5,,,,,
iid_seed44_clients5_alphaNA_min1_angle0_scaffold_muNA,scaffold,44,,iid,,5,1,0.0,1,1,,0.668169379234314,48000,5,scaffold,750.0,0.4454462826251983,8141600.0,6.321432471000662
iid_seed44_clients5_alphaNA_min1_angle0_scaffold_muNA,scaffold,44,,iid,,5,1,0.0,2,1,,0.8458539843559265,48000,5,scaffold,750.0,0.5639026761054993,8141600.0,6.223644848998447
iid_seed44_clients5_alphaNA_min1_angle0_scaffold_muNA,scaffold,44,,iid,,5,1,0.0,3,1,,0.7834939360618591,48000,5,scaffold,750.0,0.5223292708396912,8141600.0,6.332667467999272
iid_seed44_clients5_alphaNA_min1_angle0_scaffold_muNA,scaffold,44,,iid,,5,1,0.0,4,1,,0.5998304486274719,48000,5,scaffold,750.0,0.3998869657516479,8141600.0,6.233379216000685
iid_seed44_clients5_alphaNA_min1_angle0_scaffold_muNA,scaffold,44,,iid,,5,1,0.0,5,1,,0.4557841122150421,48000,5,scaffold,750.0,0.3038560748100281,8141600.0,6.32174667900108
iid_seed44_clients5_alphaNA_min1_angle0_scaffold_muNA,scaffold,44,,iid,,5,1,0.0,6,1,,0.3606259822845459,48000,5,scaffold,750.0,0.240417331457138,8141600.0,6.279475989000275
iid_seed44_clients5_alphaNA_min1_angle0_scaffold_muNA,scaffold,44,,iid,,5,1,0.0,7,1,,0.2968564033508301,48000,5,scaffold,750.0,0.1979042738676071,8141600.0,6.168169968001166
iid_seed44_clients5_alphaNA_min1_angle0_scaffold_muNA,scaffold,44,,iid,,5,1,0.0,8,1,,0.252088725566864,48000,5,scaffold,750.0,0.1680591404438018,8141600.0,6.237381225999343
iid_seed44_clients5_alphaNA_min1_angle0_scaffold_muNA,scaffold,44,,iid,,5,1,0.0,9,1,,0.2191561311483383,48000,5,scaffold,750.0,0.146104097366333,8141600.0,6.209018933999687
iid_seed44_clients5_alphaNA_min1_angle0_scaffold_muNA,scaffold,44,,iid,,5,1,0.0,10,1,,0.1937065571546554,48000,5,scaffold,750.0,0.129137709736824,8141600.0,6.320700676000342
iid_seed44_clients5_alphaNA_min1_angle0_scaffold_muNA,scaffold,44,,iid,,5,1,0.0,11,1,,0.1736847311258316,48000,5,scaffold,750.0,0.1157898232340812,8141600.0,6.183642881000196
iid_seed44_clients5_alphaNA_min1_angle0_scaffold_muNA,scaffold,44,,iid,,5,1,0.0,12,1,,0.1574655771255493,48000,5,scaffold,750.0,0.1049770563840866,8141600.0,6.352335004999986
iid_seed44_clients5_alphaNA_min1_angle0_scaffold_muNA,scaffold,44,,iid,,5,1,0.0,13,1,,0.144604742527008,48000,5,scaffold,750.0,0.0964031592011451,8141600.0,6.251911003999339
iid_seed44_clients5_alphaNA_min1_angle0_scaffold_muNA,scaffold,44,,iid,,5,1,0.0,14,1,,0.1332041770219802,48000,5,scaffold,750.0,0.0888027846813201,8141600.0,6.336326693999581
iid_seed44_clients5_alphaNA_min1_angle0_scaffold_muNA,scaffold,44,,iid,,5,1,0.0,15,1,,0.1242731660604476,48000,5,scaffold,750.0,0.0828487798571586,8141600.0,6.394293306999316
iid_seed44_clients5_alphaNA_min1_angle0_scaffold_muNA,scaffold,44,,iid,,5,1,0.0,16,1,,0.1161967292428016,48000,5,scaffold,750.0,0.0774644911289215,8141600.0,6.205774865999047
iid_seed44_clients5_alphaNA_min1_angle0_scaffold_muNA,scaffold,44,,iid,,5,1,0.0,17,1,,0.1090191006660461,48000,5,scaffold,750.0,0.0726794004440307,8141600.0,6.169895562999955
iid_seed44_clients5_alphaNA_min1_angle0_scaffold_muNA,scaffold,44,,iid,,5,1,0.0,18,1,,0.1038601696491241,48000,5,scaffold,750.0,0.0692401081323623,8141600.0,6.169776492999517
iid_seed44_clients5_alphaNA_min1_angle0_scaffold_muNA,scaffold,44,,iid,,5,1,0.0,19,1,,0.0984200090169906,48000,5,scaffold,750.0,0.0656133443117141,8141600.0,6.2505940060000285
iid_seed44_clients5_alphaNA_min1_angle0_scaffold_muNA,scaffold,44,,iid,,5,1,0.0,20,1,,0.0936999320983886,48000,5,scaffold,750.0,0.0624666213989257,8141600.0,6.15314876299999
label_skew_seed42_clients5_alpha0p1_min1_angle0_fedavg_mu0,fedavg,42,0.0,label_skew,0.1,5,1,0.0,1,1,6.786648273468018,0.7093003392219543,48000,5,,,,,
label_skew_seed42_clients5_alpha0p1_min1_angle0_fedavg_mu0,fedavg,42,0.0,label_skew,0.1,5,1,0.0,2,1,6.878798484802246,0.7069275975227356,48000,5,,,,,
label_skew_seed42_clients5_alpha0p1_min1_angle0_fedavg_mu0,fedavg,42,0.0,label_skew,0.1,5,1,0.0,3,1,7.052032947540283,0.6022021770477295,48000,5,,,,,
label_skew_seed42_clients5_alpha0p1_min1_angle0_fedavg_mu0,fedavg,42,0.0,label_skew,0.1,5,1,0.0,4,1,7.255050182342529,0.4874274134635925,48000,5,,,,,
label_skew_seed42_clients5_alpha0p1_min1_angle0_fedavg_mu0,fedavg,42,0.0,label_skew,0.1,5,1,0.0,5,1,7.451370239257812,0.3951736688613891,48000,5,,,,,
label_skew_seed42_clients5_alpha0p1_min1_angle0_fedavg_mu0,fedavg,42,0.0,label_skew,0.1,5,1,0.0,6,1,7.628144264221191,0.3261308670043945,48000,5,,,,,
label_skew_seed42_clients5_alpha0p1_min1_angle0_fedavg_mu0,fedavg,42,0.0,label_skew,0.1,5,1,0.0,7,1,7.784429550170898,0.2744528949260711,48000,5,,,,,
label_skew_seed42_clients5_alpha0p1_min1_angle0_fedavg_mu0,fedavg,42,0.0,label_skew,0.1,5,1,0.0,8,1,7.921642303466797,0.2361378818750381,48000,5,,,,,
label_skew_seed42_clients5_alpha0p1_min1_angle0_fedavg_mu0,fedavg,42,0.0,label_skew,0.1,5,1,0.0,9,1,8.043055534362793,0.2067802846431732,48000,5,,,,,
label_skew_seed42_clients5_alpha0p1_min1_angle0_fedavg_mu0,fedavg,42,0.0,label_skew,0.1,5,1,0.0,10,1,8.151473999023438,0.1838055998086929,48000,5,,,,,
label_skew_seed42_clients5_alpha0p1_min1_angle0_fedavg_mu0,fedavg,42,0.0,label_skew,0.1,5,1,0.0,11,1,8.24898624420166,0.1649912893772125,48000,5,,,,,
label_skew_seed42_clients5_alpha0p1_min1_angle0_fedavg_mu0,fedavg,42,0.0,label_skew,0.1,5,1,0.0,12,1,8.337467193603516,0.1498672366142273,48000,5,,,,,
label_skew_seed42_clients5_alpha0p1_min1_angle0_fedavg_mu0,fedavg,42,0.0,label_skew,0.1,5,1,0.0,13,1,8.418160438537598,0.1380032449960708,48000,5,,,,,
label_skew_seed42_clients5_alpha0p1_min1_angle0_fedavg_mu0,fedavg,42,0.0,label_skew,0.1,5,1,0.0,14,1,8.493062019348145,0.1269367486238479,48000,5,,,,,
label_skew_seed42_clients5_alpha0p1_min1_angle0_fedavg_mu0,fedavg,42,0.0,label_skew,0.1,5,1,0.0,15,1,8.561906814575195,0.1178860440850257,48000,5,,,,,
label_skew_seed42_clients5_alpha0p1_min1_angle0_fedavg_mu0,fedavg,42,0.0,label_skew,0.1,5,1,0.0,16,1,8.625537872314453,0.1104248240590095,48000,5,,,,,
label_skew_seed42_clients5_alpha0p1_min1_angle0_fedavg_mu0,fedavg,42,0.0,label_skew,0.1,5,1,0.0,17,1,8.685308456420898,0.1038056313991546,48000,5,,,,,
label_skew_seed42_clients5_alpha0p1_min1_angle0_fedavg_mu0,fedavg,42,0.0,label_skew,0.1,5,1,0.0,18,1,8.741300582885742,0.0984034687280654,48000,5,,,,,
label_skew_seed42_clients5_alpha0p1_min1_angle0_fedavg_mu0,fedavg,42,0.0,label_skew,0.1,5,1,0.0,19,1,8.794057846069336,0.0932691544294357,48000,5,,,,,
label_skew_seed42_clients5_alpha0p1_min1_angle0_fedavg_mu0,fedavg,42,0.0,label_skew,0.1,5,1,0.0,20,1,8.843988418579102,0.0883337259292602,48000,5,,,,,
label_skew_seed42_clients5_alpha0p1_min1_angle0_fedprox_mu0p01,fedprox,42,0.01,label_skew,0.1,5,1,0.0,1,1,6.786648273468018,0.7052104473114014,48000,5,,,,,
label_skew_seed42_clients5_alpha0p1_min1_angle0_fedprox_mu0p01,fedprox,42,0.01,label_skew,0.1,5,1,0.0,2,1,6.878066062927246,0.7030674815177917,48000,5,,,,,
label_skew_seed42_clients5_alpha0p1_min1_angle0_fedprox_mu0p01,fedprox,42,0.01,label_skew,0.1,5,1,0.0,3,1,7.04976749420166,0.5997971296310425,48000,5,,,,,
label_skew_seed42_clients5_alpha0p1_min1_angle0_fedprox_mu0p01,fedprox,42,0.01,label_skew,0.1,5,1,0.0,4,1,7.251313209533691,0.486231118440628,48000,5,,,,,
label_skew_seed42_clients5_alpha0p1_min1_angle0_fedprox_mu0p01,fedprox,42,0.01,label_skew,0.1,5,1,0.0,5,1,7.446600437164307,0.3946280479431152,48000,5,,,,,
label_skew_seed42_clients5_alpha0p1_min1_angle0_fedprox_mu0p01,fedprox,42,0.01,label_skew,0.1,5,1,0.0,6,1,7.622725009918213,0.3258846998214721,48000,5,,,,,
label_skew_seed42_clients5_alpha0p1_min1_angle0_fedprox_mu0p01,fedprox,42,0.01,label_skew,0.1,5,1,0.0,7,1,7.7786102294921875,0.2743636667728424,48000,5,,,,,
label_skew_seed42_clients5_alpha0p1_min1_angle0_fedprox_mu0p01,fedprox,42,0.01,label_skew,0.1,5,1,0.0,8,1,7.915581703186035,0.2360974997282028,48000,5,,,,,
label_skew_seed42_clients5_alpha0p1_min1_angle0_fedprox_mu0p01,fedprox,42,0.01,label_skew,0.1,5,1,0.0,9,1,8.036840438842773,0.2067644298076629,48000,5,,,,,
label_skew_seed42_clients5_alpha0p1_min1_angle0_fedprox_mu0p01,fedprox,42,0.01,label_skew,0.1,5,1,0.0,10,1,8.145155906677246,0.1838099807500839,48000,5,,,,,
label_skew_seed42_clients5_alpha0p1_min1_angle0_fedprox_mu0p01,fedprox,42,0.01,label_skew,0.1,5,1,0.0,11,1,8.242609977722168,0.1649923026561737,48000,5,,,,,
label_skew_seed42_clients5_alpha0p1_min1_angle0_fedprox_mu0p01,fedprox,42,0.01,label_skew,0.1,5,1,0.0,12,1,8.3310546875,0.1498576700687408,48000,5,,,,,
label_skew_seed42_clients5_alpha0p1_min1_angle0_fedprox_mu0p01,fedprox,42,0.01,label_skew,0.1,5,1,0.0,13,1,8.411723136901855,0.138005256652832,48000,5,,,,,
label_skew_seed42_clients5_alpha0p1_min1_angle0_fedprox_mu0p01,fedprox,42,0.01,label_skew,0.1,5,1,0.0,14,1,8.486616134643555,0.1269162744283676,48000,5,,,,,
label_skew_seed42_clients5_alpha0p1_min1_angle0_fedprox_mu0p01,fedprox,42,0.01,label_skew,0.1,5,1,0.0,15,1,8.55545425415039,0.1178713142871856,48000,5,,,,,
label_skew_seed42_clients5_alpha0p1_min1_angle0_fedprox_mu0p01,fedprox,42,0.01,label_skew,0.1,5,1,0.0,16,1,8.619088172912598,0.1103895306587219,48000,5,,,,,
label_skew_seed42_clients5_alpha0p1_min1_angle0_fedprox_mu0p01,fedprox,42,0.01,label_skew,0.1,5,1,0.0,17,1,8.678860664367676,0.103770911693573,48000,5,,,,,
label_skew_seed42_clients5_alpha0p1_min1_angle0_fedprox_mu0p01,fedprox,42,0.01,label_skew,0.1,5,1,0.0,18,1,8.73486042022705,0.0983669906854629,48000,5,,,,,
label_skew_seed42_clients5_alpha0p1_min1_angle0_fedprox_mu0p01,fedprox,42,0.01,label_skew,0.1,5,1,0.0,19,1,8.787620544433594,0.0932185128331184,48000,5,,,,,
label_skew_seed42_clients5_alpha0p1_min1_angle0_fedprox_mu0p01,fedprox,42,0.01,label_skew,0.1,5,1,0.0,20,1,8.837553024291992,0.0882701724767685,48000,5,,,,,
label_skew_seed42_clients5_alpha0p1_min1_angle0_scaffold_muNA,scaffold,42,,label_skew,0.1,5,1,0.0,1,1,,0.7093003988265991,48000,5,scaffold,750.0,0.472866952419281,8141600.0,6.185595283999874
label_skew_seed42_clients5_alpha0p1_min1_angle0_scaffold_muNA,scaffold,42,,label_skew,0.1,5,1,0.0,2,1,,0.8241827487945557,48000,5,scaffold,750.0,0.5494551658630371,8141600.0,6.1859535809999215
label_skew_seed42_clients5_alpha0p1_min1_angle0_scaffold_muNA,scaffold,42,,label_skew,0.1,5,1,0.0,3,1,,0.7200350761413574,48000,5,scaffold,750.0,0.4800234138965606,8141600.0,6.239235306999944
label_skew_seed42_clients5_alpha0p1_min1_angle0_scaffold_muNA,scaffold,42,,label_skew,0.1,5,1,0.0,4,1,,0.5614280700683594,48000,5,scaffold,750.0,0.3742853701114654,8141600.0,6.287649133000059
label_skew_seed42_clients5_alpha0p1_min1_angle0_scaffold_muNA,scaffold,42,,label_skew,0.1,5,1,0.0,5,1,,0.4342650771141052,48000,5,scaffold,750.0,0.289510041475296,8141600.0,6.315600809999978
label_skew_seed42_clients5_alpha0p1_min1_angle0_scaffold_muNA,scaffold,42,,label_skew,0.1,5,1,0.0,6,1,,0.3489032983779907,48000,5,scaffold,750.0,0.2326022088527679,8141600.0,6.338380888999836
label_skew_seed42_clients5_alpha0p1_min1_angle0_scaffold_muNA,scaffold,42,,label_skew,0.1,5,1,0.0,7,1,,0.2903519868850708,48000,5,scaffold,750.0,0.1935679912567138,8141600.0,6.212688924999839
label_skew_seed42_clients5_alpha0p1_min1_angle0_scaffold_muNA,scaffold,42,,label_skew,0.1,5,1,0.0,8,1,,0.2492885291576385,48000,5,scaffold,750.0,0.166192352771759,8141600.0,6.22397550300002
label_skew_seed42_clients5_alpha0p1_min1_angle0_scaffold_muNA,scaffold,42,,label_skew,0.1,5,1,0.0,9,1,,0.2186735868453979,48000,5,scaffold,750.0,0.145782396197319,8141600.0,6.250977196999884
label_skew_seed42_clients5_alpha0p1_min1_angle0_scaffold_muNA,scaffold,42,,label_skew,0.1,5,1,0.0,10,1,,0.19560107588768,48000,5,scaffold,750.0,0.1304007172584533,8141600.0,6.1702394839999215
label_skew_seed42_clients5_alpha0p1_min1_angle0_scaffold_muNA,scaffold,42,,label_skew,0.1,5,1,0.0,11,1,,0.1762424558401107,48000,5,scaffold,750.0,0.1174949705600738,8141600.0,6.232928254999933
label_skew_seed42_clients5_alpha0p1_min1_angle0_scaffold_muNA,scaffold,42,,label_skew,0.1,5,1,0.0,12,1,,0.1609745323657989,48000,5,scaffold,750.0,0.1073163524270057,8141600.0,6.23290649799992
label_skew_seed42_clients5_alpha0p1_min1_angle0_scaffold_muNA,scaffold,42,,label_skew,0.1,5,1,0.0,13,1,,0.1484319269657135,48000,5,scaffold,750.0,0.0989546179771423,8141600.0,6.144776019000346
label_skew_seed42_clients5_alpha0p1_min1_angle0_scaffold_muNA,scaffold,42,,label_skew,0.1,5,1,0.0,14,1,,0.1373011469841003,48000,5,scaffold,750.0,0.0915340930223465,8141600.0,6.181323968000015
label_skew_seed42_clients5_alpha0p1_min1_angle0_scaffold_muNA,scaffold,42,,label_skew,0.1,5,1,0.0,15,1,,0.1282346099615097,48000,5,scaffold,750.0,0.0854897499084472,8141600.0,6.311386560999836
label_skew_seed42_clients5_alpha0p1_min1_angle0_scaffold_muNA,scaffold,42,,label_skew,0.1,5,1,0.0,16,1,,0.1201057508587837,48000,5,scaffold,750.0,0.0800705030560493,8141600.0,6.231021829999918
label_skew_seed42_clients5_alpha0p1_min1_angle0_scaffold_muNA,scaffold,42,,label_skew,0.1,5,1,0.0,17,1,,0.1130465269088745,48000,5,scaffold,750.0,0.0753643438220024,8141600.0,6.198090382999908
label_skew_seed42_clients5_alpha0p1_min1_angle0_scaffold_muNA,scaffold,42,,label_skew,0.1,5,1,0.0,18,1,,0.1070436984300613,48000,5,scaffold,750.0,0.0713624730706214,8141600.0,6.271175100000164
label_skew_seed42_clients5_alpha0p1_min1_angle0_scaffold_muNA,scaffold,42,,label_skew,0.1,5,1,0.0,19,1,,0.1018557250499725,48000,5,scaffold,750.0,0.0679038166999816,8141600.0,6.364469314999951
label_skew_seed42_clients5_alpha0p1_min1_angle0_scaffold_muNA,scaffold,42,,label_skew,0.1,5,1,0.0,20,1,,0.097020223736763,48000,5,scaffold,750.0,0.0646801441907882,8141600.0,6.181936594000035
label_skew_seed42_clients5_alpha0p5_min1_angle0_fedavg_mu0,fedavg,42,0.0,label_skew,0.5,5,1,0.0,1,1,6.786648273468018,0.7302982807159424,48000,5,,,,,
label_skew_seed42_clients5_alpha0p5_min1_angle0_fedavg_mu0,fedavg,42,0.0,label_skew,0.5,5,1,0.0,2,1,6.873784065246582,0.8061230778694153,48000,5,,,,,
label_skew_seed42_clients5_alpha0p5_min1_angle0_fedavg_mu0,fedavg,42,0.0,label_skew,0.5,5,1,0.0,3,1,7.076974391937256,0.6869126558303833,48000,5,,,,,
label_skew_seed42_clients5_alpha0p5_min1_angle0_fedavg_mu0,fedavg,42,0.0,label_skew,0.5,5,1,0.0,4,1,7.324053287506103,0.5289991497993469,48000,5,,,,,
label_skew_seed42_clients5_alpha0p5_min1_angle0_fedavg_mu0,fedavg,42,0.0,label_skew,0.5,5,1,0.0,5,1,7.551774024963379,0.4102565944194793,48000,5,,,,,
label_skew_seed42_clients5_alpha0p5_min1_angle0_fedavg_mu0,fedavg,42,0.0,label_skew,0.5,5,1,0.0,6,1,7.746315002441406,0.3300100862979889,48000,5,,,,,
label_skew_seed42_clients5_alpha0p5_min1_angle0_fedavg_mu0,fedavg,42,0.0,label_skew,0.5,5,1,0.0,7,1,7.911427974700928,0.2750627696514129,48000,5,,,,,
label_skew_seed42_clients5_alpha0p5_min1_angle0_fedavg_mu0,fedavg,42,0.0,label_skew,0.5,5,1,0.0,8,1,8.053325653076172,0.2355014383792877,48000,5,,,,,
label_skew_seed42_clients5_alpha0p5_min1_angle0_fedavg_mu0,fedavg,42,0.0,label_skew,0.5,5,1,0.0,9,1,8.17712116241455,0.2059199213981628,48000,5,,,,,
label_skew_seed42_clients5_alpha0p5_min1_angle0_fedavg_mu0,fedavg,42,0.0,label_skew,0.5,5,1,0.0,10,1,8.286277770996094,0.1834278106689453,48000,5,,,,,
label_skew_seed42_clients5_alpha0p5_min1_angle0_fedavg_mu0,fedavg,42,0.0,label_skew,0.5,5,1,0.0,11,1,8.384282112121582,0.164905160665512,48000,5,,,,,
label_skew_seed42_clients5_alpha0p5_min1_angle0_fedavg_mu0,fedavg,42,0.0,label_skew,0.5,5,1,0.0,12,1,8.472634315490723,0.150357037782669,48000,5,,,,,
label_skew_seed42_clients5_alpha0p5_min1_angle0_fedavg_mu0,fedavg,42,0.0,label_skew,0.5,5,1,0.0,13,1,8.553081512451172,0.1379950642585754,48000,5,,,,,
label_skew_seed42_clients5_alpha0p5_min1_angle0_fedavg_mu0,fedavg,42,0.0,label_skew,0.5,5,1,0.0,14,1,8.626937866210938,0.1277155727148056,48000,5,,,,,
label_skew_seed42_clients5_alpha0p5_min1_angle0_fedavg_mu0,fedavg,42,0.0,label_skew,0.5,5,1,0.0,15,1,8.694886207580566,0.1186598315834999,48000,5,,,,,
label_skew_seed42_clients5_alpha0p5_min1_angle0_fedavg_mu0,fedavg,42,0.0,label_skew,0.5,5,1,0.0,16,1,8.758167266845703,0.1111187189817428,48000,5,,,,,
label_skew_seed42_clients5_alpha0p5_min1_angle0_fedavg_mu0,fedavg,42,0.0,label_skew,0.5,5,1,0.0,17,1,8.817155838012695,0.1047870069742202,48000,5,,,,,
label_skew_seed42_clients5_alpha0p5_min1_angle0_fedavg_mu0,fedavg,42,0.0,label_skew,0.5,5,1,0.0,18,1,8.872588157653809,0.0984069183468818,48000,5,,,,,
label_skew_seed42_clients5_alpha0p5_min1_angle0_fedavg_mu0,fedavg,42,0.0,label_skew,0.5,5,1,0.0,19,1,8.924663543701172,0.0939848721027374,48000,5,,,,,
label_skew_seed42_clients5_alpha0p5_min1_angle0_fedavg_mu0,fedavg,42,0.0,label_skew,0.5,5,1,0.0,20,1,8.97377872467041,0.0902247875928878,48000,5,,,,,
label_skew_seed42_clients5_alpha0p5_min1_angle0_fedprox_mu0p01,fedprox,42,0.01,label_skew,0.5,5,1,0.0,1,1,6.786648273468018,0.7256267666816711,48000,5,,,,,
label_skew_seed42_clients5_alpha0p5_min1_angle0_fedprox_mu0p01,fedprox,42,0.01,label_skew,0.5,5,1,0.0,2,1,6.872969150543213,0.801207423210144,48000,5,,,,,
label_skew_seed42_clients5_alpha0p5_min1_angle0_fedprox_mu0p01,fedprox,42,0.01,label_skew,0.5,5,1,0.0,3,1,7.074073314666748,0.6843509674072266,48000,5,,,,,
label_skew_seed42_clients5_alpha0p5_min1_angle0_fedprox_mu0p01,fedprox,42,0.01,label_skew,0.5,5,1,0.0,4,1,7.31930685043335,0.5282166004180908,48000,5,,,,,
label_skew_seed42_clients5_alpha0p5_min1_angle0_fedprox_mu0p01,fedprox,42,0.01,label_skew,0.5,5,1,0.0,5,1,7.546020030975342,0.410136729478836,48000,5,,,,,
label_skew_seed42_clients5_alpha0p5_min1_angle0_fedprox_mu0p01,fedprox,42,0.01,label_skew,0.5,5,1,0.0,6,1,7.740083694458008,0.3300304114818573,48000,5,,,,,
label_skew_seed42_clients5_alpha0p5_min1_angle0_fedprox_mu0p01,fedprox,42,0.01,label_skew,0.5,5,1,0.0,7,1,7.904957294464111,0.2751131057739258,48000,5,,,,,
label_skew_seed42_clients5_alpha0p5_min1_angle0_fedprox_mu0p01,fedprox,42,0.01,label_skew,0.5,5,1,0.0,8,1,8.046735763549805,0.2355336546897888,48000,5,,,,,
label_skew_seed42_clients5_alpha0p5_min1_angle0_fedprox_mu0p01,fedprox,42,0.01,label_skew,0.5,5,1,0.0,9,1,8.170469284057617,0.2059411406517028,48000,5,,,,,
label_skew_seed42_clients5_alpha0p5_min1_angle0_fedprox_mu0p01,fedprox,42,0.01,label_skew,0.5,5,1,0.0,10,1,8.2795991897583,0.1834415197372436,48000,5,,,,,
label_skew_seed42_clients5_alpha0p5_min1_angle0_fedprox_mu0p01,fedprox,42,0.01,label_skew,0.5,5,1,0.0,11,1,8.377601623535156,0.1649153530597686,48000,5,,,,,
label_skew_seed42_clients5_alpha0p5_min1_angle0_fedprox_mu0p01,fedprox,42,0.01,label_skew,0.5,5,1,0.0,12,1,8.465953826904297,0.1503514647483825,48000,5,,,,,
label_skew_seed42_clients5_alpha0p5_min1_angle0_fedprox_mu0p01,fedprox,42,0.01,label_skew,0.5,5,1,0.0,13,1,8.546405792236328,0.137982577085495,48000,5,,,,,
label_skew_seed42_clients5_alpha0p5_min1_angle0_fedprox_mu0p01,fedprox,42,0.01,label_skew,0.5,5,1,0.0,14,1,8.620269775390625,0.1277132034301757,48000,5,,,,,
label_skew_seed42_clients5_alpha0p5_min1_angle0_fedprox_mu0p01,fedprox,42,0.01,label_skew,0.5,5,1,0.0,15,1,8.688240051269531,0.1186363324522972,48000,5,,,,,
label_skew_seed42_clients5_alpha0p5_min1_angle0_fedprox_mu0p01,fedprox,42,0.01,label_skew,0.5,5,1,0.0,16,1,8.751534461975098,0.1110795587301254,48000,5,,,,,
label_skew_seed42_clients5_alpha0p5_min1_angle0_fedprox_mu0p01,fedprox,42,0.01,label_skew,0.5,5,1,0.0,17,1,8.810535430908203,0.1047450229525566,48000,5,,,,,
label_skew_seed42_clients5_alpha0p5_min1_angle0_fedprox_mu0p01,fedprox,42,0.01,label_skew,0.5,5,1,0.0,18,1,8.865986824035645,0.0983560979366302,48000,5,,,,,
label_skew_seed42_clients5_alpha0p5_min1_angle0_fedprox_mu0p01,fedprox,42,0.01,label_skew,0.5,5,1,0.0,19,1,8.918078422546387,0.0939341858029365,48000,5,,,,,
label_skew_seed42_clients5_alpha0p5_min1_angle0_fedprox_mu0p01,fedprox,42,0.01,label_skew,0.5,5,1,0.0,20,1,8.967201232910156,0.0901711657643318,48000,5,,,,,
label_skew_seed42_clients5_alpha0p5_min1_angle0_scaffold_muNA,scaffold,42,,label_skew,0.5,5,1,0.0,1,1,,0.7302982807159424,48000,5,scaffold,750.0,0.4868655204772949,8141600.0,6.240635678999979
label_skew_seed42_clients5_alpha0p5_min1_angle0_scaffold_muNA,scaffold,42,,label_skew,0.5,5,1,0.0,2,1,,0.8780778050422668,48000,5,scaffold,750.0,0.5853852033615112,8141600.0,6.235683965000135
label_skew_seed42_clients5_alpha0p5_min1_angle0_scaffold_muNA,scaffold,42,,label_skew,0.5,5,1,0.0,3,1,,0.7452757954597473,48000,5,scaffold,750.0,0.4968505203723907,8141600.0,6.221341710000161
label_skew_seed42_clients5_alpha0p5_min1_angle0_scaffold_muNA,scaffold,42,,label_skew,0.5,5,1,0.0,4,1,,0.5605675578117371,48000,5,scaffold,750.0,0.3737117350101471,8141600.0,6.267629521999879
label_skew_seed42_clients5_alpha0p5_min1_angle0_scaffold_muNA,scaffold,42,,label_skew,0.5,5,1,0.0,5,1,,0.4275307059288025,48000,5,scaffold,750.0,0.2850204706192016,8141600.0,6.365727271000196
label_skew_seed42_clients5_alpha0p5_min1_angle0_scaffold_muNA,scaffold,42,,label_skew,0.5,5,1,0.0,6,1,,0.3420009911060333,48000,5,scaffold,750.0,0.228000670671463,8141600.0,6.3250445090000085
label_skew_seed42_clients5_alpha0p5_min1_angle0_scaffold_muNA,scaffold,42,,label_skew,0.5,5,1,0.0,7,1,,0.2850059866905212,48000,5,scaffold,750.0,0.1900040060281753,8141600.0,6.261508012999911
label_skew_seed42_clients5_alpha0p5_min1_angle0_scaffold_muNA,scaffold,42,,label_skew,0.5,5,1,0.0,8,1,,0.244525596499443,48000,5,scaffold,750.0,0.163017064332962,8141600.0,6.290455852999912
label_skew_seed42_clients5_alpha0p5_min1_angle0_scaffold_muNA,scaffold,42,,label_skew,0.5,5,1,0.0,9,1,,0.2142112553119659,48000,5,scaffold,750.0,0.1428075134754181,8141600.0,6.315514507999978
label_skew_seed42_clients5_alpha0p5_min1_angle0_scaffold_muNA,scaffold,42,,label_skew,0.5,5,1,0.0,10,1,,0.1907549500465393,48000,5,scaffold,750.0,0.1271699666976928,8141600.0,6.300549098000147
label_skew_seed42_clients5_alpha0p5_min1_angle0_scaffold_muNA,scaffold,42,,label_skew,0.5,5,1,0.0,11,1,,0.17177814245224,48000,5,scaffold,750.0,0.1145187616348266,8141600.0,6.398465490000035
label_skew_seed42_clients5_alpha0p5_min1_angle0_scaffold_muNA,scaffold,42,,label_skew,0.5,5,1,0.0,12,1,,0.1565279066562652,48000,5,scaffold,750.0,0.1043519377708435,8141600.0,6.284309004999841
label_skew_seed42_clients5_alpha0p5_min1_angle0_scaffold_muNA,scaffold,42,,label_skew,0.5,5,1,0.0,13,1,,0.1439293324947357,48000,5,scaffold,750.0,0.09595288336277,8141600.0,6.307846659999996
label_skew_seed42_clients5_alpha0p5_min1_angle0_scaffold_muNA,scaffold,42,,label_skew,0.5,5,1,0.0,14,1,,0.1338390558958053,48000,5,scaffold,750.0,0.0892260372638702,8141600.0,6.344566058000055
label_skew_seed42_clients5_alpha0p5_min1_angle0_scaffold_muNA,scaffold,42,,label_skew,0.5,5,1,0.0,15,1,,0.1240188181400299,48000,5,scaffold,750.0,0.0826792195439338,8141600.0,6.280044261999819
label_skew_seed42_clients5_alpha0p5_min1_angle0_scaffold_muNA,scaffold,42,,label_skew,0.5,5,1,0.0,16,1,,0.1164093017578125,48000,5,scaffold,750.0,0.077606201171875,8141600.0,6.326561686000105
label_skew_seed42_clients5_alpha0p5_min1_angle0_scaffold_muNA,scaffold,42,,label_skew,0.5,5,1,0.0,17,1,,0.1100066304206848,48000,5,scaffold,750.0,0.0733377560973167,8141600.0,6.32616764799991
label_skew_seed42_clients5_alpha0p5_min1_angle0_scaffold_muNA,scaffold,42,,label_skew,0.5,5,1,0.0,18,1,,0.1037800833582878,48000,5,scaffold,750.0,0.0691867247223854,8141600.0,6.327217297000061
label_skew_seed42_clients5_alpha0p5_min1_angle0_scaffold_muNA,scaffold,42,,label_skew,0.5,5,1,0.0,19,1,,0.0989925861358642,48000,5,scaffold,750.0,0.0659950599074363,8141600.0,6.408592429000009
label_skew_seed42_clients5_alpha0p5_min1_angle0_scaffold_muNA,scaffold,42,,label_skew,0.5,5,1,0.0,20,1,,0.0953005477786064,48000,5,scaffold,750.0,0.0635337010025978,8141600.0,6.322794336000015
label_skew_seed43_clients5_alpha0p1_min1_angle0_fedavg_mu0,fedavg,43,0.0,label_skew,0.1,5,1,0.0,1,1,6.809994220733643,0.7818068861961365,48000,5,,,,,
label_skew_seed43_clients5_alpha0p1_min1_angle0_fedavg_mu0,fedavg,43,0.0,label_skew,0.1,5,1,0.0,2,1,6.918189525604248,0.6968879103660583,48000,5,,,,,
label_skew_seed43_clients5_alpha0p1_min1_angle0_fedavg_mu0,fedavg,43,0.0,label_skew,0.1,5,1,0.0,3,1,7.096048831939697,0.5606592893600464,48000,5,,,,,
label_skew_seed43_clients5_alpha0p1_min1_angle0_fedavg_mu0,fedavg,43,0.0,label_skew,0.1,5,1,0.0,4,1,7.286319732666016,0.4391161799430847,48000,5,,,,,
label_skew_seed43_clients5_alpha0p1_min1_angle0_fedavg_mu0,fedavg,43,0.0,label_skew,0.1,5,1,0.0,5,1,7.461454391479492,0.3476473689079284,48000,5,,,,,
label_skew_seed43_clients5_alpha0p1_min1_angle0_fedavg_mu0,fedavg,43,0.0,label_skew,0.1,5,1,0.0,6,1,7.614165306091309,0.2839397192001343,48000,5,,,,,
label_skew_seed43_clients5_alpha0p1_min1_angle0_fedavg_mu0,fedavg,43,0.0,label_skew,0.1,5,1,0.0,7,1,7.746991157531738,0.239138126373291,48000,5,,,,,
label_skew_seed43_clients5_alpha0p1_min1_angle0_fedavg_mu0,fedavg,43,0.0,label_skew,0.1,5,1,0.0,8,1,7.8632121086120605,0.2055693715810775,48000,5,,,,,
label_skew_seed43_clients5_alpha0p1_min1_angle0_fedavg_mu0,fedavg,43,0.0,label_skew,0.1,5,1,0.0,9,1,7.966652393341064,0.1804868280887603,48000,5,,,,,
label_skew_seed43_clients5_alpha0p1_min1_angle0_fedavg_mu0,fedavg,43,0.0,label_skew,0.1,5,1,0.0,10,1,8.059412956237793,0.1611021608114242,48000,5,,,,,
label_skew_seed43_clients5_alpha0p1_min1_angle0_fedavg_mu0,fedavg,43,0.0,label_skew,0.1,5,1,0.0,11,1,8.14314079284668,0.1452769488096237,48000,5,,,,,
label_skew_seed43_clients5_alpha0p1_min1_angle0_fedavg_mu0,fedavg,43,0.0,label_skew,0.1,5,1,0.0,12,1,8.219569206237793,0.1331419348716735,48000,5,,,,,
label_skew_seed43_clients5_alpha0p1_min1_angle0_fedavg_mu0,fedavg,43,0.0,label_skew,0.1,5,1,0.0,13,1,8.289899826049805,0.1227248013019561,48000,5,,,,,
label_skew_seed43_clients5_alpha0p1_min1_angle0_fedavg_mu0,fedavg,43,0.0,label_skew,0.1,5,1,0.0,14,1,8.35502815246582,0.1140669360756874,48000,5,,,,,
label_skew_seed43_clients5_alpha0p1_min1_angle0_fedavg_mu0,fedavg,43,0.0,label_skew,0.1,5,1,0.0,15,1,8.416017532348633,0.1065850406885147,48000,5,,,,,
label_skew_seed43_clients5_alpha0p1_min1_angle0_fedavg_mu0,fedavg,43,0.0,label_skew,0.1,5,1,0.0,16,1,8.472868919372559,0.1000071540474891,48000,5,,,,,
label_skew_seed43_clients5_alpha0p1_min1_angle0_fedavg_mu0,fedavg,43,0.0,label_skew,0.1,5,1,0.0,17,1,8.52651309967041,0.0942955166101455,48000,5,,,,,
label_skew_seed43_clients5_alpha0p1_min1_angle0_fedavg_mu0,fedavg,43,0.0,label_skew,0.1,5,1,0.0,18,1,8.57695484161377,0.0889609456062316,48000,5,,,,,
label_skew_seed43_clients5_alpha0p1_min1_angle0_fedavg_mu0,fedavg,43,0.0,label_skew,0.1,5,1,0.0,19,1,8.624471664428711,0.0844888091087341,48000,5,,,,,
label_skew_seed43_clients5_alpha0p1_min1_angle0_fedavg_mu0,fedavg,43,0.0,label_skew,0.1,5,1,0.0,20,1,8.669822692871094,0.080514408648014,48000,5,,,,,
label_skew_seed43_clients5_alpha0p1_min1_angle0_fedprox_mu0p01,fedprox,43,0.01,label_skew,0.1,5,1,0.0,1,1,6.809994220733643,0.7774587869644165,48000,5,,,,,
label_skew_seed43_clients5_alpha0p1_min1_angle0_fedprox_mu0p01,fedprox,43,0.01,label_skew,0.1,5,1,0.0,2,1,6.917356014251709,0.6935609579086304,48000,5,,,,,
label_skew_seed43_clients5_alpha0p1_min1_angle0_fedprox_mu0p01,fedprox,43,0.01,label_skew,0.1,5,1,0.0,3,1,7.093832969665527,0.5588127970695496,48000,5,,,,,
label_skew_seed43_clients5_alpha0p1_min1_angle0_fedprox_mu0p01,fedprox,43,0.01,label_skew,0.1,5,1,0.0,4,1,7.282940864562988,0.4383534789085388,48000,5,,,,,
label_skew_seed43_clients5_alpha0p1_min1_angle0_fedprox_mu0p01,fedprox,43,0.01,label_skew,0.1,5,1,0.0,5,1,7.457345962524414,0.3473848402500152,48000,5,,,,,
label_skew_seed43_clients5_alpha0p1_min1_angle0_fedprox_mu0p01,fedprox,43,0.01,label_skew,0.1,5,1,0.0,6,1,7.60963773727417,0.2838548719882965,48000,5,,,,,
label_skew_seed43_clients5_alpha0p1_min1_angle0_fedprox_mu0p01,fedprox,43,0.01,label_skew,0.1,5,1,0.0,7,1,7.742205619812012,0.2391143590211868,48000,5,,,,,
label_skew_seed43_clients5_alpha0p1_min1_angle0_fedprox_mu0p01,fedprox,43,0.01,label_skew,0.1,5,1,0.0,8,1,7.858264446258545,0.2055522352457046,48000,5,,,,,
label_skew_seed43_clients5_alpha0p1_min1_angle0_fedprox_mu0p01,fedprox,43,0.01,label_skew,0.1,5,1,0.0,9,1,7.961592197418213,0.1804668009281158,48000,5,,,,,
label_skew_seed43_clients5_alpha0p1_min1_angle0_fedprox_mu0p01,fedprox,43,0.01,label_skew,0.1,5,1,0.0,10,1,8.054275512695312,0.1610788106918335,48000,5,,,,,
label_skew_seed43_clients5_alpha0p1_min1_angle0_fedprox_mu0p01,fedprox,43,0.01,label_skew,0.1,5,1,0.0,11,1,8.137946128845215,0.1452438235282898,48000,5,,,,,
label_skew_seed43_clients5_alpha0p1_min1_angle0_fedprox_mu0p01,fedprox,43,0.01,label_skew,0.1,5,1,0.0,12,1,8.21432876586914,0.1330989003181457,48000,5,,,,,
label_skew_seed43_clients5_alpha0p1_min1_angle0_fedprox_mu0p01,fedprox,43,0.01,label_skew,0.1,5,1,0.0,13,1,8.284619331359863,0.1226690039038658,48000,5,,,,,
label_skew_seed43_clients5_alpha0p1_min1_angle0_fedprox_mu0p01,fedprox,43,0.01,label_skew,0.1,5,1,0.0,14,1,8.349710464477539,0.1140153855085372,48000,5,,,,,
label_skew_seed43_clients5_alpha0p1_min1_angle0_fedprox_mu0p01,fedprox,43,0.01,label_skew,0.1,5,1,0.0,15,1,8.410667419433594,0.1065310537815094,48000,5,,,,,
label_skew_seed43_clients5_alpha0p1_min1_angle0_fedprox_mu0p01,fedprox,43,0.01,label_skew,0.1,5,1,0.0,16,1,8.467494010925293,0.0999569594860076,48000,5,,,,,
label_skew_seed43_clients5_alpha0p1_min1_angle0_fedprox_mu0p01,fedprox,43,0.01,label_skew,0.1,5,1,0.0,17,1,8.52112102508545,0.0942341983318328,48000,5,,,,,
label_skew_seed43_clients5_alpha0p1_min1_angle0_fedprox_mu0p01,fedprox,43,0.01,label_skew,0.1,5,1,0.0,18,1,8.571538925170898,0.0889060944318771,48000,5,,,,,
label_skew_seed43_clients5_alpha0p1_min1_angle0_fedprox_mu0p01,fedprox,43,0.01,label_skew,0.1,5,1,0.0,19,1,8.619034767150879,0.0844330713152885,48000,5,,,,,
label_skew_seed43_clients5_alpha0p1_min1_angle0_fedprox_mu0p01,fedprox,43,0.01,label_skew,0.1,5,1,0.0,20,1,8.6643648147583,0.0804556384682655,48000,5,,,,,
label_skew_seed43_clients5_alpha0p1_min1_angle0_scaffold_muNA,scaffold,43,,label_skew,0.1,5,1,0.0,1,1,,0.7818068861961365,48000,5,scaffold,750.0,0.5212045907974243,8141600.0,6.4113587580004605
label_skew_seed43_clients5_alpha0p1_min1_angle0_scaffold_muNA,scaffold,43,,label_skew,0.1,5,1,0.0,2,1,,0.839877188205719,48000,5,scaffold,750.0,0.5599181652069092,8141600.0,6.364628519999314
label_skew_seed43_clients5_alpha0p1_min1_angle0_scaffold_muNA,scaffold,43,,label_skew,0.1,5,1,0.0,3,1,,0.704842209815979,48000,5,scaffold,750.0,0.4698947966098785,8141600.0,6.316867621999336
label_skew_seed43_clients5_alpha0p1_min1_angle0_scaffold_muNA,scaffold,43,,label_skew,0.1,5,1,0.0,4,1,,0.5349330902099609,48000,5,scaffold,750.0,0.3566220700740814,8141600.0,6.355092180000611
label_skew_seed43_clients5_alpha0p1_min1_angle0_scaffold_muNA,scaffold,43,,label_skew,0.1,5,1,0.0,5,1,,0.4104079008102417,48000,5,scaffold,750.0,0.2736052572727203,8141600.0,6.373905125999954
label_skew_seed43_clients5_alpha0p1_min1_angle0_scaffold_muNA,scaffold,43,,label_skew,0.1,5,1,0.0,6,1,,0.3305121958255768,48000,5,scaffold,750.0,0.2203414738178253,8141600.0,6.353823887000544
label_skew_seed43_clients5_alpha0p1_min1_angle0_scaffold_muNA,scaffold,43,,label_skew,0.1,5,1,0.0,7,1,,0.2776454985141754,48000,5,scaffold,750.0,0.1850969791412353,8141600.0,6.348996024000371
label_skew_seed43_clients5_alpha0p1_min1_angle0_scaffold_muNA,scaffold,43,,label_skew,0.1,5,1,0.0,8,1,,0.2402060180902481,48000,5,scaffold,750.0,0.1601373553276062,8141600.0,6.4423756249998405
label_skew_seed43_clients5_alpha0p1_min1_angle0_scaffold_muNA,scaffold,43,,label_skew,0.1,5,1,0.0,9,1,,0.2122471034526825,48000,5,scaffold,750.0,0.1414980739355087,8141600.0,6.332287305999671
label_skew_seed43_clients5_alpha0p1_min1_angle0_scaffold_muNA,scaffold,43,,label_skew,0.1,5,1,0.0,10,1,,0.1904562264680862,48000,5,scaffold,750.0,0.1269708126783371,8141600.0,6.371590646999721
label_skew_seed43_clients5_alpha0p1_min1_angle0_scaffold_muNA,scaffold,43,,label_skew,0.1,5,1,0.0,11,1,,0.1726671457290649,48000,5,scaffold,750.0,0.1151114404201507,8141600.0,6.355723964999925
label_skew_seed43_clients5_alpha0p1_min1_angle0_scaffold_muNA,scaffold,43,,label_skew,0.1,5,1,0.0,12,1,,0.158318281173706,48000,5,scaffold,750.0,0.1055455207824707,8141600.0,6.468008220000229
label_skew_seed43_clients5_alpha0p1_min1_angle0_scaffold_muNA,scaffold,43,,label_skew,0.1,5,1,0.0,13,1,,0.1462536007165908,48000,5,scaffold,750.0,0.0975024029612541,8141600.0,6.3655558499995095
label_skew_seed43_clients5_alpha0p1_min1_angle0_scaffold_muNA,scaffold,43,,label_skew,0.1,5,1,0.0,14,1,,0.1364866644144058,48000,5,scaffold,750.0,0.0909911021590232,8141600.0,6.431398732999696
label_skew_seed43_clients5_alpha0p1_min1_angle0_scaffold_muNA,scaffold,43,,label_skew,0.1,5,1,0.0,15,1,,0.1278284788131714,48000,5,scaffold,750.0,0.0852189883589744,8141600.0,6.335457981000218
label_skew_seed43_clients5_alpha0p1_min1_angle0_scaffold_muNA,scaffold,43,,label_skew,0.1,5,1,0.0,16,1,,0.1205157190561294,48000,5,scaffold,750.0,0.0803438127040863,8141600.0,6.176114507999955
label_skew_seed43_clients5_alpha0p1_min1_angle0_scaffold_muNA,scaffold,43,,label_skew,0.1,5,1,0.0,17,1,,0.1135913729667663,48000,5,scaffold,750.0,0.0757275819778442,8141600.0,6.342851383999914
label_skew_seed43_clients5_alpha0p1_min1_angle0_scaffold_muNA,scaffold,43,,label_skew,0.1,5,1,0.0,18,1,,0.1072647124528884,48000,5,scaffold,750.0,0.0715098083019256,8141600.0,6.341075502000422
label_skew_seed43_clients5_alpha0p1_min1_angle0_scaffold_muNA,scaffold,43,,label_skew,0.1,5,1,0.0,19,1,,0.1019583642482757,48000,5,scaffold,750.0,0.0679722428321838,8141600.0,6.344734168999821
label_skew_seed43_clients5_alpha0p1_min1_angle0_scaffold_muNA,scaffold,43,,label_skew,0.1,5,1,0.0,20,1,,0.097782164812088,48000,5,scaffold,750.0,0.0651881098747253,8141600.0,6.30101628400007
label_skew_seed43_clients5_alpha0p5_min1_angle0_fedavg_mu0,fedavg,43,0.0,label_skew,0.5,5,1,0.0,1,1,6.809994220733643,0.729183554649353,48000,5,,,,,
label_skew_seed43_clients5_alpha0p5_min1_angle0_fedavg_mu0,fedavg,43,0.0,label_skew,0.5,5,1,0.0,2,1,6.902668476104736,0.7404119968414307,48000,5,,,,,
label_skew_seed43_clients5_alpha0p5_min1_angle0_fedavg_mu0,fedavg,43,0.0,label_skew,0.5,5,1,0.0,3,1,7.087456703186035,0.632830023765564,48000,5,,,,,
label_skew_seed43_clients5_alpha0p5_min1_angle0_fedavg_mu0,fedavg,43,0.0,label_skew,0.5,5,1,0.0,4,1,7.306674003601074,0.5010728240013123,48000,5,,,,,
label_skew_seed43_clients5_alpha0p5_min1_angle0_fedavg_mu0,fedavg,43,0.0,label_skew,0.5,5,1,0.0,5,1,7.51465368270874,0.3964470624923706,48000,5,,,,,
label_skew_seed43_clients5_alpha0p5_min1_angle0_fedavg_mu0,fedavg,43,0.0,label_skew,0.5,5,1,0.0,6,1,7.697497367858887,0.3205601871013641,48000,5,,,,,
label_skew_seed43_clients5_alpha0p5_min1_angle0_fedavg_mu0,fedavg,43,0.0,label_skew,0.5,5,1,0.0,7,1,7.854930877685547,0.2672173380851745,48000,5,,,,,
label_skew_seed43_clients5_alpha0p5_min1_angle0_fedavg_mu0,fedavg,43,0.0,label_skew,0.5,5,1,0.0,8,1,7.9915771484375,0.2288251221179962,48000,5,,,,,
label_skew_seed43_clients5_alpha0p5_min1_angle0_fedavg_mu0,fedavg,43,0.0,label_skew,0.5,5,1,0.0,9,1,8.111242294311523,0.1999167203903198,48000,5,,,,,
label_skew_seed43_clients5_alpha0p5_min1_angle0_fedavg_mu0,fedavg,43,0.0,label_skew,0.5,5,1,0.0,10,1,8.21701717376709,0.1773805320262909,48000,5,,,,,
label_skew_seed43_clients5_alpha0p5_min1_angle0_fedavg_mu0,fedavg,43,0.0,label_skew,0.5,5,1,0.0,11,1,8.312023162841797,0.160002052783966,48000,5,,,,,
label_skew_seed43_clients5_alpha0p5_min1_angle0_fedavg_mu0,fedavg,43,0.0,label_skew,0.5,5,1,0.0,12,1,8.398200035095215,0.1451617926359176,48000,5,,,,,
label_skew_seed43_clients5_alpha0p5_min1_angle0_fedavg_mu0,fedavg,43,0.0,label_skew,0.5,5,1,0.0,13,1,8.476595878601074,0.1339071542024612,48000,5,,,,,
label_skew_seed43_clients5_alpha0p5_min1_angle0_fedavg_mu0,fedavg,43,0.0,label_skew,0.5,5,1,0.0,14,1,8.549087524414062,0.1240130290389061,48000,5,,,,,
label_skew_seed43_clients5_alpha0p5_min1_angle0_fedavg_mu0,fedavg,43,0.0,label_skew,0.5,5,1,0.0,15,1,8.615873336791992,0.1160027608275413,48000,5,,,,,
label_skew_seed43_clients5_alpha0p5_min1_angle0_fedavg_mu0,fedavg,43,0.0,label_skew,0.5,5,1,0.0,16,1,8.678143501281738,0.1079184710979461,48000,5,,,,,
label_skew_seed43_clients5_alpha0p5_min1_angle0_fedavg_mu0,fedavg,43,0.0,label_skew,0.5,5,1,0.0,17,1,8.73626708984375,0.102033756673336,48000,5,,,,,
label_skew_seed43_clients5_alpha0p5_min1_angle0_fedavg_mu0,fedavg,43,0.0,label_skew,0.5,5,1,0.0,18,1,8.790849685668945,0.0966054052114486,48000,5,,,,,
label_skew_seed43_clients5_alpha0p5_min1_angle0_fedavg_mu0,fedavg,43,0.0,label_skew,0.5,5,1,0.0,19,1,8.842336654663086,0.0914174392819404,48000,5,,,,,
label_skew_seed43_clients5_alpha0p5_min1_angle0_fedavg_mu0,fedavg,43,0.0,label_skew,0.5,5,1,0.0,20,1,8.890885353088379,0.0869813710451126,48000,5,,,,,
label_skew_seed43_clients5_alpha0p5_min1_angle0_fedprox_mu0p01,fedprox,43,0.01,label_skew,0.5,5,1,0.0,1,1,6.809994220733643,0.724926769733429,48000,5,,,,,
label_skew_seed43_clients5_alpha0p5_min1_angle0_fedprox_mu0p01,fedprox,43,0.01,label_skew,0.5,5,1,0.0,2,1,6.901906490325928,0.7361674904823303,48000,5,,,,,
label_skew_seed43_clients5_alpha0p5_min1_angle0_fedprox_mu0p01,fedprox,43,0.01,label_skew,0.5,5,1,0.0,3,1,7.084975242614746,0.6303715705871582,48000,5,,,,,
label_skew_seed43_clients5_alpha0p5_min1_angle0_fedprox_mu0p01,fedprox,43,0.01,label_skew,0.5,5,1,0.0,4,1,7.302584648132324,0.5001110434532166,48000,5,,,,,
label_skew_seed43_clients5_alpha0p5_min1_angle0_fedprox_mu0p01,fedprox,43,0.01,label_skew,0.5,5,1,0.0,5,1,7.509552001953125,0.3961752355098724,48000,5,,,,,
label_skew_seed43_clients5_alpha0p5_min1_angle0_fedprox_mu0p01,fedprox,43,0.01,label_skew,0.5,5,1,0.0,6,1,7.691842079162598,0.3205099403858185,48000,5,,,,,
label_skew_seed43_clients5_alpha0p5_min1_angle0_fedprox_mu0p01,fedprox,43,0.01,label_skew,0.5,5,1,0.0,7,1,7.848970413208008,0.2672409117221832,48000,5,,,,,
label_skew_seed43_clients5_alpha0p5_min1_angle0_fedprox_mu0p01,fedprox,43,0.01,label_skew,0.5,5,1,0.0,8,1,7.985447406768799,0.2288521230220794,48000,5,,,,,
label_skew_seed43_clients5_alpha0p5_min1_angle0_fedprox_mu0p01,fedprox,43,0.01,label_skew,0.5,5,1,0.0,9,1,8.105019569396973,0.199929341673851,48000,5,,,,,
label_skew_seed43_clients5_alpha0p5_min1_angle0_fedprox_mu0p01,fedprox,43,0.01,label_skew,0.5,5,1,0.0,10,1,8.210736274719238,0.177386462688446,48000,5,,,,,
label_skew_seed43_clients5_alpha0p5_min1_angle0_fedprox_mu0p01,fedprox,43,0.01,label_skew,0.5,5,1,0.0,11,1,8.305712699890137,0.1599800437688827,48000,5,,,,,
label_skew_seed43_clients5_alpha0p5_min1_angle0_fedprox_mu0p01,fedprox,43,0.01,label_skew,0.5,5,1,0.0,12,1,8.391866683959961,0.1451312452554702,48000,5,,,,,
label_skew_seed43_clients5_alpha0p5_min1_angle0_fedprox_mu0p01,fedprox,43,0.01,label_skew,0.5,5,1,0.0,13,1,8.470250129699707,0.133886769413948,48000,5,,,,,
label_skew_seed43_clients5_alpha0p5_min1_angle0_fedprox_mu0p01,fedprox,43,0.01,label_skew,0.5,5,1,0.0,14,1,8.542739868164062,0.1239894330501556,48000,5,,,,,
label_skew_seed43_clients5_alpha0p5_min1_angle0_fedprox_mu0p01,fedprox,43,0.01,label_skew,0.5,5,1,0.0,15,1,8.609524726867676,0.1159539818763732,48000,5,,,,,
label_skew_seed43_clients5_alpha0p5_min1_angle0_fedprox_mu0p01,fedprox,43,0.01,label_skew,0.5,5,1,0.0,16,1,8.671794891357422,0.1078697070479393,48000,5,,,,,
label_skew_seed43_clients5_alpha0p5_min1_angle0_fedprox_mu0p01,fedprox,43,0.01,label_skew,0.5,5,1,0.0,17,1,8.729917526245117,0.1019720435142517,48000,5,,,,,
label_skew_seed43_clients5_alpha0p5_min1_angle0_fedprox_mu0p01,fedprox,43,0.01,label_skew,0.5,5,1,0.0,18,1,8.784496307373047,0.096533827483654,48000,5,,,,,
label_skew_seed43_clients5_alpha0p5_min1_angle0_fedprox_mu0p01,fedprox,43,0.01,label_skew,0.5,5,1,0.0,19,1,8.835980415344238,0.0913605540990829,48000,5,,,,,
label_skew_seed43_clients5_alpha0p5_min1_angle0_fedprox_mu0p01,fedprox,43,0.01,label_skew,0.5,5,1,0.0,20,1,8.884528160095215,0.0869120135903358,48000,5,,,,,
label_skew_seed43_clients5_alpha0p5_min1_angle0_scaffold_muNA,scaffold,43,,label_skew,0.5,5,1,0.0,1,1,,0.729183554649353,48000,5,scaffold,750.0,0.4861223995685577,8141600.0,6.349905234000289
label_skew_seed43_clients5_alpha0p5_min1_angle0_scaffold_muNA,scaffold,43,,label_skew,0.5,5,1,0.0,2,1,,0.8501940369606018,48000,5,scaffold,750.0,0.566796064376831,8141600.0,6.179306195000208
label_skew_seed43_clients5_alpha0p5_min1_angle0_scaffold_muNA,scaffold,43,,label_skew,0.5,5,1,0.0,3,1,,0.7333056330680847,48000,5,scaffold,750.0,0.4888704419136047,8141600.0,6.177920076000191
label_skew_seed43_clients5_alpha0p5_min1_angle0_scaffold_muNA,scaffold,43,,label_skew,0.5,5,1,0.0,4,1,,0.5589731335639954,48000,5,scaffold,750.0,0.3726487457752228,8141600.0,6.145931050000399
label_skew_seed43_clients5_alpha0p5_min1_angle0_scaffold_muNA,scaffold,43,,label_skew,0.5,5,1,0.0,5,1,,0.4269286394119262,48000,5,scaffold,750.0,0.2846190929412842,8141600.0,6.396610702000544
label_skew_seed43_clients5_alpha0p5_min1_angle0_scaffold_muNA,scaffold,43,,label_skew,0.5,5,1,0.0,6,1,,0.3406547307968139,48000,5,scaffold,750.0,0.2271031588315963,8141600.0,6.268507877000047
label_skew_seed43_clients5_alpha0p5_min1_angle0_scaffold_muNA,scaffold,43,,label_skew,0.5,5,1,0.0,7,1,,0.2837510406970978,48000,5,scaffold,750.0,0.1891673505306244,8141600.0,6.229976251000153
label_skew_seed43_clients5_alpha0p5_min1_angle0_scaffold_muNA,scaffold,43,,label_skew,0.5,5,1,0.0,8,1,,0.2439331710338592,48000,5,scaffold,750.0,0.1626221239566803,8141600.0,6.240512755000054
label_skew_seed43_clients5_alpha0p5_min1_angle0_scaffold_muNA,scaffold,43,,label_skew,0.5,5,1,0.0,9,1,,0.2142507135868072,48000,5,scaffold,750.0,0.1428338140249252,8141600.0,6.326944973000536
label_skew_seed43_clients5_alpha0p5_min1_angle0_scaffold_muNA,scaffold,43,,label_skew,0.5,5,1,0.0,10,1,,0.1909361481666565,48000,5,scaffold,750.0,0.1272907704114914,8141600.0,6.408513395000227
label_skew_seed43_clients5_alpha0p5_min1_angle0_scaffold_muNA,scaffold,43,,label_skew,0.5,5,1,0.0,11,1,,0.1723234504461288,48000,5,scaffold,750.0,0.1148823052644729,8141600.0,6.312268100000438
label_skew_seed43_clients5_alpha0p5_min1_angle0_scaffold_muNA,scaffold,43,,label_skew,0.5,5,1,0.0,12,1,,0.1568230092525482,48000,5,scaffold,750.0,0.1045486703515052,8141600.0,6.319660445999944
label_skew_seed43_clients5_alpha0p5_min1_angle0_scaffold_muNA,scaffold,43,,label_skew,0.5,5,1,0.0,13,1,,0.1445726603269577,48000,5,scaffold,750.0,0.0963817834854126,8141600.0,6.309677514999748
label_skew_seed43_clients5_alpha0p5_min1_angle0_scaffold_muNA,scaffold,43,,label_skew,0.5,5,1,0.0,14,1,,0.1341207921504974,48000,5,scaffold,750.0,0.0894138664007186,8141600.0,6.230709415000092
label_skew_seed43_clients5_alpha0p5_min1_angle0_scaffold_muNA,scaffold,43,,label_skew,0.5,5,1,0.0,15,1,,0.1251946985721588,48000,5,scaffold,750.0,0.0834631323814392,8141600.0,6.381235075999939
label_skew_seed43_clients5_alpha0p5_min1_angle0_scaffold_muNA,scaffold,43,,label_skew,0.5,5,1,0.0,16,1,,0.1169023513793945,48000,5,scaffold,750.0,0.07793490588665,8141600.0,6.244153616999938
label_skew_seed43_clients5_alpha0p5_min1_angle0_scaffold_muNA,scaffold,43,,label_skew,0.5,5,1,0.0,17,1,,0.1106927543878555,48000,5,scaffold,750.0,0.0737951695919036,8141600.0,6.203636039999765
label_skew_seed43_clients5_alpha0p5_min1_angle0_scaffold_muNA,scaffold,43,,label_skew,0.5,5,1,0.0,18,1,,0.1043295860290527,48000,5,scaffold,750.0,0.0695530548691749,8141600.0,6.316030019999744
label_skew_seed43_clients5_alpha0p5_min1_angle0_scaffold_muNA,scaffold,43,,label_skew,0.5,5,1,0.0,19,1,,0.0992199182510376,48000,5,scaffold,750.0,0.066146619617939,8141600.0,6.294367409000188
label_skew_seed43_clients5_alpha0p5_min1_angle0_scaffold_muNA,scaffold,43,,label_skew,0.5,5,1,0.0,20,1,,0.0946771427989006,48000,5,scaffold,750.0,0.0631181001663208,8141600.0,6.178605277000315
label_skew_seed44_clients5_alpha0p1_min1_angle0_fedavg_mu0,fedavg,44,0.0,label_skew,0.1,5,1,0.0,1,1,6.785419464111328,0.7228878140449524,48000,5,,,,,
label_skew_seed44_clients5_alpha0p1_min1_angle0_fedavg_mu0,fedavg,44,0.0,label_skew,0.1,5,1,0.0,2,1,6.879827499389648,0.6818957328796387,48000,5,,,,,
label_skew_seed44_clients5_alpha0p1_min1_angle0_fedavg_mu0,fedavg,44,0.0,label_skew,0.1,5,1,0.0,3,1,7.044577598571777,0.5642348527908325,48000,5,,,,,
label_skew_seed44_clients5_alpha0p1_min1_angle0_fedavg_mu0,fedavg,44,0.0,label_skew,0.1,5,1,0.0,4,1,7.227588653564453,0.4483948349952698,48000,5,,,,,
label_skew_seed44_clients5_alpha0p1_min1_angle0_fedavg_mu0,fedavg,44,0.0,label_skew,0.1,5,1,0.0,5,1,7.399749279022217,0.3608376681804657,48000,5,,,,,
label_skew_seed44_clients5_alpha0p1_min1_angle0_fedavg_mu0,fedavg,44,0.0,label_skew,0.1,5,1,0.0,6,1,7.55377197265625,0.2994763553142547,48000,5,,,,,
label_skew_seed44_clients5_alpha0p1_min1_angle0_fedavg_mu0,fedavg,44,0.0,label_skew,0.1,5,1,0.0,7,1,7.69061803817749,0.2538776099681854,48000,5,,,,,
label_skew_seed44_clients5_alpha0p1_min1_angle0_fedavg_mu0,fedavg,44,0.0,label_skew,0.1,5,1,0.0,8,1,7.8127288818359375,0.2203348129987716,48000,5,,,,,
label_skew_seed44_clients5_alpha0p1_min1_angle0_fedavg_mu0,fedavg,44,0.0,label_skew,0.1,5,1,0.0,9,1,7.922137260437012,0.1937331855297088,48000,5,,,,,
label_skew_seed44_clients5_alpha0p1_min1_angle0_fedavg_mu0,fedavg,44,0.0,label_skew,0.1,5,1,0.0,10,1,8.021088600158691,0.1731859743595123,48000,5,,,,,
label_skew_seed44_clients5_alpha0p1_min1_angle0_fedavg_mu0,fedavg,44,0.0,label_skew,0.1,5,1,0.0,11,1,8.110941886901855,0.1567956358194351,48000,5,,,,,
label_skew_seed44_clients5_alpha0p1_min1_angle0_fedavg_mu0,fedavg,44,0.0,label_skew,0.1,5,1,0.0,12,1,8.193425178527832,0.14264577627182,48000,5,,,,,
label_skew_seed44_clients5_alpha0p1_min1_angle0_fedavg_mu0,fedavg,44,0.0,label_skew,0.1,5,1,0.0,13,1,8.269412994384766,0.1309427320957183,48000,5,,,,,
label_skew_seed44_clients5_alpha0p1_min1_angle0_fedavg_mu0,fedavg,44,0.0,label_skew,0.1,5,1,0.0,14,1,8.339720726013184,0.1215270459651947,48000,5,,,,,
label_skew_seed44_clients5_alpha0p1_min1_angle0_fedavg_mu0,fedavg,44,0.0,label_skew,0.1,5,1,0.0,15,1,8.40518856048584,0.1124147027730941,48000,5,,,,,
label_skew_seed44_clients5_alpha0p1_min1_angle0_fedavg_mu0,fedavg,44,0.0,label_skew,0.1,5,1,0.0,16,1,8.46611499786377,0.1054606586694717,48000,5,,,,,
label_skew_seed44_clients5_alpha0p1_min1_angle0_fedavg_mu0,fedavg,44,0.0,label_skew,0.1,5,1,0.0,17,1,8.52358627319336,0.0988278165459632,48000,5,,,,,
label_skew_seed44_clients5_alpha0p1_min1_angle0_fedavg_mu0,fedavg,44,0.0,label_skew,0.1,5,1,0.0,18,1,8.57735824584961,0.0933989882469177,48000,5,,,,,
label_skew_seed44_clients5_alpha0p1_min1_angle0_fedavg_mu0,fedavg,44,0.0,label_skew,0.1,5,1,0.0,19,1,8.628173828125,0.0880693718791008,48000,5,,,,,
label_skew_seed44_clients5_alpha0p1_min1_angle0_fedavg_mu0,fedavg,44,0.0,label_skew,0.1,5,1,0.0,20,1,8.676226615905762,0.0836294367909431,48000,5,,,,,
label_skew_seed44_clients5_alpha0p1_min1_angle0_fedprox_mu0p01,fedprox,44,0.01,label_skew,0.1,5,1,0.0,1,1,6.785419464111328,0.7188538312911987,48000,5,,,,,
label_skew_seed44_clients5_alpha0p1_min1_angle0_fedprox_mu0p01,fedprox,44,0.01,label_skew,0.1,5,1,0.0,2,1,6.879103660583496,0.6783488392829895,48000,5,,,,,
label_skew_seed44_clients5_alpha0p1_min1_angle0_fedprox_mu0p01,fedprox,44,0.01,label_skew,0.1,5,1,0.0,3,1,7.042485237121582,0.5622190237045288,48000,5,,,,,
label_skew_seed44_clients5_alpha0p1_min1_angle0_fedprox_mu0p01,fedprox,44,0.01,label_skew,0.1,5,1,0.0,4,1,7.224324703216553,0.4474649727344513,48000,5,,,,,
label_skew_seed44_clients5_alpha0p1_min1_angle0_fedprox_mu0p01,fedprox,44,0.01,label_skew,0.1,5,1,0.0,5,1,7.39569091796875,0.3603892922401428,48000,5,,,,,
label_skew_seed44_clients5_alpha0p1_min1_angle0_fedprox_mu0p01,fedprox,44,0.01,label_skew,0.1,5,1,0.0,6,1,7.549188137054443,0.2992250621318817,48000,5,,,,,
label_skew_seed44_clients5_alpha0p1_min1_angle0_fedprox_mu0p01,fedprox,44,0.01,label_skew,0.1,5,1,0.0,7,1,7.685674667358398,0.2537341117858886,48000,5,,,,,
label_skew_seed44_clients5_alpha0p1_min1_angle0_fedprox_mu0p01,fedprox,44,0.01,label_skew,0.1,5,1,0.0,8,1,7.807530403137207,0.2202500998973846,48000,5,,,,,
label_skew_seed44_clients5_alpha0p1_min1_angle0_fedprox_mu0p01,fedprox,44,0.01,label_skew,0.1,5,1,0.0,9,1,7.916759490966797,0.1936724781990051,48000,5,,,,,
label_skew_seed44_clients5_alpha0p1_min1_angle0_fedprox_mu0p01,fedprox,44,0.01,label_skew,0.1,5,1,0.0,10,1,8.015581130981445,0.1731317192316055,48000,5,,,,,
label_skew_seed44_clients5_alpha0p1_min1_angle0_fedprox_mu0p01,fedprox,44,0.01,label_skew,0.1,5,1,0.0,11,1,8.105332374572754,0.1567607223987579,48000,5,,,,,
label_skew_seed44_clients5_alpha0p1_min1_angle0_fedprox_mu0p01,fedprox,44,0.01,label_skew,0.1,5,1,0.0,12,1,8.18774700164795,0.1426203250885009,48000,5,,,,,
label_skew_seed44_clients5_alpha0p1_min1_angle0_fedprox_mu0p01,fedprox,44,0.01,label_skew,0.1,5,1,0.0,13,1,8.26368236541748,0.1309183686971664,48000,5,,,,,
label_skew_seed44_clients5_alpha0p1_min1_angle0_fedprox_mu0p01,fedprox,44,0.01,label_skew,0.1,5,1,0.0,14,1,8.333949089050293,0.1214949786663055,48000,5,,,,,
label_skew_seed44_clients5_alpha0p1_min1_angle0_fedprox_mu0p01,fedprox,44,0.01,label_skew,0.1,5,1,0.0,15,1,8.399383544921875,0.1124020740389823,48000,5,,,,,
label_skew_seed44_clients5_alpha0p1_min1_angle0_fedprox_mu0p01,fedprox,44,0.01,label_skew,0.1,5,1,0.0,16,1,8.46029281616211,0.1054359823465347,48000,5,,,,,
label_skew_seed44_clients5_alpha0p1_min1_angle0_fedprox_mu0p01,fedprox,44,0.01,label_skew,0.1,5,1,0.0,17,1,8.517751693725586,0.0988001897931099,48000,5,,,,,
label_skew_seed44_clients5_alpha0p1_min1_angle0_fedprox_mu0p01,fedprox,44,0.01,label_skew,0.1,5,1,0.0,18,1,8.57150650024414,0.093360811471939,48000,5,,,,,
label_skew_seed44_clients5_alpha0p1_min1_angle0_fedprox_mu0p01,fedprox,44,0.01,label_skew,0.1,5,1,0.0,19,1,8.622309684753418,0.0880346000194549,48000,5,,,,,
label_skew_seed44_clients5_alpha0p1_min1_angle0_fedprox_mu0p01,fedprox,44,0.01,label_skew,0.1,5,1,0.0,20,1,8.670354843139648,0.0836037248373031,48000,5,,,,,
label_skew_seed44_clients5_alpha0p1_min1_angle0_scaffold_muNA,scaffold,44,,label_skew,0.1,5,1,0.0,1,1,,0.7228878736495972,48000,5,scaffold,750.0,0.4819252490997314,8141600.0,6.3307884669993655
label_skew_seed44_clients5_alpha0p1_min1_angle0_scaffold_muNA,scaffold,44,,label_skew,0.1,5,1,0.0,2,1,,0.8163991570472717,48000,5,scaffold,750.0,0.5442661046981812,8141600.0,6.278356681999867
label_skew_seed44_clients5_alpha0p1_min1_angle0_scaffold_muNA,scaffold,44,,label_skew,0.1,5,1,0.0,3,1,,0.7067503333091736,48000,5,scaffold,750.0,0.4711669087409973,8141600.0,6.289656052000282
label_skew_seed44_clients5_alpha0p1_min1_angle0_scaffold_muNA,scaffold,44,,label_skew,0.1,5,1,0.0,4,1,,0.5529517531394958,48000,5,scaffold,750.0,0.3686344921588897,8141600.0,6.35444396299863
label_skew_seed44_clients5_alpha0p1_min1_angle0_scaffold_muNA,scaffold,44,,label_skew,0.1,5,1,0.0,5,1,,0.4309544265270233,48000,5,scaffold,750.0,0.2873029708862304,8141600.0,6.375675537999996
label_skew_seed44_clients5_alpha0p1_min1_angle0_scaffold_muNA,scaffold,44,,label_skew,0.1,5,1,0.0,6,1,,0.3479840159416199,48000,5,scaffold,750.0,0.2319893538951873,8141600.0,6.4720931140000175
label_skew_seed44_clients5_alpha0p1_min1_angle0_scaffold_muNA,scaffold,44,,label_skew,0.1,5,1,0.0,7,1,,0.2916848361492157,48000,5,scaffold,750.0,0.194456547498703,8141600.0,6.359178090000569
label_skew_seed44_clients5_alpha0p1_min1_angle0_scaffold_muNA,scaffold,44,,label_skew,0.1,5,1,0.0,8,1,,0.2519066035747528,48000,5,scaffold,750.0,0.1679377406835556,8141600.0,6.304966569001408
label_skew_seed44_clients5_alpha0p1_min1_angle0_scaffold_muNA,scaffold,44,,label_skew,0.1,5,1,0.0,9,1,,0.2219777405261993,48000,5,scaffold,750.0,0.1479851752519607,8141600.0,6.232120380000197
label_skew_seed44_clients5_alpha0p1_min1_angle0_scaffold_muNA,scaffold,44,,label_skew,0.1,5,1,0.0,10,1,,0.1982352882623672,48000,5,scaffold,750.0,0.1321568638086319,8141600.0,6.368370886999401
label_skew_seed44_clients5_alpha0p1_min1_angle0_scaffold_muNA,scaffold,44,,label_skew,0.1,5,1,0.0,11,1,,0.179342970252037,48000,5,scaffold,750.0,0.1195619851350784,8141600.0,6.412066570001116
label_skew_seed44_clients5_alpha0p1_min1_angle0_scaffold_muNA,scaffold,44,,label_skew,0.1,5,1,0.0,12,1,,0.1636418998241424,48000,5,scaffold,750.0,0.1090945973992347,8141600.0,6.275658688999101
label_skew_seed44_clients5_alpha0p1_min1_angle0_scaffold_muNA,scaffold,44,,label_skew,0.1,5,1,0.0,13,1,,0.1504593342542648,48000,5,scaffold,750.0,0.1003062203526496,8141600.0,6.176351179001358
label_skew_seed44_clients5_alpha0p1_min1_angle0_scaffold_muNA,scaffold,44,,label_skew,0.1,5,1,0.0,14,1,,0.139545127749443,48000,5,scaffold,750.0,0.0930300801992416,8141600.0,6.242554389000361
label_skew_seed44_clients5_alpha0p1_min1_angle0_scaffold_muNA,scaffold,44,,label_skew,0.1,5,1,0.0,15,1,,0.1300352662801742,48000,5,scaffold,750.0,0.086690180003643,8141600.0,6.338876498999525
label_skew_seed44_clients5_alpha0p1_min1_angle0_scaffold_muNA,scaffold,44,,label_skew,0.1,5,1,0.0,16,1,,0.1218228191137313,48000,5,scaffold,750.0,0.0812152102589607,8141600.0,6.319356070998765
label_skew_seed44_clients5_alpha0p1_min1_angle0_scaffold_muNA,scaffold,44,,label_skew,0.1,5,1,0.0,17,1,,0.114488884806633,48000,5,scaffold,750.0,0.076325923204422,8141600.0,6.33160347500052
label_skew_seed44_clients5_alpha0p1_min1_angle0_scaffold_muNA,scaffold,44,,label_skew,0.1,5,1,0.0,18,1,,0.1081253662705421,48000,5,scaffold,750.0,0.0720835775136947,8141600.0,6.334013427998798
label_skew_seed44_clients5_alpha0p1_min1_angle0_scaffold_muNA,scaffold,44,,label_skew,0.1,5,1,0.0,19,1,,0.1027527898550033,48000,5,scaffold,750.0,0.0685018524527549,8141600.0,6.28341293000085
label_skew_seed44_clients5_alpha0p1_min1_angle0_scaffold_muNA,scaffold,44,,label_skew,0.1,5,1,0.0,20,1,,0.0985506698489189,48000,5,scaffold,750.0,0.0657004490494728,8141600.0,6.424438732999988
label_skew_seed44_clients5_alpha0p5_min1_angle0_fedavg_mu0,fedavg,44,0.0,label_skew,0.5,5,1,0.0,1,1,6.785419464111328,0.7195367813110352,48000,5,,,,,
label_skew_seed44_clients5_alpha0p5_min1_angle0_fedavg_mu0,fedavg,44,0.0,label_skew,0.5,5,1,0.0,2,1,6.872370719909668,0.7724586129188538,48000,5,,,,,
label_skew_seed44_clients5_alpha0p5_min1_angle0_fedavg_mu0,fedavg,44,0.0,label_skew,0.5,5,1,0.0,3,1,7.0633721351623535,0.6620173454284668,48000,5,,,,,
label_skew_seed44_clients5_alpha0p5_min1_angle0_fedavg_mu0,fedavg,44,0.0,label_skew,0.5,5,1,0.0,4,1,7.295591354370117,0.5229144096374512,48000,5,,,,,
label_skew_seed44_clients5_alpha0p5_min1_angle0_fedavg_mu0,fedavg,44,0.0,label_skew,0.5,5,1,0.0,5,1,7.516307353973389,0.4121005535125732,48000,5,,,,,
label_skew_seed44_clients5_alpha0p5_min1_angle0_fedavg_mu0,fedavg,44,0.0,label_skew,0.5,5,1,0.0,6,1,7.709492683410644,0.3330248594284057,48000,5,,,,,
label_skew_seed44_clients5_alpha0p5_min1_angle0_fedavg_mu0,fedavg,44,0.0,label_skew,0.5,5,1,0.0,7,1,7.875033855438232,0.27663254737854,48000,5,,,,,
label_skew_seed44_clients5_alpha0p5_min1_angle0_fedavg_mu0,fedavg,44,0.0,label_skew,0.5,5,1,0.0,8,1,8.017876625061035,0.2365413457155227,48000,5,,,,,
label_skew_seed44_clients5_alpha0p5_min1_angle0_fedavg_mu0,fedavg,44,0.0,label_skew,0.5,5,1,0.0,9,1,8.142538070678711,0.2061012238264084,48000,5,,,,,
label_skew_seed44_clients5_alpha0p5_min1_angle0_fedavg_mu0,fedavg,44,0.0,label_skew,0.5,5,1,0.0,10,1,8.252436637878418,0.1825249642133712,48000,5,,,,,
label_skew_seed44_clients5_alpha0p5_min1_angle0_fedavg_mu0,fedavg,44,0.0,label_skew,0.5,5,1,0.0,11,1,8.350652694702148,0.1644118130207061,48000,5,,,,,
label_skew_seed44_clients5_alpha0p5_min1_angle0_fedavg_mu0,fedavg,44,0.0,label_skew,0.5,5,1,0.0,12,1,8.439220428466797,0.1491250991821289,48000,5,,,,,
label_skew_seed44_clients5_alpha0p5_min1_angle0_fedavg_mu0,fedavg,44,0.0,label_skew,0.5,5,1,0.0,13,1,8.519532203674316,0.1369435340166092,48000,5,,,,,
label_skew_seed44_clients5_alpha0p5_min1_angle0_fedavg_mu0,fedavg,44,0.0,label_skew,0.5,5,1,0.0,14,1,8.593177795410156,0.1264336705207824,48000,5,,,,,
label_skew_seed44_clients5_alpha0p5_min1_angle0_fedavg_mu0,fedavg,44,0.0,label_skew,0.5,5,1,0.0,15,1,8.661303520202637,0.1183676496148109,48000,5,,,,,
label_skew_seed44_clients5_alpha0p5_min1_angle0_fedavg_mu0,fedavg,44,0.0,label_skew,0.5,5,1,0.0,16,1,8.72469711303711,0.1104391440749168,48000,5,,,,,
label_skew_seed44_clients5_alpha0p5_min1_angle0_fedavg_mu0,fedavg,44,0.0,label_skew,0.5,5,1,0.0,17,1,8.783562660217285,0.1043058484792709,48000,5,,,,,
label_skew_seed44_clients5_alpha0p5_min1_angle0_fedavg_mu0,fedavg,44,0.0,label_skew,0.5,5,1,0.0,18,1,8.838810920715332,0.0988920032978057,48000,5,,,,,
label_skew_seed44_clients5_alpha0p5_min1_angle0_fedavg_mu0,fedavg,44,0.0,label_skew,0.5,5,1,0.0,19,1,8.890860557556152,0.0937231704592704,48000,5,,,,,
label_skew_seed44_clients5_alpha0p5_min1_angle0_fedavg_mu0,fedavg,44,0.0,label_skew,0.5,5,1,0.0,20,1,8.939903259277344,0.0894847437739372,48000,5,,,,,
label_skew_seed44_clients5_alpha0p5_min1_angle0_fedprox_mu0p01,fedprox,44,0.01,label_skew,0.5,5,1,0.0,1,1,6.785419464111328,0.7151692509651184,48000,5,,,,,
label_skew_seed44_clients5_alpha0p5_min1_angle0_fedprox_mu0p01,fedprox,44,0.01,label_skew,0.5,5,1,0.0,2,1,6.871608734130859,0.7679601907730103,48000,5,,,,,
label_skew_seed44_clients5_alpha0p5_min1_angle0_fedprox_mu0p01,fedprox,44,0.01,label_skew,0.5,5,1,0.0,3,1,7.0607523918151855,0.6594111919403076,48000,5,,,,,
label_skew_seed44_clients5_alpha0p5_min1_angle0_fedprox_mu0p01,fedprox,44,0.01,label_skew,0.5,5,1,0.0,4,1,7.291210174560547,0.5218952894210815,48000,5,,,,,
label_skew_seed44_clients5_alpha0p5_min1_angle0_fedprox_mu0p01,fedprox,44,0.01,label_skew,0.5,5,1,0.0,5,1,7.510833740234375,0.4118149280548095,48000,5,,,,,
label_skew_seed44_clients5_alpha0p5_min1_angle0_fedprox_mu0p01,fedprox,44,0.01,label_skew,0.5,5,1,0.0,6,1,7.703439235687256,0.332988440990448,48000,5,,,,,
label_skew_seed44_clients5_alpha0p5_min1_angle0_fedprox_mu0p01,fedprox,44,0.01,label_skew,0.5,5,1,0.0,7,1,7.868686676025391,0.2766957283020019,48000,5,,,,,
label_skew_seed44_clients5_alpha0p5_min1_angle0_fedprox_mu0p01,fedprox,44,0.01,label_skew,0.5,5,1,0.0,8,1,8.011388778686523,0.2366077452898025,48000,5,,,,,
label_skew_seed44_clients5_alpha0p5_min1_angle0_fedprox_mu0p01,fedprox,44,0.01,label_skew,0.5,5,1,0.0,9,1,8.135982513427734,0.2061492353677749,48000,5,,,,,
label_skew_seed44_clients5_alpha0p5_min1_angle0_fedprox_mu0p01,fedprox,44,0.01,label_skew,0.5,5,1,0.0,10,1,8.245853424072266,0.182554543018341,48000,5,,,,,
label_skew_seed44_clients5_alpha0p5_min1_angle0_fedprox_mu0p01,fedprox,44,0.01,label_skew,0.5,5,1,0.0,11,1,8.344062805175781,0.1644236594438552,48000,5,,,,,
label_skew_seed44_clients5_alpha0p5_min1_angle0_fedprox_mu0p01,fedprox,44,0.01,label_skew,0.5,5,1,0.0,12,1,8.432639122009277,0.149113193154335,48000,5,,,,,
label_skew_seed44_clients5_alpha0p5_min1_angle0_fedprox_mu0p01,fedprox,44,0.01,label_skew,0.5,5,1,0.0,13,1,8.512955665588379,0.1369284391403198,48000,5,,,,,
label_skew_seed44_clients5_alpha0p5_min1_angle0_fedprox_mu0p01,fedprox,44,0.01,label_skew,0.5,5,1,0.0,14,1,8.586612701416016,0.1264009624719619,48000,5,,,,,
label_skew_seed44_clients5_alpha0p5_min1_angle0_fedprox_mu0p01,fedprox,44,0.01,label_skew,0.5,5,1,0.0,15,1,8.654751777648926,0.1183147132396698,48000,5,,,,,
label_skew_seed44_clients5_alpha0p5_min1_angle0_fedprox_mu0p01,fedprox,44,0.01,label_skew,0.5,5,1,0.0,16,1,8.718154907226562,0.1103981733322143,48000,5,,,,,
label_skew_seed44_clients5_alpha0p5_min1_angle0_fedprox_mu0p01,fedprox,44,0.01,label_skew,0.5,5,1,0.0,17,1,8.777039527893066,0.1042388901114463,48000,5,,,,,
label_skew_seed44_clients5_alpha0p5_min1_angle0_fedprox_mu0p01,fedprox,44,0.01,label_skew,0.5,5,1,0.0,18,1,8.832298278808594,0.0988157913088798,48000,5,,,,,
label_skew_seed44_clients5_alpha0p5_min1_angle0_fedprox_mu0p01,fedprox,44,0.01,label_skew,0.5,5,1,0.0,19,1,8.884352684020996,0.0936406329274177,48000,5,,,,,
label_skew_seed44_clients5_alpha0p5_min1_angle0_fedprox_mu0p01,fedprox,44,0.01,label_skew,0.5,5,1,0.0,20,1,8.933394432067871,0.0894063934683799,48000,5,,,,,
label_skew_seed44_clients5_alpha0p5_min1_angle0_scaffold_muNA,scaffold,44,,label_skew,0.5,5,1,0.0,1,1,,0.7195367813110352,48000,5,scaffold,750.0,0.479691207408905,8141600.0,6.296085541000139
label_skew_seed44_clients5_alpha0p5_min1_angle0_scaffold_muNA,scaffold,44,,label_skew,0.5,5,1,0.0,2,1,,0.8671483993530273,48000,5,scaffold,750.0,0.5780988931655884,8141600.0,6.187591405001513
label_skew_seed44_clients5_alpha0p5_min1_angle0_scaffold_muNA,scaffold,44,,label_skew,0.5,5,1,0.0,3,1,,0.7487238645553589,48000,5,scaffold,750.0,0.4991492629051208,8141600.0,6.228652869998768
label_skew_seed44_clients5_alpha0p5_min1_angle0_scaffold_muNA,scaffold,44,,label_skew,0.5,5,1,0.0,4,1,,0.5694319605827332,48000,5,scaffold,750.0,0.3796213269233703,8141600.0,6.12276385199948
label_skew_seed44_clients5_alpha0p5_min1_angle0_scaffold_muNA,scaffold,44,,label_skew,0.5,5,1,0.0,5,1,,0.4350473582744598,48000,5,scaffold,750.0,0.2900315821170807,8141600.0,6.331324520000635
label_skew_seed44_clients5_alpha0p5_min1_angle0_scaffold_muNA,scaffold,44,,label_skew,0.5,5,1,0.0,6,1,,0.3475411534309387,48000,5,scaffold,750.0,0.2316941022872924,8141600.0,6.279509026000596
label_skew_seed44_clients5_alpha0p5_min1_angle0_scaffold_muNA,scaffold,44,,label_skew,0.5,5,1,0.0,7,1,,0.28862264752388,48000,5,scaffold,750.0,0.192415103316307,8141600.0,6.133219130999351
label_skew_seed44_clients5_alpha0p5_min1_angle0_scaffold_muNA,scaffold,44,,label_skew,0.5,5,1,0.0,8,1,,0.2473721951246261,48000,5,scaffold,750.0,0.1649148017168045,8141600.0,6.171909794000385
label_skew_seed44_clients5_alpha0p5_min1_angle0_scaffold_muNA,scaffold,44,,label_skew,0.5,5,1,0.0,9,1,,0.2166068404912948,48000,5,scaffold,750.0,0.1444045603275299,8141600.0,6.176412055001492
label_skew_seed44_clients5_alpha0p5_min1_angle0_scaffold_muNA,scaffold,44,,label_skew,0.5,5,1,0.0,10,1,,0.1927631199359893,48000,5,scaffold,750.0,0.1285087466239929,8141600.0,6.215101968999079
label_skew_seed44_clients5_alpha0p5_min1_angle0_scaffold_muNA,scaffold,44,,label_skew,0.5,5,1,0.0,11,1,,0.1744197905063629,48000,5,scaffold,750.0,0.1162798553705215,8141600.0,6.1916677610006445
label_skew_seed44_clients5_alpha0p5_min1_angle0_scaffold_muNA,scaffold,44,,label_skew,0.5,5,1,0.0,12,1,,0.158601239323616,48000,5,scaffold,750.0,0.1057341545820236,8141600.0,6.298515311998926
label_skew_seed44_clients5_alpha0p5_min1_angle0_scaffold_muNA,scaffold,44,,label_skew,0.5,5,1,0.0,13,1,,0.1457811146974563,48000,5,scaffold,750.0,0.0971874147653579,8141600.0,6.20477157500136
label_skew_seed44_clients5_alpha0p5_min1_angle0_scaffold_muNA,scaffold,44,,label_skew,0.5,5,1,0.0,14,1,,0.1349615752696991,48000,5,scaffold,750.0,0.0899743884801864,8141600.0,6.205069721001564
label_skew_seed44_clients5_alpha0p5_min1_angle0_scaffold_muNA,scaffold,44,,label_skew,0.5,5,1,0.0,15,1,,0.1260710507631302,48000,5,scaffold,750.0,0.0840473622083664,8141600.0,6.263209443999585
label_skew_seed44_clients5_alpha0p5_min1_angle0_scaffold_muNA,scaffold,44,,label_skew,0.5,5,1,0.0,16,1,,0.1180241331458091,48000,5,scaffold,750.0,0.0786827579140663,8141600.0,6.267637756998738
label_skew_seed44_clients5_alpha0p5_min1_angle0_scaffold_muNA,scaffold,44,,label_skew,0.5,5,1,0.0,17,1,,0.1111891567707061,48000,5,scaffold,750.0,0.0741261020302772,8141600.0,6.217217215998971
label_skew_seed44_clients5_alpha0p5_min1_angle0_scaffold_muNA,scaffold,44,,label_skew,0.5,5,1,0.0,18,1,,0.104862555861473,48000,5,scaffold,750.0,0.0699083730578422,8141600.0,6.330022911999549
label_skew_seed44_clients5_alpha0p5_min1_angle0_scaffold_muNA,scaffold,44,,label_skew,0.5,5,1,0.0,19,1,,0.0995561778545379,48000,5,scaffold,750.0,0.0663707852363586,8141600.0,6.330449521999981
label_skew_seed44_clients5_alpha0p5_min1_angle0_scaffold_muNA,scaffold,44,,label_skew,0.5,5,1,0.0,20,1,,0.0950952619314193,48000,5,scaffold,750.0,0.0633968412876129,8141600.0,6.280536251999365
quantity_skew_seed42_clients5_alpha0p1_min100_angle0_fedavg_mu0,fedavg,42,0.0,quantity_skew,0.1,5,100,0.0,1,1,6.786648273468018,1.633230447769165,47999,5,,,,,
quantity_skew_seed42_clients5_alpha0p1_min100_angle0_fedavg_mu0,fedavg,42,0.0,quantity_skew,0.1,5,100,0.0,2,1,7.109814167022705,1.3197615146636963,47999,5,,,,,
quantity_skew_seed42_clients5_alpha0p1_min100_angle0_fedavg_mu0,fedavg,42,0.0,quantity_skew,0.1,5,100,0.0,3,1,7.655862808227539,0.7850189208984375,47999,5,,,,,
quantity_skew_seed42_clients5_alpha0p1_min100_angle0_fedavg_mu0,fedavg,42,0.0,quantity_skew,0.1,5,100,0.0,4,1,8.052419662475586,0.5377066731452942,47999,5,,,,,
quantity_skew_seed42_clients5_alpha0p1_min100_angle0_fedavg_mu0,fedavg,42,0.0,quantity_skew,0.1,5,100,0.0,5,1,8.338248252868652,0.4076067209243774,47999,5,,,,,
quantity_skew_seed42_clients5_alpha0p1_min100_angle0_fedavg_mu0,fedavg,42,0.0,quantity_skew,0.1,5,100,0.0,6,1,8.557695388793945,0.328415185213089,47999,5,,,,,
quantity_skew_seed42_clients5_alpha0p1_min100_angle0_fedavg_mu0,fedavg,42,0.0,quantity_skew,0.1,5,100,0.0,7,1,8.734424591064453,0.2778024673461914,47999,5,,,,,
quantity_skew_seed42_clients5_alpha0p1_min100_angle0_fedavg_mu0,fedavg,42,0.0,quantity_skew,0.1,5,100,0.0,8,1,8.882241249084473,0.2416822612285614,47999,5,,,,,
quantity_skew_seed42_clients5_alpha0p1_min100_angle0_fedavg_mu0,fedavg,42,0.0,quantity_skew,0.1,5,100,0.0,9,1,9.00912857055664,0.2159428000450134,47999,5,,,,,
quantity_skew_seed42_clients5_alpha0p1_min100_angle0_fedavg_mu0,fedavg,42,0.0,quantity_skew,0.1,5,100,0.0,10,1,9.120983123779297,0.1953409612178802,47999,5,,,,,
quantity_skew_seed42_clients5_alpha0p1_min100_angle0_fedavg_mu0,fedavg,42,0.0,quantity_skew,0.1,5,100,0.0,11,1,9.221505165100098,0.1806393414735794,47999,5,,,,,
quantity_skew_seed42_clients5_alpha0p1_min100_angle0_fedavg_mu0,fedavg,42,0.0,quantity_skew,0.1,5,100,0.0,12,1,9.312254905700684,0.1690076291561126,47999,5,,,,,
quantity_skew_seed42_clients5_alpha0p1_min100_angle0_fedavg_mu0,fedavg,42,0.0,quantity_skew,0.1,5,100,0.0,13,1,9.395465850830078,0.1596549749374389,47999,5,,,,,
quantity_skew_seed42_clients5_alpha0p1_min100_angle0_fedavg_mu0,fedavg,42,0.0,quantity_skew,0.1,5,100,0.0,14,1,9.473301887512209,0.1513483524322509,47999,5,,,,,
quantity_skew_seed42_clients5_alpha0p1_min100_angle0_fedavg_mu0,fedavg,42,0.0,quantity_skew,0.1,5,100,0.0,15,1,9.546072959899902,0.1466739922761917,47999,5,,,,,
quantity_skew_seed42_clients5_alpha0p1_min100_angle0_fedavg_mu0,fedavg,42,0.0,quantity_skew,0.1,5,100,0.0,16,1,9.615084648132324,0.1410429775714874,47999,5,,,,,
quantity_skew_seed42_clients5_alpha0p1_min100_angle0_fedavg_mu0,fedavg,42,0.0,quantity_skew,0.1,5,100,0.0,17,1,9.680536270141602,0.136026456952095,47999,5,,,,,
quantity_skew_seed42_clients5_alpha0p1_min100_angle0_fedavg_mu0,fedavg,42,0.0,quantity_skew,0.1,5,100,0.0,18,1,9.744048118591309,0.1335856765508651,47999,5,,,,,
quantity_skew_seed42_clients5_alpha0p1_min100_angle0_fedavg_mu0,fedavg,42,0.0,quantity_skew,0.1,5,100,0.0,19,1,9.80507755279541,0.1296135187149047,47999,5,,,,,
quantity_skew_seed42_clients5_alpha0p1_min100_angle0_fedavg_mu0,fedavg,42,0.0,quantity_skew,0.1,5,100,0.0,20,1,9.864128112792969,0.1262026280164718,47999,5,,,,,
quantity_skew_seed42_clients5_alpha0p1_min100_angle0_fedprox_mu0p01,fedprox,42,0.01,quantity_skew,0.1,5,100,0.0,1,1,6.786648273468018,1.6073633432388306,47999,5,,,,,
quantity_skew_seed42_clients5_alpha0p1_min100_angle0_fedprox_mu0p01,fedprox,42,0.01,quantity_skew,0.1,5,100,0.0,2,1,7.101588726043701,1.3086745738983154,47999,5,,,,,
quantity_skew_seed42_clients5_alpha0p1_min100_angle0_fedprox_mu0p01,fedprox,42,0.01,quantity_skew,0.1,5,100,0.0,3,1,7.638413429260254,0.784416139125824,47999,5,,,,,
quantity_skew_seed42_clients5_alpha0p1_min100_angle0_fedprox_mu0p01,fedprox,42,0.01,quantity_skew,0.1,5,100,0.0,4,1,8.032933235168457,0.5380025506019592,47999,5,,,,,
quantity_skew_seed42_clients5_alpha0p1_min100_angle0_fedprox_mu0p01,fedprox,42,0.01,quantity_skew,0.1,5,100,0.0,5,1,8.318449020385742,0.4078462123870849,47999,5,,,,,
quantity_skew_seed42_clients5_alpha0p1_min100_angle0_fedprox_mu0p01,fedprox,42,0.01,quantity_skew,0.1,5,100,0.0,6,1,8.53802490234375,0.3284826576709747,47999,5,,,,,
quantity_skew_seed42_clients5_alpha0p1_min100_angle0_fedprox_mu0p01,fedprox,42,0.01,quantity_skew,0.1,5,100,0.0,7,1,8.7149658203125,0.2776884436607361,47999,5,,,,,
quantity_skew_seed42_clients5_alpha0p1_min100_angle0_fedprox_mu0p01,fedprox,42,0.01,quantity_skew,0.1,5,100,0.0,8,1,8.862984657287598,0.2413283437490463,47999,5,,,,,
quantity_skew_seed42_clients5_alpha0p1_min100_angle0_fedprox_mu0p01,fedprox,42,0.01,quantity_skew,0.1,5,100,0.0,9,1,8.989999771118164,0.2154839485883712,47999,5,,,,,
quantity_skew_seed42_clients5_alpha0p1_min100_angle0_fedprox_mu0p01,fedprox,42,0.01,quantity_skew,0.1,5,100,0.0,10,1,9.101935386657717,0.1946924924850464,47999,5,,,,,
quantity_skew_seed42_clients5_alpha0p1_min100_angle0_fedprox_mu0p01,fedprox,42,0.01,quantity_skew,0.1,5,100,0.0,11,1,9.20248031616211,0.1797980666160583,47999,5,,,,,
quantity_skew_seed42_clients5_alpha0p1_min100_angle0_fedprox_mu0p01,fedprox,42,0.01,quantity_skew,0.1,5,100,0.0,12,1,9.293164253234863,0.1680321097373962,47999,5,,,,,
quantity_skew_seed42_clients5_alpha0p1_min100_angle0_fedprox_mu0p01,fedprox,42,0.01,quantity_skew,0.1,5,100,0.0,13,1,9.376188278198242,0.1586673408746719,47999,5,,,,,
quantity_skew_seed42_clients5_alpha0p1_min100_angle0_fedprox_mu0p01,fedprox,42,0.01,quantity_skew,0.1,5,100,0.0,14,1,9.45382595062256,0.1501781791448593,47999,5,,,,,
quantity_skew_seed42_clients5_alpha0p1_min100_angle0_fedprox_mu0p01,fedprox,42,0.01,quantity_skew,0.1,5,100,0.0,15,1,9.52631378173828,0.145452469587326,47999,5,,,,,
quantity_skew_seed42_clients5_alpha0p1_min100_angle0_fedprox_mu0p01,fedprox,42,0.01,quantity_skew,0.1,5,100,0.0,16,1,9.59498691558838,0.139730766415596,47999,5,,,,,
quantity_skew_seed42_clients5_alpha0p1_min100_angle0_fedprox_mu0p01,fedprox,42,0.01,quantity_skew,0.1,5,100,0.0,17,1,9.66000270843506,0.1346471309661865,47999,5,,,,,
quantity_skew_seed42_clients5_alpha0p1_min100_angle0_fedprox_mu0p01,fedprox,42,0.01,quantity_skew,0.1,5,100,0.0,18,1,9.723084449768066,0.1321426779031753,47999,5,,,,,
quantity_skew_seed42_clients5_alpha0p1_min100_angle0_fedprox_mu0p01,fedprox,42,0.01,quantity_skew,0.1,5,100,0.0,19,1,9.783679008483888,0.128268226981163,47999,5,,,,,
quantity_skew_seed42_clients5_alpha0p1_min100_angle0_fedprox_mu0p01,fedprox,42,0.01,quantity_skew,0.1,5,100,0.0,20,1,9.842273712158203,0.1248449087142944,47999,5,,,,,
quantity_skew_seed42_clients5_alpha0p1_min100_angle0_scaffold_muNA,scaffold,42,,quantity_skew,0.1,5,100,0.0,1,1,,1.633230447769165,47999,5,scaffold,753.0,0.4840123355388641,8141600.0,6.473228456000015
quantity_skew_seed42_clients5_alpha0p1_min100_angle0_scaffold_muNA,scaffold,42,,quantity_skew,0.1,5,100,0.0,2,1,,1.2841166257858276,47999,5,scaffold,753.0,0.4296669363975525,8141600.0,6.335376980000092
quantity_skew_seed42_clients5_alpha0p1_min100_angle0_scaffold_muNA,scaffold,42,,quantity_skew,0.1,5,100,0.0,3,1,,0.8368207812309265,47999,5,scaffold,753.0,0.2497042119503021,8141600.0,6.352112439000393
quantity_skew_seed42_clients5_alpha0p1_min100_angle0_scaffold_muNA,scaffold,42,,quantity_skew,0.1,5,100,0.0,4,1,,0.5641478300094604,47999,5,scaffold,753.0,0.1645887941122055,8141600.0,6.356722944000012
quantity_skew_seed42_clients5_alpha0p1_min100_angle0_scaffold_muNA,scaffold,42,,quantity_skew,0.1,5,100,0.0,5,1,,0.4149241149425506,47999,5,scaffold,753.0,0.1226677224040031,8141600.0,6.387878612999884
quantity_skew_seed42_clients5_alpha0p1_min100_angle0_scaffold_muNA,scaffold,42,,quantity_skew,0.1,5,100,0.0,6,1,,0.32949098944664,47999,5,scaffold,753.0,0.0983273833990097,8141600.0,6.362188893000166
quantity_skew_seed42_clients5_alpha0p1_min100_angle0_scaffold_muNA,scaffold,42,,quantity_skew,0.1,5,100,0.0,7,1,,0.2771998941898346,47999,5,scaffold,753.0,0.0832716226577758,8141600.0,6.511503295000239
quantity_skew_seed42_clients5_alpha0p1_min100_angle0_scaffold_muNA,scaffold,42,,quantity_skew,0.1,5,100,0.0,8,1,,0.2402686923742294,47999,5,scaffold,753.0,0.0726034194231033,8141600.0,6.51990245099978
quantity_skew_seed42_clients5_alpha0p1_min100_angle0_scaffold_muNA,scaffold,42,,quantity_skew,0.1,5,100,0.0,9,1,,0.2143743932247162,47999,5,scaffold,753.0,0.0647478625178337,8141600.0,6.408473937000053
quantity_skew_seed42_clients5_alpha0p1_min100_angle0_scaffold_muNA,scaffold,42,,quantity_skew,0.1,5,100,0.0,10,1,,0.1934162378311157,47999,5,scaffold,753.0,0.0584221221506595,8141600.0,6.37112972299974
quantity_skew_seed42_clients5_alpha0p1_min100_angle0_scaffold_muNA,scaffold,42,,quantity_skew,0.1,5,100,0.0,11,1,,0.1787950098514557,47999,5,scaffold,753.0,0.054293006658554,8141600.0,6.327774591999969
quantity_skew_seed42_clients5_alpha0p1_min100_angle0_scaffold_muNA,scaffold,42,,quantity_skew,0.1,5,100,0.0,12,1,,0.167204737663269,47999,5,scaffold,753.0,0.0505724437534809,8141600.0,6.2769673639995744
quantity_skew_seed42_clients5_alpha0p1_min100_angle0_scaffold_muNA,scaffold,42,,quantity_skew,0.1,5,100,0.0,13,1,,0.1577088087797165,47999,5,scaffold,753.0,0.0477190166711807,8141600.0,6.234970007999891
quantity_skew_seed42_clients5_alpha0p1_min100_angle0_scaffold_muNA,scaffold,42,,quantity_skew,0.1,5,100,0.0,14,1,,0.1492016017436981,47999,5,scaffold,753.0,0.0450776480138301,8141600.0,6.4705521959999714
quantity_skew_seed42_clients5_alpha0p1_min100_angle0_scaffold_muNA,scaffold,42,,quantity_skew,0.1,5,100,0.0,15,1,,0.1446196585893631,47999,5,scaffold,753.0,0.0440636649727821,8141600.0,6.421449902999939
quantity_skew_seed42_clients5_alpha0p1_min100_angle0_scaffold_muNA,scaffold,42,,quantity_skew,0.1,5,100,0.0,16,1,,0.1390724331140518,47999,5,scaffold,753.0,0.0423432514071464,8141600.0,6.224142525999923
quantity_skew_seed42_clients5_alpha0p1_min100_angle0_scaffold_muNA,scaffold,42,,quantity_skew,0.1,5,100,0.0,17,1,,0.1339281648397445,47999,5,scaffold,753.0,0.0403781719505786,8141600.0,6.336274918000072
quantity_skew_seed42_clients5_alpha0p1_min100_angle0_scaffold_muNA,scaffold,42,,quantity_skew,0.1,5,100,0.0,18,1,,0.1314056515693664,47999,5,scaffold,753.0,0.0402653776109218,8141600.0,6.292594707999797
quantity_skew_seed42_clients5_alpha0p1_min100_angle0_scaffold_muNA,scaffold,42,,quantity_skew,0.1,5,100,0.0,19,1,,0.1277118474245071,47999,5,scaffold,753.0,0.0389191173017025,8141600.0,6.171362239000246
quantity_skew_seed42_clients5_alpha0p1_min100_angle0_scaffold_muNA,scaffold,42,,quantity_skew,0.1,5,100,0.0,20,1,,0.124064028263092,47999,5,scaffold,753.0,0.0376252643764019,8141600.0,6.31510766800011
quantity_skew_seed42_clients5_alpha0p5_min100_angle0_fedavg_mu0,fedavg,42,0.0,quantity_skew,0.5,5,100,0.0,1,1,6.786648273468018,1.3026175498962402,47998,5,,,,,
quantity_skew_seed42_clients5_alpha0p5_min100_angle0_fedavg_mu0,fedavg,42,0.0,quantity_skew,0.5,5,100,0.0,2,1,6.99747896194458,1.2590291500091553,47998,5,,,,,
quantity_skew_seed42_clients5_alpha0p5_min100_angle0_fedavg_mu0,fedavg,42,0.0,quantity_skew,0.5,5,100,0.0,3,1,7.459218978881836,0.8020285964012146,47998,5,,,,,
quantity_skew_seed42_clients5_alpha0p5_min100_angle0_fedavg_mu0,fedavg,42,0.0,quantity_skew,0.5,5,100,0.0,4,1,7.839773178100586,0.5491399168968201,47998,5,,,,,
quantity_skew_seed42_clients5_alpha0p5_min100_angle0_fedavg_mu0,fedavg,42,0.0,quantity_skew,0.5,5,100,0.0,5,1,8.122626304626465,0.4156611561775207,47998,5,,,,,
quantity_skew_seed42_clients5_alpha0p5_min100_angle0_fedavg_mu0,fedavg,42,0.0,quantity_skew,0.5,5,100,0.0,6,1,8.342823028564453,0.3332427740097046,47998,5,,,,,
quantity_skew_seed42_clients5_alpha0p5_min100_angle0_fedavg_mu0,fedavg,42,0.0,quantity_skew,0.5,5,100,0.0,7,1,8.520390510559082,0.2784623503684997,47998,5,,,,,
quantity_skew_seed42_clients5_alpha0p5_min100_angle0_fedavg_mu0,fedavg,42,0.0,quantity_skew,0.5,5,100,0.0,8,1,8.66923713684082,0.2406211793422699,47998,5,,,,,
quantity_skew_seed42_clients5_alpha0p5_min100_angle0_fedavg_mu0,fedavg,42,0.0,quantity_skew,0.5,5,100,0.0,9,1,8.79633903503418,0.2117297351360321,47998,5,,,,,
quantity_skew_seed42_clients5_alpha0p5_min100_angle0_fedavg_mu0,fedavg,42,0.0,quantity_skew,0.5,5,100,0.0,10,1,8.90779972076416,0.1892722994089126,47998,5,,,,,
quantity_skew_seed42_clients5_alpha0p5_min100_angle0_fedavg_mu0,fedavg,42,0.0,quantity_skew,0.5,5,100,0.0,11,1,9.006498336791992,0.172745332121849,47998,5,,,,,
quantity_skew_seed42_clients5_alpha0p5_min100_angle0_fedavg_mu0,fedavg,42,0.0,quantity_skew,0.5,5,100,0.0,12,1,9.095599174499512,0.1599423736333847,47998,5,,,,,
quantity_skew_seed42_clients5_alpha0p5_min100_angle0_fedavg_mu0,fedavg,42,0.0,quantity_skew,0.5,5,100,0.0,13,1,9.176926612854004,0.1490228623151779,47998,5,,,,,
quantity_skew_seed42_clients5_alpha0p5_min100_angle0_fedavg_mu0,fedavg,42,0.0,quantity_skew,0.5,5,100,0.0,14,1,9.251642227172852,0.1400179415941238,47998,5,,,,,
quantity_skew_seed42_clients5_alpha0p5_min100_angle0_fedavg_mu0,fedavg,42,0.0,quantity_skew,0.5,5,100,0.0,15,1,9.32099723815918,0.1335968971252441,47998,5,,,,,
quantity_skew_seed42_clients5_alpha0p5_min100_angle0_fedavg_mu0,fedavg,42,0.0,quantity_skew,0.5,5,100,0.0,16,1,9.386070251464844,0.1272265017032623,47998,5,,,,,
quantity_skew_seed42_clients5_alpha0p5_min100_angle0_fedavg_mu0,fedavg,42,0.0,quantity_skew,0.5,5,100,0.0,17,1,9.447470664978027,0.1214916855096817,47998,5,,,,,
quantity_skew_seed42_clients5_alpha0p5_min100_angle0_fedavg_mu0,fedavg,42,0.0,quantity_skew,0.5,5,100,0.0,18,1,9.50572395324707,0.1177262067794799,47998,5,,,,,
quantity_skew_seed42_clients5_alpha0p5_min100_angle0_fedavg_mu0,fedavg,42,0.0,quantity_skew,0.5,5,100,0.0,19,1,9.561086654663086,0.1136662736535072,47998,5,,,,,
quantity_skew_seed42_clients5_alpha0p5_min100_angle0_fedavg_mu0,fedavg,42,0.0,quantity_skew,0.5,5,100,0.0,20,1,9.614052772521973,0.1110926419496536,47998,5,,,,,
quantity_skew_seed42_clients5_alpha0p5_min100_angle0_fedprox_mu0p01,fedprox,42,0.01,quantity_skew,0.5,5,100,0.0,1,1,6.786648273468018,1.2864593267440796,47998,5,,,,,
quantity_skew_seed42_clients5_alpha0p5_min100_angle0_fedprox_mu0p01,fedprox,42,0.01,quantity_skew,0.5,5,100,0.0,2,1,6.993163108825684,1.2490111589431765,47998,5,,,,,
quantity_skew_seed42_clients5_alpha0p5_min100_angle0_fedprox_mu0p01,fedprox,42,0.01,quantity_skew,0.5,5,100,0.0,3,1,7.447907447814941,0.8010464310646057,47998,5,,,,,
quantity_skew_seed42_clients5_alpha0p5_min100_angle0_fedprox_mu0p01,fedprox,42,0.01,quantity_skew,0.5,5,100,0.0,4,1,7.826344490051269,0.5494076013565063,47998,5,,,,,
quantity_skew_seed42_clients5_alpha0p5_min100_angle0_fedprox_mu0p01,fedprox,42,0.01,quantity_skew,0.5,5,100,0.0,5,1,8.108748435974121,0.4159436523914337,47998,5,,,,,
quantity_skew_seed42_clients5_alpha0p5_min100_angle0_fedprox_mu0p01,fedprox,42,0.01,quantity_skew,0.5,5,100,0.0,6,1,8.328932762145996,0.3334463536739349,47998,5,,,,,
quantity_skew_seed42_clients5_alpha0p5_min100_angle0_fedprox_mu0p01,fedprox,42,0.01,quantity_skew,0.5,5,100,0.0,7,1,8.506609916687012,0.2786219716072082,47998,5,,,,,
quantity_skew_seed42_clients5_alpha0p5_min100_angle0_fedprox_mu0p01,fedprox,42,0.01,quantity_skew,0.5,5,100,0.0,8,1,8.655621528625488,0.2406705319881439,47998,5,,,,,
quantity_skew_seed42_clients5_alpha0p5_min100_angle0_fedprox_mu0p01,fedprox,42,0.01,quantity_skew,0.5,5,100,0.0,9,1,8.78287410736084,0.2116426527500152,47998,5,,,,,
quantity_skew_seed42_clients5_alpha0p5_min100_angle0_fedprox_mu0p01,fedprox,42,0.01,quantity_skew,0.5,5,100,0.0,10,1,8.894460678100586,0.1891120821237564,47998,5,,,,,
quantity_skew_seed42_clients5_alpha0p5_min100_angle0_fedprox_mu0p01,fedprox,42,0.01,quantity_skew,0.5,5,100,0.0,11,1,8.993256568908691,0.1725530922412872,47998,5,,,,,
quantity_skew_seed42_clients5_alpha0p5_min100_angle0_fedprox_mu0p01,fedprox,42,0.01,quantity_skew,0.5,5,100,0.0,12,1,9.082427024841309,0.1595819592475891,47998,5,,,,,
quantity_skew_seed42_clients5_alpha0p5_min100_angle0_fedprox_mu0p01,fedprox,42,0.01,quantity_skew,0.5,5,100,0.0,13,1,9.163784980773926,0.1486631780862808,47998,5,,,,,
quantity_skew_seed42_clients5_alpha0p5_min100_angle0_fedprox_mu0p01,fedprox,42,0.01,quantity_skew,0.5,5,100,0.0,14,1,9.238495826721191,0.1395633816719055,47998,5,,,,,
quantity_skew_seed42_clients5_alpha0p5_min100_angle0_fedprox_mu0p01,fedprox,42,0.01,quantity_skew,0.5,5,100,0.0,15,1,9.307790756225586,0.1331107169389724,47998,5,,,,,
quantity_skew_seed42_clients5_alpha0p5_min100_angle0_fedprox_mu0p01,fedprox,42,0.01,quantity_skew,0.5,5,100,0.0,16,1,9.37278175354004,0.1267122626304626,47998,5,,,,,
quantity_skew_seed42_clients5_alpha0p5_min100_angle0_fedprox_mu0p01,fedprox,42,0.01,quantity_skew,0.5,5,100,0.0,17,1,9.43410301208496,0.1209512129426002,47998,5,,,,,
quantity_skew_seed42_clients5_alpha0p5_min100_angle0_fedprox_mu0p01,fedprox,42,0.01,quantity_skew,0.5,5,100,0.0,18,1,9.492239952087402,0.1171302422881126,47998,5,,,,,
quantity_skew_seed42_clients5_alpha0p5_min100_angle0_fedprox_mu0p01,fedprox,42,0.01,quantity_skew,0.5,5,100,0.0,19,1,9.547455787658691,0.1130275055766105,47998,5,,,,,
quantity_skew_seed42_clients5_alpha0p5_min100_angle0_fedprox_mu0p01,fedprox,42,0.01,quantity_skew,0.5,5,100,0.0,20,1,9.600250244140623,0.1104393973946571,47998,5,,,,,
quantity_skew_seed42_clients5_alpha0p5_min100_angle0_scaffold_muNA,scaffold,42,,quantity_skew,0.5,5,100,0.0,1,1,,1.3026175498962402,47998,5,scaffold,752.0,0.4975847005844116,8141600.0,6.763444755999899
quantity_skew_seed42_clients5_alpha0p5_min100_angle0_scaffold_muNA,scaffold,42,,quantity_skew,0.5,5,100,0.0,2,1,,1.246389389038086,47998,5,scaffold,752.0,0.4949740171432495,8141600.0,6.188550060000125
quantity_skew_seed42_clients5_alpha0p5_min100_angle0_scaffold_muNA,scaffold,42,,quantity_skew,0.5,5,100,0.0,3,1,,0.8150748014450073,47998,5,scaffold,752.0,0.3146018087863922,8141600.0,6.288056075999975
quantity_skew_seed42_clients5_alpha0p5_min100_angle0_scaffold_muNA,scaffold,42,,quantity_skew,0.5,5,100,0.0,4,1,,0.5581713914871216,47998,5,scaffold,752.0,0.2130095362663269,8141600.0,6.291138876999867
quantity_skew_seed42_clients5_alpha0p5_min100_angle0_scaffold_muNA,scaffold,42,,quantity_skew,0.5,5,100,0.0,5,1,,0.4190623462200165,47998,5,scaffold,752.0,0.1601927429437637,8141600.0,6.281718405999982
quantity_skew_seed42_clients5_alpha0p5_min100_angle0_scaffold_muNA,scaffold,42,,quantity_skew,0.5,5,100,0.0,6,1,,0.3343349397182464,47998,5,scaffold,752.0,0.1282402276992797,8141600.0,6.420543353000085
quantity_skew_seed42_clients5_alpha0p5_min100_angle0_scaffold_muNA,scaffold,42,,quantity_skew,0.5,5,100,0.0,7,1,,0.2788524031639099,47998,5,scaffold,752.0,0.1072411239147186,8141600.0,6.217810582999846
quantity_skew_seed42_clients5_alpha0p5_min100_angle0_scaffold_muNA,scaffold,42,,quantity_skew,0.5,5,100,0.0,8,1,,0.240854799747467,47998,5,scaffold,752.0,0.0926206707954406,8141600.0,6.252000582000164
quantity_skew_seed42_clients5_alpha0p5_min100_angle0_scaffold_muNA,scaffold,42,,quantity_skew,0.5,5,100,0.0,9,1,,0.2116627991199493,47998,5,scaffold,752.0,0.0816247388720512,8141600.0,6.278032132000135
quantity_skew_seed42_clients5_alpha0p5_min100_angle0_scaffold_muNA,scaffold,42,,quantity_skew,0.5,5,100,0.0,10,1,,0.1892602890729904,47998,5,scaffold,752.0,0.0727782770991325,8141600.0,6.288906056000087
quantity_skew_seed42_clients5_alpha0p5_min100_angle0_scaffold_muNA,scaffold,42,,quantity_skew,0.5,5,100,0.0,11,1,,0.1726150810718536,47998,5,scaffold,752.0,0.0664145275950431,8141600.0,6.296376902999782
quantity_skew_seed42_clients5_alpha0p5_min100_angle0_scaffold_muNA,scaffold,42,,quantity_skew,0.5,5,100,0.0,12,1,,0.1597090661525726,47998,5,scaffold,752.0,0.0614332668483257,8141600.0,6.207701471999826
quantity_skew_seed42_clients5_alpha0p5_min100_angle0_scaffold_muNA,scaffold,42,,quantity_skew,0.5,5,100,0.0,13,1,,0.148876279592514,47998,5,scaffold,752.0,0.0574323236942291,8141600.0,6.202127365000251
quantity_skew_seed42_clients5_alpha0p5_min100_angle0_scaffold_muNA,scaffold,42,,quantity_skew,0.5,5,100,0.0,14,1,,0.1397657096385955,47998,5,scaffold,752.0,0.0537207648158073,8141600.0,6.261218698999983
quantity_skew_seed42_clients5_alpha0p5_min100_angle0_scaffold_muNA,scaffold,42,,quantity_skew,0.5,5,100,0.0,15,1,,0.1332427114248275,47998,5,scaffold,752.0,0.051260195672512,8141600.0,6.380767248000211
quantity_skew_seed42_clients5_alpha0p5_min100_angle0_scaffold_muNA,scaffold,42,,quantity_skew,0.5,5,100,0.0,16,1,,0.1269035786390304,47998,5,scaffold,752.0,0.0489531718194484,8141600.0,6.263961893000214
quantity_skew_seed42_clients5_alpha0p5_min100_angle0_scaffold_muNA,scaffold,42,,quantity_skew,0.5,5,100,0.0,17,1,,0.1212963908910751,47998,5,scaffold,752.0,0.0468164943158626,8141600.0,6.305283468000198
quantity_skew_seed42_clients5_alpha0p5_min100_angle0_scaffold_muNA,scaffold,42,,quantity_skew,0.5,5,100,0.0,18,1,,0.1174150481820106,47998,5,scaffold,752.0,0.045044932514429,8141600.0,6.3696934970002985
quantity_skew_seed42_clients5_alpha0p5_min100_angle0_scaffold_muNA,scaffold,42,,quantity_skew,0.5,5,100,0.0,19,1,,0.1132442578673362,47998,5,scaffold,752.0,0.0438026189804077,8141600.0,6.436135414000091
quantity_skew_seed42_clients5_alpha0p5_min100_angle0_scaffold_muNA,scaffold,42,,quantity_skew,0.5,5,100,0.0,20,1,,0.1106274202466011,47998,5,scaffold,752.0,0.0426624566316604,8141600.0,6.306850361000215
quantity_skew_seed43_clients5_alpha0p1_min100_angle0_fedavg_mu0,fedavg,43,0.0,quantity_skew,0.1,5,100,0.0,1,1,6.809994220733643,2.1345672607421875,47999,5,,,,,
quantity_skew_seed43_clients5_alpha0p1_min100_angle0_fedavg_mu0,fedavg,43,0.0,quantity_skew,0.1,5,100,0.0,2,1,7.328948974609375,1.3574999570846558,47999,5,,,,,
quantity_skew_seed43_clients5_alpha0p1_min100_angle0_fedavg_mu0,fedavg,43,0.0,quantity_skew,0.1,5,100,0.0,3,1,7.965826988220215,0.7571306228637695,47999,5,,,,,
quantity_skew_seed43_clients5_alpha0p1_min100_angle0_fedavg_mu0,fedavg,43,0.0,quantity_skew,0.1,5,100,0.0,4,1,8.371237754821777,0.5202493071556091,47999,5,,,,,
quantity_skew_seed43_clients5_alpha0p1_min100_angle0_fedavg_mu0,fedavg,43,0.0,quantity_skew,0.1,5,100,0.0,5,1,8.656396865844727,0.396248459815979,47999,5,,,,,
quantity_skew_seed43_clients5_alpha0p1_min100_angle0_fedavg_mu0,fedavg,43,0.0,quantity_skew,0.1,5,100,0.0,6,1,8.87134838104248,0.3262765109539032,47999,5,,,,,
quantity_skew_seed43_clients5_alpha0p1_min100_angle0_fedavg_mu0,fedavg,43,0.0,quantity_skew,0.1,5,100,0.0,7,1,9.045846939086914,0.279127299785614,47999,5,,,,,
quantity_skew_seed43_clients5_alpha0p1_min100_angle0_fedavg_mu0,fedavg,43,0.0,quantity_skew,0.1,5,100,0.0,8,1,9.191349029541016,0.2480382919311523,47999,5,,,,,
quantity_skew_seed43_clients5_alpha0p1_min100_angle0_fedavg_mu0,fedavg,43,0.0,quantity_skew,0.1,5,100,0.0,9,1,9.31762981414795,0.2247793227434158,47999,5,,,,,
quantity_skew_seed43_clients5_alpha0p1_min100_angle0_fedavg_mu0,fedavg,43,0.0,quantity_skew,0.1,5,100,0.0,10,1,9.430651664733888,0.2088855803012848,47999,5,,,,,
quantity_skew_seed43_clients5_alpha0p1_min100_angle0_fedavg_mu0,fedavg,43,0.0,quantity_skew,0.1,5,100,0.0,11,1,9.531991958618164,0.1960586458444595,47999,5,,,,,
quantity_skew_seed43_clients5_alpha0p1_min100_angle0_fedavg_mu0,fedavg,43,0.0,quantity_skew,0.1,5,100,0.0,12,1,9.626076698303224,0.1871939599514007,47999,5,,,,,
quantity_skew_seed43_clients5_alpha0p1_min100_angle0_fedavg_mu0,fedavg,43,0.0,quantity_skew,0.1,5,100,0.0,13,1,9.715082168579102,0.180707111954689,47999,5,,,,,
quantity_skew_seed43_clients5_alpha0p1_min100_angle0_fedavg_mu0,fedavg,43,0.0,quantity_skew,0.1,5,100,0.0,14,1,9.79782772064209,0.1747064143419265,47999,5,,,,,
quantity_skew_seed43_clients5_alpha0p1_min100_angle0_fedavg_mu0,fedavg,43,0.0,quantity_skew,0.1,5,100,0.0,15,1,9.876567840576172,0.1672786027193069,47999,5,,,,,
quantity_skew_seed43_clients5_alpha0p1_min100_angle0_fedavg_mu0,fedavg,43,0.0,quantity_skew,0.1,5,100,0.0,16,1,9.952112197875977,0.1642035543918609,47999,5,,,,,
quantity_skew_seed43_clients5_alpha0p1_min100_angle0_fedavg_mu0,fedavg,43,0.0,quantity_skew,0.1,5,100,0.0,17,1,10.025399208068848,0.1597543805837631,47999,5,,,,,
quantity_skew_seed43_clients5_alpha0p1_min100_angle0_fedavg_mu0,fedavg,43,0.0,quantity_skew,0.1,5,100,0.0,18,1,10.096386909484863,0.1589024662971496,47999,5,,,,,
quantity_skew_seed43_clients5_alpha0p1_min100_angle0_fedavg_mu0,fedavg,43,0.0,quantity_skew,0.1,5,100,0.0,19,1,10.166139602661133,0.1543506383895874,47999,5,,,,,
quantity_skew_seed43_clients5_alpha0p1_min100_angle0_fedavg_mu0,fedavg,43,0.0,quantity_skew,0.1,5,100,0.0,20,1,10.23419952392578,0.1498989015817642,47999,5,,,,,
quantity_skew_seed43_clients5_alpha0p1_min100_angle0_fedprox_mu0p01,fedprox,43,0.01,quantity_skew,0.1,5,100,0.0,1,1,6.809994220733643,2.092473030090332,47999,5,,,,,
quantity_skew_seed43_clients5_alpha0p1_min100_angle0_fedprox_mu0p01,fedprox,43,0.01,quantity_skew,0.1,5,100,0.0,2,1,7.312836647033691,1.347870945930481,47999,5,,,,,
quantity_skew_seed43_clients5_alpha0p1_min100_angle0_fedprox_mu0p01,fedprox,43,0.01,quantity_skew,0.1,5,100,0.0,3,1,7.939432144165039,0.7575870752334595,47999,5,,,,,
quantity_skew_seed43_clients5_alpha0p1_min100_angle0_fedprox_mu0p01,fedprox,43,0.01,quantity_skew,0.1,5,100,0.0,4,1,8.34384822845459,0.5210450291633606,47999,5,,,,,
quantity_skew_seed43_clients5_alpha0p1_min100_angle0_fedprox_mu0p01,fedprox,43,0.01,quantity_skew,0.1,5,100,0.0,5,1,8.629478454589844,0.3961465060710907,47999,5,,,,,
quantity_skew_seed43_clients5_alpha0p1_min100_angle0_fedprox_mu0p01,fedprox,43,0.01,quantity_skew,0.1,5,100,0.0,6,1,8.844910621643066,0.3258527815341949,47999,5,,,,,
quantity_skew_seed43_clients5_alpha0p1_min100_angle0_fedprox_mu0p01,fedprox,43,0.01,quantity_skew,0.1,5,100,0.0,7,1,9.01982307434082,0.2782199084758758,47999,5,,,,,
quantity_skew_seed43_clients5_alpha0p1_min100_angle0_fedprox_mu0p01,fedprox,43,0.01,quantity_skew,0.1,5,100,0.0,8,1,9.165517807006836,0.2466866075992584,47999,5,,,,,
quantity_skew_seed43_clients5_alpha0p1_min100_angle0_fedprox_mu0p01,fedprox,43,0.01,quantity_skew,0.1,5,100,0.0,9,1,9.29181671142578,0.2230407148599624,47999,5,,,,,
quantity_skew_seed43_clients5_alpha0p1_min100_angle0_fedprox_mu0p01,fedprox,43,0.01,quantity_skew,0.1,5,100,0.0,10,1,9.404706001281738,0.2071965336799621,47999,5,,,,,
quantity_skew_seed43_clients5_alpha0p1_min100_angle0_fedprox_mu0p01,fedprox,43,0.01,quantity_skew,0.1,5,100,0.0,11,1,9.505717277526855,0.1940890699625015,47999,5,,,,,
quantity_skew_seed43_clients5_alpha0p1_min100_angle0_fedprox_mu0p01,fedprox,43,0.01,quantity_skew,0.1,5,100,0.0,12,1,9.599372863769531,0.1847711503505706,47999,5,,,,,
quantity_skew_seed43_clients5_alpha0p1_min100_angle0_fedprox_mu0p01,fedprox,43,0.01,quantity_skew,0.1,5,100,0.0,13,1,9.68788719177246,0.1782132238149643,47999,5,,,,,
quantity_skew_seed43_clients5_alpha0p1_min100_angle0_fedprox_mu0p01,fedprox,43,0.01,quantity_skew,0.1,5,100,0.0,14,1,9.769891738891602,0.1727463155984878,47999,5,,,,,
quantity_skew_seed43_clients5_alpha0p1_min100_angle0_fedprox_mu0p01,fedprox,43,0.01,quantity_skew,0.1,5,100,0.0,15,1,9.84784984588623,0.1649725288152694,47999,5,,,,,
quantity_skew_seed43_clients5_alpha0p1_min100_angle0_fedprox_mu0p01,fedprox,43,0.01,quantity_skew,0.1,5,100,0.0,16,1,9.922603607177734,0.1617722809314727,47999,5,,,,,
quantity_skew_seed43_clients5_alpha0p1_min100_angle0_fedprox_mu0p01,fedprox,43,0.01,quantity_skew,0.1,5,100,0.0,17,1,9.99501132965088,0.1573043763637542,47999,5,,,,,
quantity_skew_seed43_clients5_alpha0p1_min100_angle0_fedprox_mu0p01,fedprox,43,0.01,quantity_skew,0.1,5,100,0.0,18,1,10.06509017944336,0.1565045416355133,47999,5,,,,,
quantity_skew_seed43_clients5_alpha0p1_min100_angle0_fedprox_mu0p01,fedprox,43,0.01,quantity_skew,0.1,5,100,0.0,19,1,10.13387966156006,0.1520269364118576,47999,5,,,,,
quantity_skew_seed43_clients5_alpha0p1_min100_angle0_fedprox_mu0p01,fedprox,43,0.01,quantity_skew,0.1,5,100,0.0,20,1,10.200990676879885,0.1474158018827438,47999,5,,,,,
quantity_skew_seed43_clients5_alpha0p1_min100_angle0_scaffold_muNA,scaffold,43,,quantity_skew,0.1,5,100,0.0,1,1,,2.1345672607421875,47999,5,scaffold,752.0,0.4663505256175995,8141600.0,6.295391059000394
quantity_skew_seed43_clients5_alpha0p1_min100_angle0_scaffold_muNA,scaffold,43,,quantity_skew,0.1,5,100,0.0,2,1,,1.3060137033462524,47999,5,scaffold,752.0,0.3346344828605652,8141600.0,6.270063259999915
quantity_skew_seed43_clients5_alpha0p1_min100_angle0_scaffold_muNA,scaffold,43,,quantity_skew,0.1,5,100,0.0,3,1,,0.8353517055511475,47999,5,scaffold,752.0,0.1795447170734405,8141600.0,6.283757891999812
quantity_skew_seed43_clients5_alpha0p1_min100_angle0_scaffold_muNA,scaffold,43,,quantity_skew,0.1,5,100,0.0,4,1,,0.5471790432929993,47999,5,scaffold,752.0,0.1172259226441383,8141600.0,6.312872235999748
quantity_skew_seed43_clients5_alpha0p1_min100_angle0_scaffold_muNA,scaffold,43,,quantity_skew,0.1,5,100,0.0,5,1,,0.4016424119472503,47999,5,scaffold,752.0,0.0884331092238426,8141600.0,6.380962907000139
quantity_skew_seed43_clients5_alpha0p1_min100_angle0_scaffold_muNA,scaffold,43,,quantity_skew,0.1,5,100,0.0,6,1,,0.3272714614868164,47999,5,scaffold,752.0,0.072954311966896,8141600.0,6.2754186020001725
quantity_skew_seed43_clients5_alpha0p1_min100_angle0_scaffold_muNA,scaffold,43,,quantity_skew,0.1,5,100,0.0,7,1,,0.278937816619873,47999,5,scaffold,752.0,0.0621040686964988,8141600.0,6.305875831000776
quantity_skew_seed43_clients5_alpha0p1_min100_angle0_scaffold_muNA,scaffold,43,,quantity_skew,0.1,5,100,0.0,8,1,,0.2476601749658584,47999,5,scaffold,752.0,0.0559062510728836,8141600.0,6.290556990999903
quantity_skew_seed43_clients5_alpha0p1_min100_angle0_scaffold_muNA,scaffold,43,,quantity_skew,0.1,5,100,0.0,9,1,,0.2242895364761352,47999,5,scaffold,752.0,0.0503471568226814,8141600.0,6.33801639900048
quantity_skew_seed43_clients5_alpha0p1_min100_angle0_scaffold_muNA,scaffold,43,,quantity_skew,0.1,5,100,0.0,10,1,,0.208555206656456,47999,5,scaffold,752.0,0.0467255860567092,8141600.0,6.841282217999833
quantity_skew_seed43_clients5_alpha0p1_min100_angle0_scaffold_muNA,scaffold,43,,quantity_skew,0.1,5,100,0.0,11,1,,0.1957259327173233,47999,5,scaffold,752.0,0.0436024330556392,8141600.0,6.759640278999541
quantity_skew_seed43_clients5_alpha0p1_min100_angle0_scaffold_muNA,scaffold,43,,quantity_skew,0.1,5,100,0.0,12,1,,0.18584705889225,47999,5,scaffold,752.0,0.0417560040950775,8141600.0,6.342389462000028
quantity_skew_seed43_clients5_alpha0p1_min100_angle0_scaffold_muNA,scaffold,43,,quantity_skew,0.1,5,100,0.0,13,1,,0.1799590140581131,47999,5,scaffold,752.0,0.0405493043363094,8141600.0,6.264641517999735
quantity_skew_seed43_clients5_alpha0p1_min100_angle0_scaffold_muNA,scaffold,43,,quantity_skew,0.1,5,100,0.0,14,1,,0.1743233054876327,47999,5,scaffold,752.0,0.0397919416427612,8141600.0,6.245965146000344
quantity_skew_seed43_clients5_alpha0p1_min100_angle0_scaffold_muNA,scaffold,43,,quantity_skew,0.1,5,100,0.0,15,1,,0.1665340363979339,47999,5,scaffold,752.0,0.0378175862133502,8141600.0,6.178606578000654
quantity_skew_seed43_clients5_alpha0p1_min100_angle0_scaffold_muNA,scaffold,43,,quantity_skew,0.1,5,100,0.0,16,1,,0.1634130775928497,47999,5,scaffold,752.0,0.0369438156485557,8141600.0,6.269482007000079
quantity_skew_seed43_clients5_alpha0p1_min100_angle0_scaffold_muNA,scaffold,43,,quantity_skew,0.1,5,100,0.0,17,1,,0.1584580540657043,47999,5,scaffold,752.0,0.0362138375639915,8141600.0,6.229326466000202
quantity_skew_seed43_clients5_alpha0p1_min100_angle0_scaffold_muNA,scaffold,43,,quantity_skew,0.1,5,100,0.0,18,1,,0.1576173454523086,47999,5,scaffold,752.0,0.0360723510384559,8141600.0,6.260731186000157
quantity_skew_seed43_clients5_alpha0p1_min100_angle0_scaffold_muNA,scaffold,43,,quantity_skew,0.1,5,100,0.0,19,1,,0.1533831655979156,47999,5,scaffold,752.0,0.0348680540919303,8141600.0,6.249868596999477
quantity_skew_seed43_clients5_alpha0p1_min100_angle0_scaffold_muNA,scaffold,43,,quantity_skew,0.1,5,100,0.0,20,1,,0.148985743522644,47999,5,scaffold,752.0,0.0337387509644031,8141600.0,6.295985132999704
quantity_skew_seed43_clients5_alpha0p5_min100_angle0_fedavg_mu0,fedavg,43,0.0,quantity_skew,0.5,5,100,0.0,1,1,6.809994220733643,1.9002310037612915,47999,5,,,,,
quantity_skew_seed43_clients5_alpha0p5_min100_angle0_fedavg_mu0,fedavg,43,0.0,quantity_skew,0.5,5,100,0.0,2,1,7.238282680511475,1.3370423316955566,47999,5,,,,,
quantity_skew_seed43_clients5_alpha0p5_min100_angle0_fedavg_mu0,fedavg,43,0.0,quantity_skew,0.5,5,100,0.0,3,1,7.834139347076416,0.7688753008842468,47999,5,,,,,
quantity_skew_seed43_clients5_alpha0p5_min100_angle0_fedavg_mu0,fedavg,43,0.0,quantity_skew,0.5,5,100,0.0,4,1,8.237946510314941,0.5261921286582947,47999,5,,,,,
quantity_skew_seed43_clients5_alpha0p5_min100_angle0_fedavg_mu0,fedavg,43,0.0,quantity_skew,0.5,5,100,0.0,5,1,8.524839401245117,0.4015613198280334,47999,5,,,,,
quantity_skew_seed43_clients5_alpha0p5_min100_angle0_fedavg_mu0,fedavg,43,0.0,quantity_skew,0.5,5,100,0.0,6,1,8.744489669799805,0.3260379135608673,47999,5,,,,,
quantity_skew_seed43_clients5_alpha0p5_min100_angle0_fedavg_mu0,fedavg,43,0.0,quantity_skew,0.5,5,100,0.0,7,1,8.9213285446167,0.2788062691688537,47999,5,,,,,
quantity_skew_seed43_clients5_alpha0p5_min100_angle0_fedavg_mu0,fedavg,43,0.0,quantity_skew,0.5,5,100,0.0,8,1,9.069506645202637,0.2453211992979049,47999,5,,,,,
quantity_skew_seed43_clients5_alpha0p5_min100_angle0_fedavg_mu0,fedavg,43,0.0,quantity_skew,0.5,5,100,0.0,9,1,9.197198867797852,0.2230077981948852,47999,5,,,,,
quantity_skew_seed43_clients5_alpha0p5_min100_angle0_fedavg_mu0,fedavg,43,0.0,quantity_skew,0.5,5,100,0.0,10,1,9.310559272766112,0.2034846544265747,47999,5,,,,,
quantity_skew_seed43_clients5_alpha0p5_min100_angle0_fedavg_mu0,fedavg,43,0.0,quantity_skew,0.5,5,100,0.0,11,1,9.41264533996582,0.1891435831785202,47999,5,,,,,
quantity_skew_seed43_clients5_alpha0p5_min100_angle0_fedavg_mu0,fedavg,43,0.0,quantity_skew,0.5,5,100,0.0,12,1,9.5068998336792,0.1793292760848999,47999,5,,,,,
quantity_skew_seed43_clients5_alpha0p5_min100_angle0_fedavg_mu0,fedavg,43,0.0,quantity_skew,0.5,5,100,0.0,13,1,9.593616485595703,0.1709783524274826,47999,5,,,,,
quantity_skew_seed43_clients5_alpha0p5_min100_angle0_fedavg_mu0,fedavg,43,0.0,quantity_skew,0.5,5,100,0.0,14,1,9.676042556762695,0.1634395569562912,47999,5,,,,,
quantity_skew_seed43_clients5_alpha0p5_min100_angle0_fedavg_mu0,fedavg,43,0.0,quantity_skew,0.5,5,100,0.0,15,1,9.752880096435549,0.15804223716259,47999,5,,,,,
quantity_skew_seed43_clients5_alpha0p5_min100_angle0_fedavg_mu0,fedavg,43,0.0,quantity_skew,0.5,5,100,0.0,16,1,9.82619571685791,0.1535468995571136,47999,5,,,,,
quantity_skew_seed43_clients5_alpha0p5_min100_angle0_fedavg_mu0,fedavg,43,0.0,quantity_skew,0.5,5,100,0.0,17,1,9.897183418273926,0.1491598933935165,47999,5,,,,,
quantity_skew_seed43_clients5_alpha0p5_min100_angle0_fedavg_mu0,fedavg,43,0.0,quantity_skew,0.5,5,100,0.0,18,1,9.965299606323242,0.1465041935443878,47999,5,,,,,
quantity_skew_seed43_clients5_alpha0p5_min100_angle0_fedavg_mu0,fedavg,43,0.0,quantity_skew,0.5,5,100,0.0,19,1,10.0321044921875,0.1417017728090286,47999,5,,,,,
quantity_skew_seed43_clients5_alpha0p5_min100_angle0_fedavg_mu0,fedavg,43,0.0,quantity_skew,0.5,5,100,0.0,20,1,10.095722198486328,0.1397703140974044,47999,5,,,,,
quantity_skew_seed43_clients5_alpha0p5_min100_angle0_fedprox_mu0p01,fedprox,43,0.01,quantity_skew,0.5,5,100,0.0,1,1,6.809994220733643,1.8648627996444704,47999,5,,,,,
quantity_skew_seed43_clients5_alpha0p5_min100_angle0_fedprox_mu0p01,fedprox,43,0.01,quantity_skew,0.5,5,100,0.0,2,1,7.225729942321777,1.3259977102279663,47999,5,,,,,
quantity_skew_seed43_clients5_alpha0p5_min100_angle0_fedprox_mu0p01,fedprox,43,0.01,quantity_skew,0.5,5,100,0.0,3,1,7.811105251312256,0.7686463594436646,47999,5,,,,,
quantity_skew_seed43_clients5_alpha0p5_min100_angle0_fedprox_mu0p01,fedprox,43,0.01,quantity_skew,0.5,5,100,0.0,4,1,8.21310806274414,0.5267214179039001,47999,5,,,,,
quantity_skew_seed43_clients5_alpha0p5_min100_angle0_fedprox_mu0p01,fedprox,43,0.01,quantity_skew,0.5,5,100,0.0,5,1,8.5,0.4017710387706756,47999,5,,,,,
quantity_skew_seed43_clients5_alpha0p5_min100_angle0_fedprox_mu0p01,fedprox,43,0.01,quantity_skew,0.5,5,100,0.0,6,1,8.719966888427734,0.3257936239242553,47999,5,,,,,
quantity_skew_seed43_clients5_alpha0p5_min100_angle0_fedprox_mu0p01,fedprox,43,0.01,quantity_skew,0.5,5,100,0.0,7,1,8.897095680236816,0.2781808972358703,47999,5,,,,,
quantity_skew_seed43_clients5_alpha0p5_min100_angle0_fedprox_mu0p01,fedprox,43,0.01,quantity_skew,0.5,5,100,0.0,8,1,9.04544162750244,0.2444942444562912,47999,5,,,,,
quantity_skew_seed43_clients5_alpha0p5_min100_angle0_fedprox_mu0p01,fedprox,43,0.01,quantity_skew,0.5,5,100,0.0,9,1,9.173199653625488,0.2219744324684143,47999,5,,,,,
quantity_skew_seed43_clients5_alpha0p5_min100_angle0_fedprox_mu0p01,fedprox,43,0.01,quantity_skew,0.5,5,100,0.0,10,1,9.28647232055664,0.2022048085927963,47999,5,,,,,
quantity_skew_seed43_clients5_alpha0p5_min100_angle0_fedprox_mu0p01,fedprox,43,0.01,quantity_skew,0.5,5,100,0.0,11,1,9.388355255126951,0.1876774728298187,47999,5,,,,,
quantity_skew_seed43_clients5_alpha0p5_min100_angle0_fedprox_mu0p01,fedprox,43,0.01,quantity_skew,0.5,5,100,0.0,12,1,9.482366561889648,0.1776510775089264,47999,5,,,,,
quantity_skew_seed43_clients5_alpha0p5_min100_angle0_fedprox_mu0p01,fedprox,43,0.01,quantity_skew,0.5,5,100,0.0,13,1,9.56865119934082,0.1693162620067596,47999,5,,,,,
quantity_skew_seed43_clients5_alpha0p5_min100_angle0_fedprox_mu0p01,fedprox,43,0.01,quantity_skew,0.5,5,100,0.0,14,1,9.650636672973633,0.1615089029073715,47999,5,,,,,
quantity_skew_seed43_clients5_alpha0p5_min100_angle0_fedprox_mu0p01,fedprox,43,0.01,quantity_skew,0.5,5,100,0.0,15,1,9.726923942565918,0.1561799049377441,47999,5,,,,,
quantity_skew_seed43_clients5_alpha0p5_min100_angle0_fedprox_mu0p01,fedprox,43,0.01,quantity_skew,0.5,5,100,0.0,16,1,9.799625396728516,0.1514894664287567,47999,5,,,,,
quantity_skew_seed43_clients5_alpha0p5_min100_angle0_fedprox_mu0p01,fedprox,43,0.01,quantity_skew,0.5,5,100,0.0,17,1,9.869994163513184,0.1471590399742126,47999,5,,,,,
quantity_skew_seed43_clients5_alpha0p5_min100_angle0_fedprox_mu0p01,fedprox,43,0.01,quantity_skew,0.5,5,100,0.0,18,1,9.937411308288574,0.1445638984441757,47999,5,,,,,
quantity_skew_seed43_clients5_alpha0p5_min100_angle0_fedprox_mu0p01,fedprox,43,0.01,quantity_skew,0.5,5,100,0.0,19,1,10.003561973571776,0.139822706580162,47999,5,,,,,
quantity_skew_seed43_clients5_alpha0p5_min100_angle0_fedprox_mu0p01,fedprox,43,0.01,quantity_skew,0.5,5,100,0.0,20,1,10.066418647766112,0.138095423579216,47999,5,,,,,
quantity_skew_seed43_clients5_alpha0p5_min100_angle0_scaffold_muNA,scaffold,43,,quantity_skew,0.5,5,100,0.0,1,1,,1.9002310037612915,47999,5,scaffold,753.0,0.4685976207256317,8141600.0,6.316178910000417
quantity_skew_seed43_clients5_alpha0p5_min100_angle0_scaffold_muNA,scaffold,43,,quantity_skew,0.5,5,100,0.0,2,1,,1.2758173942565918,47999,5,scaffold,753.0,0.3825718760490417,8141600.0,6.393784971000059
quantity_skew_seed43_clients5_alpha0p5_min100_angle0_scaffold_muNA,scaffold,43,,quantity_skew,0.5,5,100,0.0,3,1,,0.859218955039978,47999,5,scaffold,753.0,0.2108025699853897,8141600.0,6.461471867
quantity_skew_seed43_clients5_alpha0p5_min100_angle0_scaffold_muNA,scaffold,43,,quantity_skew,0.5,5,100,0.0,4,1,,0.5603750348091125,47999,5,scaffold,753.0,0.1352759301662445,8141600.0,6.282773601000372
quantity_skew_seed43_clients5_alpha0p5_min100_angle0_scaffold_muNA,scaffold,43,,quantity_skew,0.5,5,100,0.0,5,1,,0.4078101813793182,47999,5,scaffold,753.0,0.1012676507234573,8141600.0,6.309214431000328
quantity_skew_seed43_clients5_alpha0p5_min100_angle0_scaffold_muNA,scaffold,43,,quantity_skew,0.5,5,100,0.0,6,1,,0.3250423669815063,47999,5,scaffold,753.0,0.0825960934162139,8141600.0,6.238142422999772
quantity_skew_seed43_clients5_alpha0p5_min100_angle0_scaffold_muNA,scaffold,43,,quantity_skew,0.5,5,100,0.0,7,1,,0.2764780223369598,47999,5,scaffold,753.0,0.0699443817138671,8141600.0,6.2828389920005066
quantity_skew_seed43_clients5_alpha0p5_min100_angle0_scaffold_muNA,scaffold,43,,quantity_skew,0.5,5,100,0.0,8,1,,0.2422866076231002,47999,5,scaffold,753.0,0.0624168552458286,8141600.0,6.245267868000155
quantity_skew_seed43_clients5_alpha0p5_min100_angle0_scaffold_muNA,scaffold,43,,quantity_skew,0.5,5,100,0.0,9,1,,0.2215456813573837,47999,5,scaffold,753.0,0.0564429759979248,8141600.0,6.2562178819998735
quantity_skew_seed43_clients5_alpha0p5_min100_angle0_scaffold_muNA,scaffold,43,,quantity_skew,0.5,5,100,0.0,10,1,,0.2008841633796692,47999,5,scaffold,753.0,0.0522604547441005,8141600.0,6.33945981099987
quantity_skew_seed43_clients5_alpha0p5_min100_angle0_scaffold_muNA,scaffold,43,,quantity_skew,0.5,5,100,0.0,11,1,,0.1867981702089309,47999,5,scaffold,753.0,0.0476772859692573,8141600.0,6.156537030999971
quantity_skew_seed43_clients5_alpha0p5_min100_angle0_scaffold_muNA,scaffold,43,,quantity_skew,0.5,5,100,0.0,12,1,,0.1768751889467239,47999,5,scaffold,753.0,0.0459206029772758,8141600.0,6.36760797900024
quantity_skew_seed43_clients5_alpha0p5_min100_angle0_scaffold_muNA,scaffold,43,,quantity_skew,0.5,5,100,0.0,13,1,,0.1689700931310653,47999,5,scaffold,753.0,0.0435274727642536,8141600.0,6.288559218000046
quantity_skew_seed43_clients5_alpha0p5_min100_angle0_scaffold_muNA,scaffold,43,,quantity_skew,0.5,5,100,0.0,14,1,,0.1606748402118683,47999,5,scaffold,753.0,0.0417181327939033,8141600.0,6.196735800999704
quantity_skew_seed43_clients5_alpha0p5_min100_angle0_scaffold_muNA,scaffold,43,,quantity_skew,0.5,5,100,0.0,15,1,,0.1554827094078064,47999,5,scaffold,753.0,0.0397853590548038,8141600.0,6.344837559000553
quantity_skew_seed43_clients5_alpha0p5_min100_angle0_scaffold_muNA,scaffold,43,,quantity_skew,0.5,5,100,0.0,16,1,,0.1509008556604385,47999,5,scaffold,753.0,0.0387324094772338,8141600.0,6.30164531399987
quantity_skew_seed43_clients5_alpha0p5_min100_angle0_scaffold_muNA,scaffold,43,,quantity_skew,0.5,5,100,0.0,17,1,,0.1470184624195099,47999,5,scaffold,753.0,0.0383783057332038,8141600.0,6.205142450000494
quantity_skew_seed43_clients5_alpha0p5_min100_angle0_scaffold_muNA,scaffold,43,,quantity_skew,0.5,5,100,0.0,18,1,,0.1453165709972381,47999,5,scaffold,753.0,0.037040140479803,8141600.0,6.282500237000022
quantity_skew_seed43_clients5_alpha0p5_min100_angle0_scaffold_muNA,scaffold,43,,quantity_skew,0.5,5,100,0.0,19,1,,0.1392977833747863,47999,5,scaffold,753.0,0.0373393036425113,8141600.0,6.248408335000022
quantity_skew_seed43_clients5_alpha0p5_min100_angle0_scaffold_muNA,scaffold,43,,quantity_skew,0.5,5,100,0.0,20,1,,0.1402342319488525,47999,5,scaffold,753.0,0.0353072322905063,8141600.0,6.205440491000445
quantity_skew_seed44_clients5_alpha0p1_min100_angle0_fedavg_mu0,fedavg,44,0.0,quantity_skew,0.1,5,100,0.0,1,1,6.785419464111328,3.112140893936157,47999,5,,,,,
quantity_skew_seed44_clients5_alpha0p1_min100_angle0_fedavg_mu0,fedavg,44,0.0,quantity_skew,0.1,5,100,0.0,2,1,7.746703624725342,1.322942852973938,47999,5,,,,,
quantity_skew_seed44_clients5_alpha0p1_min100_angle0_fedavg_mu0,fedavg,44,0.0,quantity_skew,0.1,5,100,0.0,3,1,8.43985366821289,0.7346937656402588,47999,5,,,,,
quantity_skew_seed44_clients5_alpha0p1_min100_angle0_fedavg_mu0,fedavg,44,0.0,quantity_skew,0.1,5,100,0.0,4,1,8.83591079711914,0.5191328525543213,47999,5,,,,,
quantity_skew_seed44_clients5_alpha0p1_min100_angle0_fedavg_mu0,fedavg,44,0.0,quantity_skew,0.1,5,100,0.0,5,1,9.109175682067873,0.4188928306102752,47999,5,,,,,
quantity_skew_seed44_clients5_alpha0p1_min100_angle0_fedavg_mu0,fedavg,44,0.0,quantity_skew,0.1,5,100,0.0,6,1,9.318631172180176,0.357889324426651,47999,5,,,,,
quantity_skew_seed44_clients5_alpha0p1_min100_angle0_fedavg_mu0,fedavg,44,0.0,quantity_skew,0.1,5,100,0.0,7,1,9.4903564453125,0.3100817203521728,47999,5,,,,,
quantity_skew_seed44_clients5_alpha0p1_min100_angle0_fedavg_mu0,fedavg,44,0.0,quantity_skew,0.1,5,100,0.0,8,1,9.640198707580566,0.2861635684967041,47999,5,,,,,
quantity_skew_seed44_clients5_alpha0p1_min100_angle0_fedavg_mu0,fedavg,44,0.0,quantity_skew,0.1,5,100,0.0,9,1,9.772578239440918,0.2711045444011688,47999,5,,,,,
quantity_skew_seed44_clients5_alpha0p1_min100_angle0_fedavg_mu0,fedavg,44,0.0,quantity_skew,0.1,5,100,0.0,10,1,9.893684387207031,0.2608487606048584,47999,5,,,,,
quantity_skew_seed44_clients5_alpha0p1_min100_angle0_fedavg_mu0,fedavg,44,0.0,quantity_skew,0.1,5,100,0.0,11,1,10.00754737854004,0.2470426261425018,47999,5,,,,,
quantity_skew_seed44_clients5_alpha0p1_min100_angle0_fedavg_mu0,fedavg,44,0.0,quantity_skew,0.1,5,100,0.0,12,1,10.114766120910645,0.2408765852451324,47999,5,,,,,
quantity_skew_seed44_clients5_alpha0p1_min100_angle0_fedavg_mu0,fedavg,44,0.0,quantity_skew,0.1,5,100,0.0,13,1,10.21885108947754,0.2353020906448364,47999,5,,,,,
quantity_skew_seed44_clients5_alpha0p1_min100_angle0_fedavg_mu0,fedavg,44,0.0,quantity_skew,0.1,5,100,0.0,14,1,10.319043159484863,0.2289979755878448,47999,5,,,,,
quantity_skew_seed44_clients5_alpha0p1_min100_angle0_fedavg_mu0,fedavg,44,0.0,quantity_skew,0.1,5,100,0.0,15,1,10.416397094726562,0.2258530706167221,47999,5,,,,,
quantity_skew_seed44_clients5_alpha0p1_min100_angle0_fedavg_mu0,fedavg,44,0.0,quantity_skew,0.1,5,100,0.0,16,1,10.512500762939451,0.2208258509635925,47999,5,,,,,
quantity_skew_seed44_clients5_alpha0p1_min100_angle0_fedavg_mu0,fedavg,44,0.0,quantity_skew,0.1,5,100,0.0,17,1,10.606093406677246,0.2134183794260025,47999,5,,,,,
quantity_skew_seed44_clients5_alpha0p1_min100_angle0_fedavg_mu0,fedavg,44,0.0,quantity_skew,0.1,5,100,0.0,18,1,10.698025703430176,0.2088993191719055,47999,5,,,,,
quantity_skew_seed44_clients5_alpha0p1_min100_angle0_fedavg_mu0,fedavg,44,0.0,quantity_skew,0.1,5,100,0.0,19,1,10.789665222167969,0.2127056568861007,47999,5,,,,,
quantity_skew_seed44_clients5_alpha0p1_min100_angle0_fedavg_mu0,fedavg,44,0.0,quantity_skew,0.1,5,100,0.0,20,1,10.878314018249512,0.2033335864543914,47999,5,,,,,
quantity_skew_seed44_clients5_alpha0p1_min100_angle0_fedprox_mu0p01,fedprox,44,0.01,quantity_skew,0.1,5,100,0.0,1,1,6.785419464111328,3.0343363285064697,47999,5,,,,,
quantity_skew_seed44_clients5_alpha0p1_min100_angle0_fedprox_mu0p01,fedprox,44,0.01,quantity_skew,0.1,5,100,0.0,2,1,7.709015369415283,1.3211365938186646,47999,5,,,,,
quantity_skew_seed44_clients5_alpha0p1_min100_angle0_fedprox_mu0p01,fedprox,44,0.01,quantity_skew,0.1,5,100,0.0,3,1,8.398100852966309,0.7358042597770691,47999,5,,,,,
quantity_skew_seed44_clients5_alpha0p1_min100_angle0_fedprox_mu0p01,fedprox,44,0.01,quantity_skew,0.1,5,100,0.0,4,1,8.796367645263672,0.5186827778816223,47999,5,,,,,
quantity_skew_seed44_clients5_alpha0p1_min100_angle0_fedprox_mu0p01,fedprox,44,0.01,quantity_skew,0.1,5,100,0.0,5,1,9.071380615234377,0.4171333909034729,47999,5,,,,,
quantity_skew_seed44_clients5_alpha0p1_min100_angle0_fedprox_mu0p01,fedprox,44,0.01,quantity_skew,0.1,5,100,0.0,6,1,9.281785011291504,0.3549721240997314,47999,5,,,,,
quantity_skew_seed44_clients5_alpha0p1_min100_angle0_fedprox_mu0p01,fedprox,44,0.01,quantity_skew,0.1,5,100,0.0,7,1,9.453710556030272,0.3063718378543854,47999,5,,,,,
quantity_skew_seed44_clients5_alpha0p1_min100_angle0_fedprox_mu0p01,fedprox,44,0.01,quantity_skew,0.1,5,100,0.0,8,1,9.60334300994873,0.2821186482906341,47999,5,,,,,
quantity_skew_seed44_clients5_alpha0p1_min100_angle0_fedprox_mu0p01,fedprox,44,0.01,quantity_skew,0.1,5,100,0.0,9,1,9.735034942626951,0.2663517296314239,47999,5,,,,,
quantity_skew_seed44_clients5_alpha0p1_min100_angle0_fedprox_mu0p01,fedprox,44,0.01,quantity_skew,0.1,5,100,0.0,10,1,9.85508632659912,0.2557001411914825,47999,5,,,,,
quantity_skew_seed44_clients5_alpha0p1_min100_angle0_fedprox_mu0p01,fedprox,44,0.01,quantity_skew,0.1,5,100,0.0,11,1,9.96756076812744,0.2420367896556854,47999,5,,,,,
quantity_skew_seed44_clients5_alpha0p1_min100_angle0_fedprox_mu0p01,fedprox,44,0.01,quantity_skew,0.1,5,100,0.0,12,1,10.072996139526367,0.2356083840131759,47999,5,,,,,
quantity_skew_seed44_clients5_alpha0p1_min100_angle0_fedprox_mu0p01,fedprox,44,0.01,quantity_skew,0.1,5,100,0.0,13,1,10.175095558166504,0.2301671952009201,47999,5,,,,,
quantity_skew_seed44_clients5_alpha0p1_min100_angle0_fedprox_mu0p01,fedprox,44,0.01,quantity_skew,0.1,5,100,0.0,14,1,10.273231506347656,0.2237730771303177,47999,5,,,,,
quantity_skew_seed44_clients5_alpha0p1_min100_angle0_fedprox_mu0p01,fedprox,44,0.01,quantity_skew,0.1,5,100,0.0,15,1,10.368428230285645,0.220644399523735,47999,5,,,,,
quantity_skew_seed44_clients5_alpha0p1_min100_angle0_fedprox_mu0p01,fedprox,44,0.01,quantity_skew,0.1,5,100,0.0,16,1,10.462265968322754,0.2160257995128631,47999,5,,,,,
quantity_skew_seed44_clients5_alpha0p1_min100_angle0_fedprox_mu0p01,fedprox,44,0.01,quantity_skew,0.1,5,100,0.0,17,1,10.553592681884766,0.2081591784954071,47999,5,,,,,
quantity_skew_seed44_clients5_alpha0p1_min100_angle0_fedprox_mu0p01,fedprox,44,0.01,quantity_skew,0.1,5,100,0.0,18,1,10.643068313598633,0.2040123790502548,47999,5,,,,,
quantity_skew_seed44_clients5_alpha0p1_min100_angle0_fedprox_mu0p01,fedprox,44,0.01,quantity_skew,0.1,5,100,0.0,19,1,10.732367515563965,0.2084967643022537,47999,5,,,,,
quantity_skew_seed44_clients5_alpha0p1_min100_angle0_fedprox_mu0p01,fedprox,44,0.01,quantity_skew,0.1,5,100,0.0,20,1,10.818609237670898,0.199756771326065,47999,5,,,,,
quantity_skew_seed44_clients5_alpha0p1_min100_angle0_scaffold_muNA,scaffold,44,,quantity_skew,0.1,5,100,0.0,1,1,,3.112140893936157,47999,5,scaffold,754.0,0.4326320290565491,8141600.0,6.14598943800047
quantity_skew_seed44_clients5_alpha0p1_min100_angle0_scaffold_muNA,scaffold,44,,quantity_skew,0.1,5,100,0.0,2,1,,1.30289626121521,47999,5,scaffold,754.0,0.1892387568950653,8141600.0,6.080642764000004
quantity_skew_seed44_clients5_alpha0p1_min100_angle0_scaffold_muNA,scaffold,44,,quantity_skew,0.1,5,100,0.0,3,1,,0.7514271140098572,47999,5,scaffold,754.0,0.1044250503182411,8141600.0,6.24866024000039
quantity_skew_seed44_clients5_alpha0p1_min100_angle0_scaffold_muNA,scaffold,44,,quantity_skew,0.1,5,100,0.0,4,1,,0.5227572917938232,47999,5,scaffold,754.0,0.0735768675804138,8141600.0,6.130925773000854
quantity_skew_seed44_clients5_alpha0p1_min100_angle0_scaffold_muNA,scaffold,44,,quantity_skew,0.1,5,100,0.0,5,1,,0.4198879897594452,47999,5,scaffold,754.0,0.0582830943167209,8141600.0,6.146152208000785
quantity_skew_seed44_clients5_alpha0p1_min100_angle0_scaffold_muNA,scaffold,44,,quantity_skew,0.1,5,100,0.0,6,1,,0.3580624759197235,47999,5,scaffold,754.0,0.0535086542367935,8141600.0,6.185764411999116
quantity_skew_seed44_clients5_alpha0p1_min100_angle0_scaffold_muNA,scaffold,44,,quantity_skew,0.1,5,100,0.0,7,1,,0.3111510872840881,47999,5,scaffold,754.0,0.0443138219416141,8141600.0,6.263956863000203
quantity_skew_seed44_clients5_alpha0p1_min100_angle0_scaffold_muNA,scaffold,44,,quantity_skew,0.1,5,100,0.0,8,1,,0.2860563397407532,47999,5,scaffold,754.0,0.0401150323450565,8141600.0,6.198686797999471
quantity_skew_seed44_clients5_alpha0p1_min100_angle0_scaffold_muNA,scaffold,44,,quantity_skew,0.1,5,100,0.0,9,1,,0.2716872692108154,47999,5,scaffold,754.0,0.0383010730147361,8141600.0,6.180722201001117
quantity_skew_seed44_clients5_alpha0p1_min100_angle0_scaffold_muNA,scaffold,44,,quantity_skew,0.1,5,100,0.0,10,1,,0.2612583637237549,47999,5,scaffold,754.0,0.0380263552069664,8141600.0,6.145985220000512
quantity_skew_seed44_clients5_alpha0p1_min100_angle0_scaffold_muNA,scaffold,44,,quantity_skew,0.1,5,100,0.0,11,1,,0.2471268475055694,47999,5,scaffold,754.0,0.035622488707304,8141600.0,6.206751790999988
quantity_skew_seed44_clients5_alpha0p1_min100_angle0_scaffold_muNA,scaffold,44,,quantity_skew,0.1,5,100,0.0,12,1,,0.2409188151359558,47999,5,scaffold,754.0,0.0341084711253643,8141600.0,6.209038953000345
quantity_skew_seed44_clients5_alpha0p1_min100_angle0_scaffold_muNA,scaffold,44,,quantity_skew,0.1,5,100,0.0,13,1,,0.2349111884832382,47999,5,scaffold,754.0,0.033946443349123,8141600.0,6.238680470998588
quantity_skew_seed44_clients5_alpha0p1_min100_angle0_scaffold_muNA,scaffold,44,,quantity_skew,0.1,5,100,0.0,14,1,,0.2298213243484497,47999,5,scaffold,754.0,0.0330823510885238,8141600.0,6.213975593000214
quantity_skew_seed44_clients5_alpha0p1_min100_angle0_scaffold_muNA,scaffold,44,,quantity_skew,0.1,5,100,0.0,15,1,,0.2255342602729797,47999,5,scaffold,754.0,0.0320846363902092,8141600.0,6.217527446999156
quantity_skew_seed44_clients5_alpha0p1_min100_angle0_scaffold_muNA,scaffold,44,,quantity_skew,0.1,5,100,0.0,16,1,,0.221352607011795,47999,5,scaffold,754.0,0.0322727970778942,8141600.0,6.3298121679999895
quantity_skew_seed44_clients5_alpha0p1_min100_angle0_scaffold_muNA,scaffold,44,,quantity_skew,0.1,5,100,0.0,17,1,,0.2149367779493332,47999,5,scaffold,754.0,0.0306886620819568,8141600.0,6.3277029279997805
quantity_skew_seed44_clients5_alpha0p1_min100_angle0_scaffold_muNA,scaffold,44,,quantity_skew,0.1,5,100,0.0,18,1,,0.2095024436712265,47999,5,scaffold,754.0,0.0296075958758592,8141600.0,6.395891726999253
quantity_skew_seed44_clients5_alpha0p1_min100_angle0_scaffold_muNA,scaffold,44,,quantity_skew,0.1,5,100,0.0,19,1,,0.2125487327575683,47999,5,scaffold,754.0,0.0307616759091615,8141600.0,6.4899026100010815
quantity_skew_seed44_clients5_alpha0p1_min100_angle0_scaffold_muNA,scaffold,44,,quantity_skew,0.1,5,100,0.0,20,1,,0.2034597247838974,47999,5,scaffold,754.0,0.0294120423495769,8141600.0,6.472819413000252
quantity_skew_seed44_clients5_alpha0p5_min100_angle0_fedavg_mu0,fedavg,44,0.0,quantity_skew,0.5,5,100,0.0,1,1,6.785419464111328,1.4098128080368042,47998,5,,,,,
quantity_skew_seed44_clients5_alpha0p5_min100_angle0_fedavg_mu0,fedavg,44,0.0,quantity_skew,0.5,5,100,0.0,2,1,7.034176826477051,1.2968324422836304,47998,5,,,,,
quantity_skew_seed44_clients5_alpha0p5_min100_angle0_fedavg_mu0,fedavg,44,0.0,quantity_skew,0.5,5,100,0.0,3,1,7.5314202308654785,0.8068181872367859,47998,5,,,,,
quantity_skew_seed44_clients5_alpha0p5_min100_angle0_fedavg_mu0,fedavg,44,0.0,quantity_skew,0.5,5,100,0.0,4,1,7.926101207733154,0.5496549606323242,47998,5,,,,,
quantity_skew_seed44_clients5_alpha0p5_min100_angle0_fedavg_mu0,fedavg,44,0.0,quantity_skew,0.5,5,100,0.0,5,1,8.215971946716309,0.4132193028926849,47998,5,,,,,
quantity_skew_seed44_clients5_alpha0p5_min100_angle0_fedavg_mu0,fedavg,44,0.0,quantity_skew,0.5,5,100,0.0,6,1,8.439048767089844,0.3326437473297119,47998,5,,,,,
quantity_skew_seed44_clients5_alpha0p5_min100_angle0_fedavg_mu0,fedavg,44,0.0,quantity_skew,0.5,5,100,0.0,7,1,8.619488716125488,0.2787519693374634,47998,5,,,,,
quantity_skew_seed44_clients5_alpha0p5_min100_angle0_fedavg_mu0,fedavg,44,0.0,quantity_skew,0.5,5,100,0.0,8,1,8.770265579223633,0.2404986470937729,47998,5,,,,,
quantity_skew_seed44_clients5_alpha0p5_min100_angle0_fedavg_mu0,fedavg,44,0.0,quantity_skew,0.5,5,100,0.0,9,1,8.899079322814941,0.212632954120636,47998,5,,,,,
quantity_skew_seed44_clients5_alpha0p5_min100_angle0_fedavg_mu0,fedavg,44,0.0,quantity_skew,0.5,5,100,0.0,10,1,9.01167106628418,0.191734030842781,47998,5,,,,,
quantity_skew_seed44_clients5_alpha0p5_min100_angle0_fedavg_mu0,fedavg,44,0.0,quantity_skew,0.5,5,100,0.0,11,1,9.112154006958008,0.1753377914428711,47998,5,,,,,
quantity_skew_seed44_clients5_alpha0p5_min100_angle0_fedavg_mu0,fedavg,44,0.0,quantity_skew,0.5,5,100,0.0,12,1,9.20261287689209,0.161972090601921,47998,5,,,,,
quantity_skew_seed44_clients5_alpha0p5_min100_angle0_fedavg_mu0,fedavg,44,0.0,quantity_skew,0.5,5,100,0.0,13,1,9.28554916381836,0.1513958126306533,47998,5,,,,,
quantity_skew_seed44_clients5_alpha0p5_min100_angle0_fedavg_mu0,fedavg,44,0.0,quantity_skew,0.5,5,100,0.0,14,1,9.361488342285156,0.142872542142868,47998,5,,,,,
quantity_skew_seed44_clients5_alpha0p5_min100_angle0_fedavg_mu0,fedavg,44,0.0,quantity_skew,0.5,5,100,0.0,15,1,9.432174682617188,0.1351772993803024,47998,5,,,,,
quantity_skew_seed44_clients5_alpha0p5_min100_angle0_fedavg_mu0,fedavg,44,0.0,quantity_skew,0.5,5,100,0.0,16,1,9.497906684875488,0.1307369321584701,47998,5,,,,,
quantity_skew_seed44_clients5_alpha0p5_min100_angle0_fedavg_mu0,fedavg,44,0.0,quantity_skew,0.5,5,100,0.0,17,1,9.560667991638184,0.1268569231033325,47998,5,,,,,
quantity_skew_seed44_clients5_alpha0p5_min100_angle0_fedavg_mu0,fedavg,44,0.0,quantity_skew,0.5,5,100,0.0,18,1,9.619966506958008,0.1217426806688308,47998,5,,,,,
quantity_skew_seed44_clients5_alpha0p5_min100_angle0_fedavg_mu0,fedavg,44,0.0,quantity_skew,0.5,5,100,0.0,19,1,9.677326202392578,0.1170832142233848,47998,5,,,,,
quantity_skew_seed44_clients5_alpha0p5_min100_angle0_fedavg_mu0,fedavg,44,0.0,quantity_skew,0.5,5,100,0.0,20,1,9.73167896270752,0.1140595972537994,47998,5,,,,,
quantity_skew_seed44_clients5_alpha0p5_min100_angle0_fedprox_mu0p01,fedprox,44,0.01,quantity_skew,0.5,5,100,0.0,1,1,6.785419464111328,1.3884764909744265,47998,5,,,,,
quantity_skew_seed44_clients5_alpha0p5_min100_angle0_fedprox_mu0p01,fedprox,44,0.01,quantity_skew,0.5,5,100,0.0,2,1,7.028062343597412,1.284810185432434,47998,5,,,,,
quantity_skew_seed44_clients5_alpha0p5_min100_angle0_fedprox_mu0p01,fedprox,44,0.01,quantity_skew,0.5,5,100,0.0,3,1,7.516366004943848,0.8058440685272217,47998,5,,,,,
quantity_skew_seed44_clients5_alpha0p5_min100_angle0_fedprox_mu0p01,fedprox,44,0.01,quantity_skew,0.5,5,100,0.0,4,1,7.908502101898193,0.5500284433364868,47998,5,,,,,
quantity_skew_seed44_clients5_alpha0p5_min100_angle0_fedprox_mu0p01,fedprox,44,0.01,quantity_skew,0.5,5,100,0.0,5,1,8.197857856750488,0.4135764837265014,47998,5,,,,,
quantity_skew_seed44_clients5_alpha0p5_min100_angle0_fedprox_mu0p01,fedprox,44,0.01,quantity_skew,0.5,5,100,0.0,6,1,8.420954704284668,0.3328926861286163,47998,5,,,,,
quantity_skew_seed44_clients5_alpha0p5_min100_angle0_fedprox_mu0p01,fedprox,44,0.01,quantity_skew,0.5,5,100,0.0,7,1,8.60157299041748,0.2787822186946869,47998,5,,,,,
quantity_skew_seed44_clients5_alpha0p5_min100_angle0_fedprox_mu0p01,fedprox,44,0.01,quantity_skew,0.5,5,100,0.0,8,1,8.752523422241211,0.2404418885707855,47998,5,,,,,
quantity_skew_seed44_clients5_alpha0p5_min100_angle0_fedprox_mu0p01,fedprox,44,0.01,quantity_skew,0.5,5,100,0.0,9,1,8.881521224975586,0.2124238610267639,47998,5,,,,,
quantity_skew_seed44_clients5_alpha0p5_min100_angle0_fedprox_mu0p01,fedprox,44,0.01,quantity_skew,0.5,5,100,0.0,10,1,8.99422836303711,0.1914493888616562,47998,5,,,,,
quantity_skew_seed44_clients5_alpha0p5_min100_angle0_fedprox_mu0p01,fedprox,44,0.01,quantity_skew,0.5,5,100,0.0,11,1,9.09479522705078,0.1749157905578613,47998,5,,,,,
quantity_skew_seed44_clients5_alpha0p5_min100_angle0_fedprox_mu0p01,fedprox,44,0.01,quantity_skew,0.5,5,100,0.0,12,1,9.185275077819824,0.1615099906921386,47998,5,,,,,
quantity_skew_seed44_clients5_alpha0p5_min100_angle0_fedprox_mu0p01,fedprox,44,0.01,quantity_skew,0.5,5,100,0.0,13,1,9.268238067626951,0.1508904546499252,47998,5,,,,,
quantity_skew_seed44_clients5_alpha0p5_min100_angle0_fedprox_mu0p01,fedprox,44,0.01,quantity_skew,0.5,5,100,0.0,14,1,9.344141006469728,0.1422472298145294,47998,5,,,,,
quantity_skew_seed44_clients5_alpha0p5_min100_angle0_fedprox_mu0p01,fedprox,44,0.01,quantity_skew,0.5,5,100,0.0,15,1,9.4147367477417,0.1345153152942657,47998,5,,,,,
quantity_skew_seed44_clients5_alpha0p5_min100_angle0_fedprox_mu0p01,fedprox,44,0.01,quantity_skew,0.5,5,100,0.0,16,1,9.480340957641602,0.1298317313194275,47998,5,,,,,
quantity_skew_seed44_clients5_alpha0p5_min100_angle0_fedprox_mu0p01,fedprox,44,0.01,quantity_skew,0.5,5,100,0.0,17,1,9.542932510375977,0.1260196417570114,47998,5,,,,,
quantity_skew_seed44_clients5_alpha0p5_min100_angle0_fedprox_mu0p01,fedprox,44,0.01,quantity_skew,0.5,5,100,0.0,18,1,9.602059364318848,0.1207959279417991,47998,5,,,,,
quantity_skew_seed44_clients5_alpha0p5_min100_angle0_fedprox_mu0p01,fedprox,44,0.01,quantity_skew,0.5,5,100,0.0,19,1,9.659188270568848,0.1161250621080398,47998,5,,,,,
quantity_skew_seed44_clients5_alpha0p5_min100_angle0_fedprox_mu0p01,fedprox,44,0.01,quantity_skew,0.5,5,100,0.0,20,1,9.713284492492676,0.1129740327596664,47998,5,,,,,
quantity_skew_seed44_clients5_alpha0p5_min100_angle0_scaffold_muNA,scaffold,44,,quantity_skew,0.5,5,100,0.0,1,1,,1.4098129272460938,47998,5,scaffold,753.0,0.4643411636352539,8141600.0,6.221923981998771
quantity_skew_seed44_clients5_alpha0p5_min100_angle0_scaffold_muNA,scaffold,44,,quantity_skew,0.5,5,100,0.0,2,1,,1.2430617809295654,47998,5,scaffold,753.0,0.4836745858192444,8141600.0,6.2525458820000495
quantity_skew_seed44_clients5_alpha0p5_min100_angle0_scaffold_muNA,scaffold,44,,quantity_skew,0.5,5,100,0.0,3,1,,0.8624733090400696,47998,5,scaffold,753.0,0.2985054552555084,8141600.0,6.221207055999912
quantity_skew_seed44_clients5_alpha0p5_min100_angle0_scaffold_muNA,scaffold,44,,quantity_skew,0.5,5,100,0.0,4,1,,0.5867681503295898,47998,5,scaffold,753.0,0.1942726224660873,8141600.0,6.248264195999582
quantity_skew_seed44_clients5_alpha0p5_min100_angle0_scaffold_muNA,scaffold,44,,quantity_skew,0.5,5,100,0.0,5,1,,0.4258282482624054,47998,5,scaffold,753.0,0.1427569389343261,8141600.0,6.226263583999753
quantity_skew_seed44_clients5_alpha0p5_min100_angle0_scaffold_muNA,scaffold,44,,quantity_skew,0.5,5,100,0.0,6,1,,0.3359657227993011,47998,5,scaffold,753.0,0.114047385752201,8141600.0,6.181895794999946
quantity_skew_seed44_clients5_alpha0p5_min100_angle0_scaffold_muNA,scaffold,44,,quantity_skew,0.5,5,100,0.0,7,1,,0.279497742652893,47998,5,scaffold,753.0,0.0956277772784233,8141600.0,6.231530221999492
quantity_skew_seed44_clients5_alpha0p5_min100_angle0_scaffold_muNA,scaffold,44,,quantity_skew,0.5,5,100,0.0,8,1,,0.240195482969284,47998,5,scaffold,753.0,0.0826122239232063,8141600.0,6.243902693000564
quantity_skew_seed44_clients5_alpha0p5_min100_angle0_scaffold_muNA,scaffold,44,,quantity_skew,0.5,5,100,0.0,9,1,,0.2124582082033157,47998,5,scaffold,753.0,0.0730573758482933,8141600.0,6.226255534000302
quantity_skew_seed44_clients5_alpha0p5_min100_angle0_scaffold_muNA,scaffold,44,,quantity_skew,0.5,5,100,0.0,10,1,,0.1915287524461746,47998,5,scaffold,753.0,0.065592810511589,8141600.0,6.163318420998621
quantity_skew_seed44_clients5_alpha0p5_min100_angle0_scaffold_muNA,scaffold,44,,quantity_skew,0.5,5,100,0.0,11,1,,0.1747642308473587,47998,5,scaffold,753.0,0.0604599900543689,8141600.0,6.286224798999683
quantity_skew_seed44_clients5_alpha0p5_min100_angle0_scaffold_muNA,scaffold,44,,quantity_skew,0.5,5,100,0.0,12,1,,0.1616563647985458,47998,5,scaffold,753.0,0.0557163842022419,8141600.0,6.148989276000066
quantity_skew_seed44_clients5_alpha0p5_min100_angle0_scaffold_muNA,scaffold,44,,quantity_skew,0.5,5,100,0.0,13,1,,0.1510334312915802,47998,5,scaffold,753.0,0.0521834194660186,8141600.0,6.128663751000204
quantity_skew_seed44_clients5_alpha0p5_min100_angle0_scaffold_muNA,scaffold,44,,quantity_skew,0.5,5,100,0.0,14,1,,0.1425552815198898,47998,5,scaffold,753.0,0.0491884760558605,8141600.0,6.108880661000512
quantity_skew_seed44_clients5_alpha0p5_min100_angle0_scaffold_muNA,scaffold,44,,quantity_skew,0.5,5,100,0.0,15,1,,0.1347349435091018,47998,5,scaffold,753.0,0.0464717298746109,8141600.0,6.113987149999957
quantity_skew_seed44_clients5_alpha0p5_min100_angle0_scaffold_muNA,scaffold,44,,quantity_skew,0.5,5,100,0.0,16,1,,0.1302124708890915,47998,5,scaffold,753.0,0.0451506525278091,8141600.0,6.096064322999155
quantity_skew_seed44_clients5_alpha0p5_min100_angle0_scaffold_muNA,scaffold,44,,quantity_skew,0.5,5,100,0.0,17,1,,0.12650828063488,47998,5,scaffold,753.0,0.0444386377930641,8141600.0,6.273220766999657
quantity_skew_seed44_clients5_alpha0p5_min100_angle0_scaffold_muNA,scaffold,44,,quantity_skew,0.5,5,100,0.0,18,1,,0.1212940886616706,47998,5,scaffold,753.0,0.0424883440136909,8141600.0,6.21870714599936
quantity_skew_seed44_clients5_alpha0p5_min100_angle0_scaffold_muNA,scaffold,44,,quantity_skew,0.5,5,100,0.0,19,1,,0.1165538877248764,47998,5,scaffold,753.0,0.0404341705143451,8141600.0,6.153564307000124
quantity_skew_seed44_clients5_alpha0p5_min100_angle0_scaffold_muNA,scaffold,44,,quantity_skew,0.5,5,100,0.0,20,1,,0.1137112826108932,47998,5,scaffold,753.0,0.0393995866179466,8141600.0,6.224098619999495
rotation_shift_seed42_clients5_alphaNA_min1_angle10_fedavg_mu0,fedavg,42,0.0,rotation_shift,,5,1,10.0,1,1,6.786648273468018,0.6832295060157776,48000,5,,,,,
rotation_shift_seed42_clients5_alphaNA_min1_angle10_fedavg_mu0,fedavg,42,0.0,rotation_shift,,5,1,10.0,2,1,6.851902484893799,0.8362331390380859,48000,5,,,,,
rotation_shift_seed42_clients5_alphaNA_min1_angle10_fedavg_mu0,fedavg,42,0.0,rotation_shift,,5,1,10.0,3,1,7.053649425506592,0.7527080774307251,48000,5,,,,,
rotation_shift_seed42_clients5_alphaNA_min1_angle10_fedavg_mu0,fedavg,42,0.0,rotation_shift,,5,1,10.0,4,1,7.323338985443115,0.5797566771507263,48000,5,,,,,
rotation_shift_seed42_clients5_alphaNA_min1_angle10_fedavg_mu0,fedavg,42,0.0,rotation_shift,,5,1,10.0,5,1,7.575932025909424,0.4458835124969482,48000,5,,,,,
rotation_shift_seed42_clients5_alphaNA_min1_angle10_fedavg_mu0,fedavg,42,0.0,rotation_shift,,5,1,10.0,6,1,7.790304183959961,0.3556646704673767,48000,5,,,,,
rotation_shift_seed42_clients5_alphaNA_min1_angle10_fedavg_mu0,fedavg,42,0.0,rotation_shift,,5,1,10.0,7,1,7.970237731933594,0.2946439981460571,48000,5,,,,,
rotation_shift_seed42_clients5_alphaNA_min1_angle10_fedavg_mu0,fedavg,42,0.0,rotation_shift,,5,1,10.0,8,1,8.123584747314453,0.2513286471366882,48000,5,,,,,
rotation_shift_seed42_clients5_alphaNA_min1_angle10_fedavg_mu0,fedavg,42,0.0,rotation_shift,,5,1,10.0,9,1,8.256146430969238,0.2184476405382156,48000,5,,,,,
rotation_shift_seed42_clients5_alphaNA_min1_angle10_fedavg_mu0,fedavg,42,0.0,rotation_shift,,5,1,10.0,10,1,8.37255573272705,0.1935106068849563,48000,5,,,,,
rotation_shift_seed42_clients5_alphaNA_min1_angle10_fedavg_mu0,fedavg,42,0.0,rotation_shift,,5,1,10.0,11,1,8.476008415222168,0.173729121685028,48000,5,,,,,
rotation_shift_seed42_clients5_alphaNA_min1_angle10_fedavg_mu0,fedavg,42,0.0,rotation_shift,,5,1,10.0,12,1,8.569076538085938,0.1570967733860016,48000,5,,,,,
rotation_shift_seed42_clients5_alphaNA_min1_angle10_fedavg_mu0,fedavg,42,0.0,rotation_shift,,5,1,10.0,13,1,8.653030395507812,0.144201785326004,48000,5,,,,,
rotation_shift_seed42_clients5_alphaNA_min1_angle10_fedavg_mu0,fedavg,42,0.0,rotation_shift,,5,1,10.0,14,1,8.72981071472168,0.1328323781490326,48000,5,,,,,
rotation_shift_seed42_clients5_alphaNA_min1_angle10_fedavg_mu0,fedavg,42,0.0,rotation_shift,,5,1,10.0,15,1,8.800453186035156,0.1235967725515365,48000,5,,,,,
rotation_shift_seed42_clients5_alphaNA_min1_angle10_fedavg_mu0,fedavg,42,0.0,rotation_shift,,5,1,10.0,16,1,8.865779876708984,0.1156016886234283,48000,5,,,,,
rotation_shift_seed42_clients5_alphaNA_min1_angle10_fedavg_mu0,fedavg,42,0.0,rotation_shift,,5,1,10.0,17,1,8.926397323608398,0.1093466281890869,48000,5,,,,,
rotation_shift_seed42_clients5_alphaNA_min1_angle10_fedavg_mu0,fedavg,42,0.0,rotation_shift,,5,1,10.0,18,1,8.983195304870605,0.1038392037153244,48000,5,,,,,
rotation_shift_seed42_clients5_alphaNA_min1_angle10_fedavg_mu0,fedavg,42,0.0,rotation_shift,,5,1,10.0,19,1,9.036333084106444,0.0982567071914672,48000,5,,,,,
rotation_shift_seed42_clients5_alphaNA_min1_angle10_fedavg_mu0,fedavg,42,0.0,rotation_shift,,5,1,10.0,20,1,9.086713790893556,0.0944000706076622,48000,5,,,,,
rotation_shift_seed42_clients5_alphaNA_min1_angle10_fedprox_mu0p01,fedprox,42,0.01,rotation_shift,,5,1,10.0,1,1,6.786648273468018,0.6782321333885193,48000,5,,,,,
rotation_shift_seed42_clients5_alphaNA_min1_angle10_fedprox_mu0p01,fedprox,42,0.01,rotation_shift,,5,1,10.0,2,1,6.851120471954346,0.8301594853401184,48000,5,,,,,
rotation_shift_seed42_clients5_alphaNA_min1_angle10_fedprox_mu0p01,fedprox,42,0.01,rotation_shift,,5,1,10.0,3,1,7.050336837768555,0.7495995759963989,48000,5,,,,,
rotation_shift_seed42_clients5_alphaNA_min1_angle10_fedprox_mu0p01,fedprox,42,0.01,rotation_shift,,5,1,10.0,4,1,7.317716121673584,0.5790578722953796,48000,5,,,,,
rotation_shift_seed42_clients5_alphaNA_min1_angle10_fedprox_mu0p01,fedprox,42,0.01,rotation_shift,,5,1,10.0,5,1,7.569162368774414,0.4459108710289001,48000,5,,,,,
rotation_shift_seed42_clients5_alphaNA_min1_angle10_fedprox_mu0p01,fedprox,42,0.01,rotation_shift,,5,1,10.0,6,1,7.783065795898437,0.3558196127414703,48000,5,,,,,
rotation_shift_seed42_clients5_alphaNA_min1_angle10_fedprox_mu0p01,fedprox,42,0.01,rotation_shift,,5,1,10.0,7,1,7.962813377380371,0.2948013544082641,48000,5,,,,,
rotation_shift_seed42_clients5_alphaNA_min1_angle10_fedprox_mu0p01,fedprox,42,0.01,rotation_shift,,5,1,10.0,8,1,8.116101264953613,0.2514755427837372,48000,5,,,,,
rotation_shift_seed42_clients5_alphaNA_min1_angle10_fedprox_mu0p01,fedprox,42,0.01,rotation_shift,,5,1,10.0,9,1,8.248668670654297,0.2185577899217605,48000,5,,,,,
rotation_shift_seed42_clients5_alphaNA_min1_angle10_fedprox_mu0p01,fedprox,42,0.01,rotation_shift,,5,1,10.0,10,1,8.36510944366455,0.1936016827821731,48000,5,,,,,
rotation_shift_seed42_clients5_alphaNA_min1_angle10_fedprox_mu0p01,fedprox,42,0.01,rotation_shift,,5,1,10.0,11,1,8.468605995178223,0.1738160252571106,48000,5,,,,,
rotation_shift_seed42_clients5_alphaNA_min1_angle10_fedprox_mu0p01,fedprox,42,0.01,rotation_shift,,5,1,10.0,12,1,8.561734199523926,0.1571628600358963,48000,5,,,,,
rotation_shift_seed42_clients5_alphaNA_min1_angle10_fedprox_mu0p01,fedprox,42,0.01,rotation_shift,,5,1,10.0,13,1,8.645740509033203,0.1442323923110962,48000,5,,,,,
rotation_shift_seed42_clients5_alphaNA_min1_angle10_fedprox_mu0p01,fedprox,42,0.01,rotation_shift,,5,1,10.0,14,1,8.722579002380371,0.1328602135181427,48000,5,,,,,
rotation_shift_seed42_clients5_alphaNA_min1_angle10_fedprox_mu0p01,fedprox,42,0.01,rotation_shift,,5,1,10.0,15,1,8.793278694152832,0.1235966831445694,48000,5,,,,,
rotation_shift_seed42_clients5_alphaNA_min1_angle10_fedprox_mu0p01,fedprox,42,0.01,rotation_shift,,5,1,10.0,16,1,8.858660697937012,0.1155724972486496,48000,5,,,,,
rotation_shift_seed42_clients5_alphaNA_min1_angle10_fedprox_mu0p01,fedprox,42,0.01,rotation_shift,,5,1,10.0,17,1,8.919320106506348,0.1093102842569351,48000,5,,,,,
rotation_shift_seed42_clients5_alphaNA_min1_angle10_fedprox_mu0p01,fedprox,42,0.01,rotation_shift,,5,1,10.0,18,1,8.976158142089844,0.1037759184837341,48000,5,,,,,
rotation_shift_seed42_clients5_alphaNA_min1_angle10_fedprox_mu0p01,fedprox,42,0.01,rotation_shift,,5,1,10.0,19,1,9.029324531555176,0.0981914848089218,48000,5,,,,,
rotation_shift_seed42_clients5_alphaNA_min1_angle10_fedprox_mu0p01,fedprox,42,0.01,rotation_shift,,5,1,10.0,20,1,9.079729080200195,0.0942953675985336,48000,5,,,,,
rotation_shift_seed42_clients5_alphaNA_min1_angle10_scaffold_muNA,scaffold,42,,rotation_shift,,5,1,10.0,1,1,,0.6832295656204224,48000,5,scaffold,750.0,0.455486387014389,8141600.0,20.03346967400012
rotation_shift_seed42_clients5_alphaNA_min1_angle10_scaffold_muNA,scaffold,42,,rotation_shift,,5,1,10.0,2,1,,0.8371869325637817,48000,5,scaffold,750.0,0.5581246614456177,8141600.0,19.65667563499983
rotation_shift_seed42_clients5_alphaNA_min1_angle10_scaffold_muNA,scaffold,42,,rotation_shift,,5,1,10.0,3,1,,0.7554141879081726,48000,5,scaffold,750.0,0.5036094188690186,8141600.0,19.79480681699988
rotation_shift_seed42_clients5_alphaNA_min1_angle10_scaffold_muNA,scaffold,42,,rotation_shift,,5,1,10.0,4,1,,0.5825480818748474,48000,5,scaffold,750.0,0.3883653581142425,8141600.0,19.975726117999784
rotation_shift_seed42_clients5_alphaNA_min1_angle10_scaffold_muNA,scaffold,42,,rotation_shift,,5,1,10.0,5,1,,0.4477201998233795,48000,5,scaffold,750.0,0.2984801232814789,8141600.0,19.53335959900005
rotation_shift_seed42_clients5_alphaNA_min1_angle10_scaffold_muNA,scaffold,42,,rotation_shift,,5,1,10.0,6,1,,0.3567840158939361,48000,5,scaffold,750.0,0.2378560006618499,8141600.0,19.6508432290002
rotation_shift_seed42_clients5_alphaNA_min1_angle10_scaffold_muNA,scaffold,42,,rotation_shift,,5,1,10.0,7,1,,0.2955643832683563,48000,5,scaffold,750.0,0.1970429122447967,8141600.0,19.875599323000188
rotation_shift_seed42_clients5_alphaNA_min1_angle10_scaffold_muNA,scaffold,42,,rotation_shift,,5,1,10.0,8,1,,0.252061665058136,48000,5,scaffold,750.0,0.1680411100387573,8141600.0,19.84296724700016
rotation_shift_seed42_clients5_alphaNA_min1_angle10_scaffold_muNA,scaffold,42,,rotation_shift,,5,1,10.0,9,1,,0.2191662192344665,48000,5,scaffold,750.0,0.1461108177900314,8141600.0,19.850111603000187
rotation_shift_seed42_clients5_alphaNA_min1_angle10_scaffold_muNA,scaffold,42,,rotation_shift,,5,1,10.0,10,1,,0.1941730678081512,48000,5,scaffold,750.0,0.1294487118721008,8141600.0,20.041967637999733
rotation_shift_seed42_clients5_alphaNA_min1_angle10_scaffold_muNA,scaffold,42,,rotation_shift,,5,1,10.0,11,1,,0.1743932217359542,48000,5,scaffold,750.0,0.1162621527910232,8141600.0,19.726343514999822
rotation_shift_seed42_clients5_alphaNA_min1_angle10_scaffold_muNA,scaffold,42,,rotation_shift,,5,1,10.0,12,1,,0.1578406244516372,48000,5,scaffold,750.0,0.1052270904183387,8141600.0,19.668089653000607
rotation_shift_seed42_clients5_alphaNA_min1_angle10_scaffold_muNA,scaffold,42,,rotation_shift,,5,1,10.0,13,1,,0.1448278278112411,48000,5,scaffold,750.0,0.0965518876910209,8141600.0,19.576283373999104
rotation_shift_seed42_clients5_alphaNA_min1_angle10_scaffold_muNA,scaffold,42,,rotation_shift,,5,1,10.0,14,1,,0.1334550231695175,48000,5,scaffold,750.0,0.0889700204133987,8141600.0,19.556856715999857
rotation_shift_seed42_clients5_alphaNA_min1_angle10_scaffold_muNA,scaffold,42,,rotation_shift,,5,1,10.0,15,1,,0.1242008060216903,48000,5,scaffold,750.0,0.0828005373477935,8141600.0,19.719122374000108
rotation_shift_seed42_clients5_alphaNA_min1_angle10_scaffold_muNA,scaffold,42,,rotation_shift,,5,1,10.0,16,1,,0.1161721646785736,48000,5,scaffold,750.0,0.0774481147527694,8141600.0,19.92897485999947
rotation_shift_seed42_clients5_alphaNA_min1_angle10_scaffold_muNA,scaffold,42,,rotation_shift,,5,1,10.0,17,1,,0.1099119186401367,48000,5,scaffold,750.0,0.0732746198773384,8141600.0,19.69462363599996
rotation_shift_seed42_clients5_alphaNA_min1_angle10_scaffold_muNA,scaffold,42,,rotation_shift,,5,1,10.0,18,1,,0.1043925583362579,48000,5,scaffold,750.0,0.0695950388908386,8141600.0,19.7009157399998
rotation_shift_seed42_clients5_alphaNA_min1_angle10_scaffold_muNA,scaffold,42,,rotation_shift,,5,1,10.0,19,1,,0.0987517535686492,48000,5,scaffold,750.0,0.0658345073461532,8141600.0,19.56422104000012
rotation_shift_seed42_clients5_alphaNA_min1_angle10_scaffold_muNA,scaffold,42,,rotation_shift,,5,1,10.0,20,1,,0.0950544700026512,48000,5,scaffold,750.0,0.0633696466684341,8141600.0,19.474156278999544
rotation_shift_seed42_clients5_alphaNA_min1_angle20_fedavg_mu0,fedavg,42,0.0,rotation_shift,,5,1,20.0,1,1,6.786648273468018,0.6407365798950195,48000,5,,,,,
rotation_shift_seed42_clients5_alphaNA_min1_angle20_fedavg_mu0,fedavg,42,0.0,rotation_shift,,5,1,20.0,2,1,6.848370552062988,0.7860794067382812,48000,5,,,,,
rotation_shift_seed42_clients5_alphaNA_min1_angle20_fedavg_mu0,fedavg,42,0.0,rotation_shift,,5,1,20.0,3,1,7.031506538391113,0.7316277623176575,48000,5,,,,,
rotation_shift_seed42_clients5_alphaNA_min1_angle20_fedavg_mu0,fedavg,42,0.0,rotation_shift,,5,1,20.0,4,1,7.284421443939209,0.5834131836891174,48000,5,,,,,
rotation_shift_seed42_clients5_alphaNA_min1_angle20_fedavg_mu0,fedavg,42,0.0,rotation_shift,,5,1,20.0,5,1,7.531827449798584,0.4556932151317596,48000,5,,,,,
rotation_shift_seed42_clients5_alphaNA_min1_angle20_fedavg_mu0,fedavg,42,0.0,rotation_shift,,5,1,20.0,6,1,7.747434139251709,0.364633560180664,48000,5,,,,,
rotation_shift_seed42_clients5_alphaNA_min1_angle20_fedavg_mu0,fedavg,42,0.0,rotation_shift,,5,1,20.0,7,1,7.930430889129639,0.3018213808536529,48000,5,,,,,
rotation_shift_seed42_clients5_alphaNA_min1_angle20_fedavg_mu0,fedavg,42,0.0,rotation_shift,,5,1,20.0,8,1,8.087186813354492,0.2567861974239349,48000,5,,,,,
rotation_shift_seed42_clients5_alphaNA_min1_angle20_fedavg_mu0,fedavg,42,0.0,rotation_shift,,5,1,20.0,9,1,8.2228422164917,0.2225714921951294,48000,5,,,,,
rotation_shift_seed42_clients5_alphaNA_min1_angle20_fedavg_mu0,fedavg,42,0.0,rotation_shift,,5,1,20.0,10,1,8.341917037963867,0.1969222724437713,48000,5,,,,,
rotation_shift_seed42_clients5_alphaNA_min1_angle20_fedavg_mu0,fedavg,42,0.0,rotation_shift,,5,1,20.0,11,1,8.44765853881836,0.1766806840896606,48000,5,,,,,
rotation_shift_seed42_clients5_alphaNA_min1_angle20_fedavg_mu0,fedavg,42,0.0,rotation_shift,,5,1,20.0,12,1,8.542806625366211,0.1597847193479538,48000,5,,,,,
rotation_shift_seed42_clients5_alphaNA_min1_angle20_fedavg_mu0,fedavg,42,0.0,rotation_shift,,5,1,20.0,13,1,8.62848949432373,0.146707996726036,48000,5,,,,,
rotation_shift_seed42_clients5_alphaNA_min1_angle20_fedavg_mu0,fedavg,42,0.0,rotation_shift,,5,1,20.0,14,1,8.706764221191406,0.1354012042284011,48000,5,,,,,
rotation_shift_seed42_clients5_alphaNA_min1_angle20_fedavg_mu0,fedavg,42,0.0,rotation_shift,,5,1,20.0,15,1,8.77889347076416,0.1260282844305038,48000,5,,,,,
rotation_shift_seed42_clients5_alphaNA_min1_angle20_fedavg_mu0,fedavg,42,0.0,rotation_shift,,5,1,20.0,16,1,8.845587730407715,0.1181145384907722,48000,5,,,,,
rotation_shift_seed42_clients5_alphaNA_min1_angle20_fedavg_mu0,fedavg,42,0.0,rotation_shift,,5,1,20.0,17,1,8.907447814941406,0.1120581179857254,48000,5,,,,,
rotation_shift_seed42_clients5_alphaNA_min1_angle20_fedavg_mu0,fedavg,42,0.0,rotation_shift,,5,1,20.0,18,1,8.965476036071777,0.1065446510910987,48000,5,,,,,
rotation_shift_seed42_clients5_alphaNA_min1_angle20_fedavg_mu0,fedavg,42,0.0,rotation_shift,,5,1,20.0,19,1,9.019733428955078,0.1011917665600776,48000,5,,,,,
rotation_shift_seed42_clients5_alphaNA_min1_angle20_fedavg_mu0,fedavg,42,0.0,rotation_shift,,5,1,20.0,20,1,9.071277618408203,0.0978792235255241,48000,5,,,,,
rotation_shift_seed42_clients5_alphaNA_min1_angle20_fedprox_mu0p01,fedprox,42,0.01,rotation_shift,,5,1,20.0,1,1,6.786648273468018,0.6360273957252502,48000,5,,,,,
rotation_shift_seed42_clients5_alphaNA_min1_angle20_fedprox_mu0p01,fedprox,42,0.01,rotation_shift,,5,1,20.0,2,1,6.847639560699463,0.7802407145500183,48000,5,,,,,
rotation_shift_seed42_clients5_alphaNA_min1_angle20_fedprox_mu0p01,fedprox,42,0.01,rotation_shift,,5,1,20.0,3,1,7.02845573425293,0.7282320261001587,48000,5,,,,,
rotation_shift_seed42_clients5_alphaNA_min1_angle20_fedprox_mu0p01,fedprox,42,0.01,rotation_shift,,5,1,20.0,4,1,7.279035091400146,0.5823829174041748,48000,5,,,,,
rotation_shift_seed42_clients5_alphaNA_min1_angle20_fedprox_mu0p01,fedprox,42,0.01,rotation_shift,,5,1,20.0,5,1,7.52512264251709,0.4556017816066742,48000,5,,,,,
rotation_shift_seed42_clients5_alphaNA_min1_angle20_fedprox_mu0p01,fedprox,42,0.01,rotation_shift,,5,1,20.0,6,1,7.740138053894043,0.3647685945034027,48000,5,,,,,
rotation_shift_seed42_clients5_alphaNA_min1_angle20_fedprox_mu0p01,fedprox,42,0.01,rotation_shift,,5,1,20.0,7,1,7.922884464263916,0.3020085990428924,48000,5,,,,,
rotation_shift_seed42_clients5_alphaNA_min1_angle20_fedprox_mu0p01,fedprox,42,0.01,rotation_shift,,5,1,20.0,8,1,8.079559326171875,0.2569660246372223,48000,5,,,,,
rotation_shift_seed42_clients5_alphaNA_min1_angle20_fedprox_mu0p01,fedprox,42,0.01,rotation_shift,,5,1,20.0,9,1,8.215215682983398,0.2227227836847305,48000,5,,,,,
rotation_shift_seed42_clients5_alphaNA_min1_angle20_fedprox_mu0p01,fedprox,42,0.01,rotation_shift,,5,1,20.0,10,1,8.334327697753906,0.1970290839672088,48000,5,,,,,
rotation_shift_seed42_clients5_alphaNA_min1_angle20_fedprox_mu0p01,fedprox,42,0.01,rotation_shift,,5,1,20.0,11,1,8.440115928649902,0.1767712235450744,48000,5,,,,,
rotation_shift_seed42_clients5_alphaNA_min1_angle20_fedprox_mu0p01,fedprox,42,0.01,rotation_shift,,5,1,20.0,12,1,8.535329818725586,0.1598482728004455,48000,5,,,,,
rotation_shift_seed42_clients5_alphaNA_min1_angle20_fedprox_mu0p01,fedprox,42,0.01,rotation_shift,,5,1,20.0,13,1,8.621072769165039,0.1467393934726715,48000,5,,,,,
rotation_shift_seed42_clients5_alphaNA_min1_angle20_fedprox_mu0p01,fedprox,42,0.01,rotation_shift,,5,1,20.0,14,1,8.699408531188965,0.1353994011878967,48000,5,,,,,
rotation_shift_seed42_clients5_alphaNA_min1_angle20_fedprox_mu0p01,fedprox,42,0.01,rotation_shift,,5,1,20.0,15,1,8.77159595489502,0.1260078996419906,48000,5,,,,,
rotation_shift_seed42_clients5_alphaNA_min1_angle20_fedprox_mu0p01,fedprox,42,0.01,rotation_shift,,5,1,20.0,16,1,8.838343620300293,0.1180482432246208,48000,5,,,,,
rotation_shift_seed42_clients5_alphaNA_min1_angle20_fedprox_mu0p01,fedprox,42,0.01,rotation_shift,,5,1,20.0,17,1,8.900243759155273,0.1119851320981979,48000,5,,,,,
rotation_shift_seed42_clients5_alphaNA_min1_angle20_fedprox_mu0p01,fedprox,42,0.01,rotation_shift,,5,1,20.0,18,1,8.958306312561035,0.1064556986093521,48000,5,,,,,
rotation_shift_seed42_clients5_alphaNA_min1_angle20_fedprox_mu0p01,fedprox,42,0.01,rotation_shift,,5,1,20.0,19,1,9.012587547302246,0.1010721549391746,48000,5,,,,,
rotation_shift_seed42_clients5_alphaNA_min1_angle20_fedprox_mu0p01,fedprox,42,0.01,rotation_shift,,5,1,20.0,20,1,9.064148902893066,0.0977130457758903,48000,5,,,,,
rotation_shift_seed42_clients5_alphaNA_min1_angle20_scaffold_muNA,scaffold,42,,rotation_shift,,5,1,20.0,1,1,,0.6407365798950195,48000,5,scaffold,750.0,0.4271577298641205,8141600.0,20.117300889000035
rotation_shift_seed42_clients5_alphaNA_min1_angle20_scaffold_muNA,scaffold,42,,rotation_shift,,5,1,20.0,2,1,,0.7865205407142639,48000,5,scaffold,750.0,0.5243470072746277,8141600.0,19.73221627899966
rotation_shift_seed42_clients5_alphaNA_min1_angle20_scaffold_muNA,scaffold,42,,rotation_shift,,5,1,20.0,3,1,,0.7365658283233643,48000,5,scaffold,750.0,0.4910438954830169,8141600.0,19.841545082000263
rotation_shift_seed42_clients5_alphaNA_min1_angle20_scaffold_muNA,scaffold,42,,rotation_shift,,5,1,20.0,4,1,,0.5914468169212341,48000,5,scaffold,750.0,0.3942978978157043,8141600.0,19.80980593499953
rotation_shift_seed42_clients5_alphaNA_min1_angle20_scaffold_muNA,scaffold,42,,rotation_shift,,5,1,20.0,5,1,,0.4624807238578796,48000,5,scaffold,750.0,0.3083204627037048,8141600.0,19.80820184499953
rotation_shift_seed42_clients5_alphaNA_min1_angle20_scaffold_muNA,scaffold,42,,rotation_shift,,5,1,20.0,6,1,,0.369590550661087,48000,5,scaffold,750.0,0.2463936954736709,8141600.0,19.93272708599943
rotation_shift_seed42_clients5_alphaNA_min1_angle20_scaffold_muNA,scaffold,42,,rotation_shift,,5,1,20.0,7,1,,0.3058067858219147,48000,5,scaffold,750.0,0.2038711905479431,8141600.0,19.99654895799995
rotation_shift_seed42_clients5_alphaNA_min1_angle20_scaffold_muNA,scaffold,42,,rotation_shift,,5,1,20.0,8,1,,0.2600576877593994,48000,5,scaffold,750.0,0.1733717918395996,8141600.0,19.772354616000484
rotation_shift_seed42_clients5_alphaNA_min1_angle20_scaffold_muNA,scaffold,42,,rotation_shift,,5,1,20.0,9,1,,0.2256783843040466,48000,5,scaffold,750.0,0.1504522562026977,8141600.0,19.684690590999708
rotation_shift_seed42_clients5_alphaNA_min1_angle20_scaffold_muNA,scaffold,42,,rotation_shift,,5,1,20.0,10,1,,0.199567437171936,48000,5,scaffold,750.0,0.133044958114624,8141600.0,19.944358163000288
rotation_shift_seed42_clients5_alphaNA_min1_angle20_scaffold_muNA,scaffold,42,,rotation_shift,,5,1,20.0,11,1,,0.1791993975639343,48000,5,scaffold,750.0,0.1194662675261497,8141600.0,20.217902360000156
rotation_shift_seed42_clients5_alphaNA_min1_angle20_scaffold_muNA,scaffold,42,,rotation_shift,,5,1,20.0,12,1,,0.1622671335935592,48000,5,scaffold,750.0,0.1081780940294265,8141600.0,19.927399594000235
rotation_shift_seed42_clients5_alphaNA_min1_angle20_scaffold_muNA,scaffold,42,,rotation_shift,,5,1,20.0,13,1,,0.1489979177713394,48000,5,scaffold,750.0,0.0993319451808929,8141600.0,20.359758577999852
rotation_shift_seed42_clients5_alphaNA_min1_angle20_scaffold_muNA,scaffold,42,,rotation_shift,,5,1,20.0,14,1,,0.137696623802185,48000,5,scaffold,750.0,0.0917977467179298,8141600.0,20.704305123000267
rotation_shift_seed42_clients5_alphaNA_min1_angle20_scaffold_muNA,scaffold,42,,rotation_shift,,5,1,20.0,15,1,,0.1283103376626968,48000,5,scaffold,750.0,0.085540235042572,8141600.0,20.490859900000032
rotation_shift_seed42_clients5_alphaNA_min1_angle20_scaffold_muNA,scaffold,42,,rotation_shift,,5,1,20.0,16,1,,0.1203291043639183,48000,5,scaffold,750.0,0.0802194029092788,8141600.0,20.6888964460004
rotation_shift_seed42_clients5_alphaNA_min1_angle20_scaffold_muNA,scaffold,42,,rotation_shift,,5,1,20.0,17,1,,0.1142002120614051,48000,5,scaffold,750.0,0.0761334747076034,8141600.0,20.682573807000157
rotation_shift_seed42_clients5_alphaNA_min1_angle20_scaffold_muNA,scaffold,42,,rotation_shift,,5,1,20.0,18,1,,0.1087708324193954,48000,5,scaffold,750.0,0.0725138932466507,8141600.0,20.359325080000417
rotation_shift_seed42_clients5_alphaNA_min1_angle20_scaffold_muNA,scaffold,42,,rotation_shift,,5,1,20.0,19,1,,0.1033091098070144,48000,5,scaffold,750.0,0.0688727423548698,8141600.0,20.328479525999683
rotation_shift_seed42_clients5_alphaNA_min1_angle20_scaffold_muNA,scaffold,42,,rotation_shift,,5,1,20.0,20,1,,0.1000169441103935,48000,5,scaffold,750.0,0.0666779577732086,8141600.0,20.573638192000544
rotation_shift_seed43_clients5_alphaNA_min1_angle10_fedavg_mu0,fedavg,43,0.0,rotation_shift,,5,1,10.0,1,1,6.809994220733643,0.6853848099708557,48000,5,,,,,
rotation_shift_seed43_clients5_alphaNA_min1_angle10_fedavg_mu0,fedavg,43,0.0,rotation_shift,,5,1,10.0,2,1,6.876568794250488,0.8296189308166504,48000,5,,,,,
rotation_shift_seed43_clients5_alphaNA_min1_angle10_fedavg_mu0,fedavg,43,0.0,rotation_shift,,5,1,10.0,3,1,7.078806400299072,0.7571422457695007,48000,5,,,,,
rotation_shift_seed43_clients5_alphaNA_min1_angle10_fedavg_mu0,fedavg,43,0.0,rotation_shift,,5,1,10.0,4,1,7.351236820220947,0.5881518721580505,48000,5,,,,,
rotation_shift_seed43_clients5_alphaNA_min1_angle10_fedavg_mu0,fedavg,43,0.0,rotation_shift,,5,1,10.0,5,1,7.608323097229004,0.4501901566982269,48000,5,,,,,
rotation_shift_seed43_clients5_alphaNA_min1_angle10_fedavg_mu0,fedavg,43,0.0,rotation_shift,,5,1,10.0,6,1,7.825616359710693,0.3568070828914642,48000,5,,,,,
rotation_shift_seed43_clients5_alphaNA_min1_angle10_fedavg_mu0,fedavg,43,0.0,rotation_shift,,5,1,10.0,7,1,8.007425308227539,0.2930840849876404,48000,5,,,,,
rotation_shift_seed43_clients5_alphaNA_min1_angle10_fedavg_mu0,fedavg,43,0.0,rotation_shift,,5,1,10.0,8,1,8.161089897155762,0.2485519051551818,48000,5,,,,,
rotation_shift_seed43_clients5_alphaNA_min1_angle10_fedavg_mu0,fedavg,43,0.0,rotation_shift,,5,1,10.0,9,1,8.293633460998535,0.2157073616981506,48000,5,,,,,
rotation_shift_seed43_clients5_alphaNA_min1_angle10_fedavg_mu0,fedavg,43,0.0,rotation_shift,,5,1,10.0,10,1,8.409672737121582,0.1907041668891906,48000,5,,,,,
rotation_shift_seed43_clients5_alphaNA_min1_angle10_fedavg_mu0,fedavg,43,0.0,rotation_shift,,5,1,10.0,11,1,8.512482643127441,0.1708881258964538,48000,5,,,,,
rotation_shift_seed43_clients5_alphaNA_min1_angle10_fedavg_mu0,fedavg,43,0.0,rotation_shift,,5,1,10.0,12,1,8.604632377624512,0.1554708778858184,48000,5,,,,,
rotation_shift_seed43_clients5_alphaNA_min1_angle10_fedavg_mu0,fedavg,43,0.0,rotation_shift,,5,1,10.0,13,1,8.688161849975586,0.1419829130172729,48000,5,,,,,
rotation_shift_seed43_clients5_alphaNA_min1_angle10_fedavg_mu0,fedavg,43,0.0,rotation_shift,,5,1,10.0,14,1,8.764501571655273,0.1312281191349029,48000,5,,,,,
rotation_shift_seed43_clients5_alphaNA_min1_angle10_fedavg_mu0,fedavg,43,0.0,rotation_shift,,5,1,10.0,15,1,8.834529876708984,0.1219245269894599,48000,5,,,,,
rotation_shift_seed43_clients5_alphaNA_min1_angle10_fedavg_mu0,fedavg,43,0.0,rotation_shift,,5,1,10.0,16,1,8.899261474609375,0.1141465604305267,48000,5,,,,,
rotation_shift_seed43_clients5_alphaNA_min1_angle10_fedavg_mu0,fedavg,43,0.0,rotation_shift,,5,1,10.0,17,1,8.959554672241211,0.1074443385004997,48000,5,,,,,
rotation_shift_seed43_clients5_alphaNA_min1_angle10_fedavg_mu0,fedavg,43,0.0,rotation_shift,,5,1,10.0,18,1,9.01582145690918,0.102051705121994,48000,5,,,,,
rotation_shift_seed43_clients5_alphaNA_min1_angle10_fedavg_mu0,fedavg,43,0.0,rotation_shift,,5,1,10.0,19,1,9.068788528442385,0.0970897302031517,48000,5,,,,,
rotation_shift_seed43_clients5_alphaNA_min1_angle10_fedavg_mu0,fedavg,43,0.0,rotation_shift,,5,1,10.0,20,1,9.11875057220459,0.0924619659781456,48000,5,,,,,
rotation_shift_seed43_clients5_alphaNA_min1_angle10_fedprox_mu0p01,fedprox,43,0.01,rotation_shift,,5,1,10.0,1,1,6.809994220733643,0.6804230213165283,48000,5,,,,,
rotation_shift_seed43_clients5_alphaNA_min1_angle10_fedprox_mu0p01,fedprox,43,0.01,rotation_shift,,5,1,10.0,2,1,6.875775337219238,0.8235205411911011,48000,5,,,,,
rotation_shift_seed43_clients5_alphaNA_min1_angle10_fedprox_mu0p01,fedprox,43,0.01,rotation_shift,,5,1,10.0,3,1,7.075483322143555,0.7538816928863525,48000,5,,,,,
rotation_shift_seed43_clients5_alphaNA_min1_angle10_fedprox_mu0p01,fedprox,43,0.01,rotation_shift,,5,1,10.0,4,1,7.345531463623047,0.5874301195144653,48000,5,,,,,
rotation_shift_seed43_clients5_alphaNA_min1_angle10_fedprox_mu0p01,fedprox,43,0.01,rotation_shift,,5,1,10.0,5,1,7.601443767547607,0.4502991139888763,48000,5,,,,,
rotation_shift_seed43_clients5_alphaNA_min1_angle10_fedprox_mu0p01,fedprox,43,0.01,rotation_shift,,5,1,10.0,6,1,7.818286418914795,0.3570636808872223,48000,5,,,,,
rotation_shift_seed43_clients5_alphaNA_min1_angle10_fedprox_mu0p01,fedprox,43,0.01,rotation_shift,,5,1,10.0,7,1,7.999947071075439,0.2933057248592376,48000,5,,,,,
rotation_shift_seed43_clients5_alphaNA_min1_angle10_fedprox_mu0p01,fedprox,43,0.01,rotation_shift,,5,1,10.0,8,1,8.153576850891113,0.2487491071224212,48000,5,,,,,
rotation_shift_seed43_clients5_alphaNA_min1_angle10_fedprox_mu0p01,fedprox,43,0.01,rotation_shift,,5,1,10.0,9,1,8.286144256591797,0.2158694118261337,48000,5,,,,,
rotation_shift_seed43_clients5_alphaNA_min1_angle10_fedprox_mu0p01,fedprox,43,0.01,rotation_shift,,5,1,10.0,10,1,8.402243614196777,0.1908382028341293,48000,5,,,,,
rotation_shift_seed43_clients5_alphaNA_min1_angle10_fedprox_mu0p01,fedprox,43,0.01,rotation_shift,,5,1,10.0,11,1,8.505111694335938,0.17097769677639,48000,5,,,,,
rotation_shift_seed43_clients5_alphaNA_min1_angle10_fedprox_mu0p01,fedprox,43,0.01,rotation_shift,,5,1,10.0,12,1,8.597323417663574,0.155528724193573,48000,5,,,,,
rotation_shift_seed43_clients5_alphaNA_min1_angle10_fedprox_mu0p01,fedprox,43,0.01,rotation_shift,,5,1,10.0,13,1,8.680915832519531,0.1420111358165741,48000,5,,,,,
rotation_shift_seed43_clients5_alphaNA_min1_angle10_fedprox_mu0p01,fedprox,43,0.01,rotation_shift,,5,1,10.0,14,1,8.757318496704102,0.1312616616487503,48000,5,,,,,
rotation_shift_seed43_clients5_alphaNA_min1_angle10_fedprox_mu0p01,fedprox,43,0.01,rotation_shift,,5,1,10.0,15,1,8.827400207519531,0.1219141259789466,48000,5,,,,,
rotation_shift_seed43_clients5_alphaNA_min1_angle10_fedprox_mu0p01,fedprox,43,0.01,rotation_shift,,5,1,10.0,16,1,8.892183303833008,0.1141202971339225,48000,5,,,,,
rotation_shift_seed43_clients5_alphaNA_min1_angle10_fedprox_mu0p01,fedprox,43,0.01,rotation_shift,,5,1,10.0,17,1,8.952519416809082,0.1074267700314521,48000,5,,,,,
rotation_shift_seed43_clients5_alphaNA_min1_angle10_fedprox_mu0p01,fedprox,43,0.01,rotation_shift,,5,1,10.0,18,1,9.008830070495604,0.1020012870430946,48000,5,,,,,
rotation_shift_seed43_clients5_alphaNA_min1_angle10_fedprox_mu0p01,fedprox,43,0.01,rotation_shift,,5,1,10.0,19,1,9.061826705932615,0.0970132201910018,48000,5,,,,,
rotation_shift_seed43_clients5_alphaNA_min1_angle10_fedprox_mu0p01,fedprox,43,0.01,rotation_shift,,5,1,10.0,20,1,9.11181354522705,0.0923535078763961,48000,5,,,,,
rotation_shift_seed43_clients5_alphaNA_min1_angle10_scaffold_muNA,scaffold,43,,rotation_shift,,5,1,10.0,1,1,,0.6853848099708557,48000,5,scaffold,750.0,0.456923246383667,8141600.0,19.763259991999803
rotation_shift_seed43_clients5_alphaNA_min1_angle10_scaffold_muNA,scaffold,43,,rotation_shift,,5,1,10.0,2,1,,0.8304377794265747,48000,5,scaffold,750.0,0.553625226020813,8141600.0,19.618426091999936
rotation_shift_seed43_clients5_alphaNA_min1_angle10_scaffold_muNA,scaffold,43,,rotation_shift,,5,1,10.0,3,1,,0.7599817514419556,48000,5,scaffold,750.0,0.5066545009613037,8141600.0,19.700832565000383
rotation_shift_seed43_clients5_alphaNA_min1_angle10_scaffold_muNA,scaffold,43,,rotation_shift,,5,1,10.0,4,1,,0.5913498997688293,48000,5,scaffold,750.0,0.3942332863807678,8141600.0,19.818286814999738
rotation_shift_seed43_clients5_alphaNA_min1_angle10_scaffold_muNA,scaffold,43,,rotation_shift,,5,1,10.0,5,1,,0.4523254334926605,48000,5,scaffold,750.0,0.3015502989292145,8141600.0,19.892343960998915
rotation_shift_seed43_clients5_alphaNA_min1_angle10_scaffold_muNA,scaffold,43,,rotation_shift,,5,1,10.0,6,1,,0.3581074476242065,48000,5,scaffold,750.0,0.2387382984161377,8141600.0,20.63391178100028
rotation_shift_seed43_clients5_alphaNA_min1_angle10_scaffold_muNA,scaffold,43,,rotation_shift,,5,1,10.0,7,1,,0.2940067946910858,48000,5,scaffold,750.0,0.1960045397281646,8141600.0,20.13755507499991
rotation_shift_seed43_clients5_alphaNA_min1_angle10_scaffold_muNA,scaffold,43,,rotation_shift,,5,1,10.0,8,1,,0.2494083791971206,48000,5,scaffold,750.0,0.1662722378969192,8141600.0,20.223308593000183
rotation_shift_seed43_clients5_alphaNA_min1_angle10_scaffold_muNA,scaffold,43,,rotation_shift,,5,1,10.0,9,1,,0.2164286822080612,48000,5,scaffold,750.0,0.1442857831716537,8141600.0,20.06393910099905
rotation_shift_seed43_clients5_alphaNA_min1_angle10_scaffold_muNA,scaffold,43,,rotation_shift,,5,1,10.0,10,1,,0.191353365778923,48000,5,scaffold,750.0,0.1275689154863357,8141600.0,20.178940702000546
rotation_shift_seed43_clients5_alphaNA_min1_angle10_scaffold_muNA,scaffold,43,,rotation_shift,,5,1,10.0,11,1,,0.1714700907468795,48000,5,scaffold,750.0,0.1143133863806724,8141600.0,20.017145214000266
rotation_shift_seed43_clients5_alphaNA_min1_angle10_scaffold_muNA,scaffold,43,,rotation_shift,,5,1,10.0,12,1,,0.1560382544994354,48000,5,scaffold,750.0,0.104025512933731,8141600.0,19.498596178998923
rotation_shift_seed43_clients5_alphaNA_min1_angle10_scaffold_muNA,scaffold,43,,rotation_shift,,5,1,10.0,13,1,,0.1425511389970779,48000,5,scaffold,750.0,0.0950340926647186,8141600.0,19.650930191999574
rotation_shift_seed43_clients5_alphaNA_min1_angle10_scaffold_muNA,scaffold,43,,rotation_shift,,5,1,10.0,14,1,,0.1317891627550125,48000,5,scaffold,750.0,0.0878594368696212,8141600.0,19.939248098000466
rotation_shift_seed43_clients5_alphaNA_min1_angle10_scaffold_muNA,scaffold,43,,rotation_shift,,5,1,10.0,15,1,,0.1225393638014793,48000,5,scaffold,750.0,0.081692911684513,8141600.0,19.48349032399892
rotation_shift_seed43_clients5_alphaNA_min1_angle10_scaffold_muNA,scaffold,43,,rotation_shift,,5,1,10.0,16,1,,0.1147612929344177,48000,5,scaffold,750.0,0.076507531106472,8141600.0,19.376211148000948
rotation_shift_seed43_clients5_alphaNA_min1_angle10_scaffold_muNA,scaffold,43,,rotation_shift,,5,1,10.0,17,1,,0.1081279814243316,48000,5,scaffold,750.0,0.0720853134989738,8141600.0,19.47063010599959
rotation_shift_seed43_clients5_alphaNA_min1_angle10_scaffold_muNA,scaffold,43,,rotation_shift,,5,1,10.0,18,1,,0.1027171984314918,48000,5,scaffold,750.0,0.0684781372547149,8141600.0,19.30772132099992
rotation_shift_seed43_clients5_alphaNA_min1_angle10_scaffold_muNA,scaffold,43,,rotation_shift,,5,1,10.0,19,1,,0.0977615639567375,48000,5,scaffold,750.0,0.0651743784546852,8141600.0,19.548358973001086
rotation_shift_seed43_clients5_alphaNA_min1_angle10_scaffold_muNA,scaffold,43,,rotation_shift,,5,1,10.0,20,1,,0.0932241305708885,48000,5,scaffold,750.0,0.0621494203805923,8141600.0,19.85175960699962
rotation_shift_seed43_clients5_alphaNA_min1_angle20_fedavg_mu0,fedavg,43,0.0,rotation_shift,,5,1,20.0,1,1,6.809994220733643,0.6390995383262634,48000,5,,,,,
rotation_shift_seed43_clients5_alphaNA_min1_angle20_fedavg_mu0,fedavg,43,0.0,rotation_shift,,5,1,20.0,2,1,6.872292518615723,0.7806296944618225,48000,5,,,,,
rotation_shift_seed43_clients5_alphaNA_min1_angle20_fedavg_mu0,fedavg,43,0.0,rotation_shift,,5,1,20.0,3,1,7.055111408233643,0.7350001931190491,48000,5,,,,,
rotation_shift_seed43_clients5_alphaNA_min1_angle20_fedavg_mu0,fedavg,43,0.0,rotation_shift,,5,1,20.0,4,1,7.309763431549072,0.5912024974822998,48000,5,,,,,
rotation_shift_seed43_clients5_alphaNA_min1_angle20_fedavg_mu0,fedavg,43,0.0,rotation_shift,,5,1,20.0,5,1,7.560973167419434,0.4603809416294098,48000,5,,,,,
rotation_shift_seed43_clients5_alphaNA_min1_angle20_fedavg_mu0,fedavg,43,0.0,rotation_shift,,5,1,20.0,6,1,7.77922248840332,0.3667075037956238,48000,5,,,,,
rotation_shift_seed43_clients5_alphaNA_min1_angle20_fedavg_mu0,fedavg,43,0.0,rotation_shift,,5,1,20.0,7,1,7.96424388885498,0.3010854423046112,48000,5,,,,,
rotation_shift_seed43_clients5_alphaNA_min1_angle20_fedavg_mu0,fedavg,43,0.0,rotation_shift,,5,1,20.0,8,1,8.121416091918945,0.2548256516456604,48000,5,,,,,
rotation_shift_seed43_clients5_alphaNA_min1_angle20_fedavg_mu0,fedavg,43,0.0,rotation_shift,,5,1,20.0,9,1,8.257142066955566,0.220542699098587,48000,5,,,,,
rotation_shift_seed43_clients5_alphaNA_min1_angle20_fedavg_mu0,fedavg,43,0.0,rotation_shift,,5,1,20.0,10,1,8.375956535339355,0.1946018487215042,48000,5,,,,,
rotation_shift_seed43_clients5_alphaNA_min1_angle20_fedavg_mu0,fedavg,43,0.0,rotation_shift,,5,1,20.0,11,1,8.48111629486084,0.1742797642946243,48000,5,,,,,
rotation_shift_seed43_clients5_alphaNA_min1_angle20_fedavg_mu0,fedavg,43,0.0,rotation_shift,,5,1,20.0,12,1,8.575287818908691,0.1584672927856445,48000,5,,,,,
rotation_shift_seed43_clients5_alphaNA_min1_angle20_fedavg_mu0,fedavg,43,0.0,rotation_shift,,5,1,20.0,13,1,8.660637855529785,0.1447975784540176,48000,5,,,,,
rotation_shift_seed43_clients5_alphaNA_min1_angle20_fedavg_mu0,fedavg,43,0.0,rotation_shift,,5,1,20.0,14,1,8.738515853881836,0.1338766068220138,48000,5,,,,,
rotation_shift_seed43_clients5_alphaNA_min1_angle20_fedavg_mu0,fedavg,43,0.0,rotation_shift,,5,1,20.0,15,1,8.809968948364258,0.1246136128902435,48000,5,,,,,
rotation_shift_seed43_clients5_alphaNA_min1_angle20_fedavg_mu0,fedavg,43,0.0,rotation_shift,,5,1,20.0,16,1,8.876049041748047,0.1167332306504249,48000,5,,,,,
rotation_shift_seed43_clients5_alphaNA_min1_angle20_fedavg_mu0,fedavg,43,0.0,rotation_shift,,5,1,20.0,17,1,8.937610626220703,0.1101420223712921,48000,5,,,,,
rotation_shift_seed43_clients5_alphaNA_min1_angle20_fedavg_mu0,fedavg,43,0.0,rotation_shift,,5,1,20.0,18,1,8.995001792907715,0.1049017235636711,48000,5,,,,,
rotation_shift_seed43_clients5_alphaNA_min1_angle20_fedavg_mu0,fedavg,43,0.0,rotation_shift,,5,1,20.0,19,1,9.049123764038086,0.09998719394207,48000,5,,,,,
rotation_shift_seed43_clients5_alphaNA_min1_angle20_fedavg_mu0,fedavg,43,0.0,rotation_shift,,5,1,20.0,20,1,9.100103378295898,0.0954756736755371,48000,5,,,,,
rotation_shift_seed43_clients5_alphaNA_min1_angle20_fedprox_mu0p01,fedprox,43,0.01,rotation_shift,,5,1,20.0,1,1,6.809994220733643,0.6344659924507141,48000,5,,,,,
rotation_shift_seed43_clients5_alphaNA_min1_angle20_fedprox_mu0p01,fedprox,43,0.01,rotation_shift,,5,1,20.0,2,1,6.871562480926514,0.7747485637664795,48000,5,,,,,
rotation_shift_seed43_clients5_alphaNA_min1_angle20_fedprox_mu0p01,fedprox,43,0.01,rotation_shift,,5,1,20.0,3,1,7.052067279815674,0.731447160243988,48000,5,,,,,
rotation_shift_seed43_clients5_alphaNA_min1_angle20_fedprox_mu0p01,fedprox,43,0.01,rotation_shift,,5,1,20.0,4,1,7.304324150085449,0.590119481086731,48000,5,,,,,
rotation_shift_seed43_clients5_alphaNA_min1_angle20_fedprox_mu0p01,fedprox,43,0.01,rotation_shift,,5,1,20.0,5,1,7.55418062210083,0.4603529572486877,48000,5,,,,,
rotation_shift_seed43_clients5_alphaNA_min1_angle20_fedprox_mu0p01,fedprox,43,0.01,rotation_shift,,5,1,20.0,6,1,7.771847248077393,0.3669565618038177,48000,5,,,,,
rotation_shift_seed43_clients5_alphaNA_min1_angle20_fedprox_mu0p01,fedprox,43,0.01,rotation_shift,,5,1,20.0,7,1,7.956655025482178,0.3013356328010559,48000,5,,,,,
rotation_shift_seed43_clients5_alphaNA_min1_angle20_fedprox_mu0p01,fedprox,43,0.01,rotation_shift,,5,1,20.0,8,1,8.113768577575684,0.2550567388534546,48000,5,,,,,
rotation_shift_seed43_clients5_alphaNA_min1_angle20_fedprox_mu0p01,fedprox,43,0.01,rotation_shift,,5,1,20.0,9,1,8.249510765075684,0.2207363843917846,48000,5,,,,,
rotation_shift_seed43_clients5_alphaNA_min1_angle20_fedprox_mu0p01,fedprox,43,0.01,rotation_shift,,5,1,20.0,10,1,8.368391036987305,0.1947449594736099,48000,5,,,,,
rotation_shift_seed43_clients5_alphaNA_min1_angle20_fedprox_mu0p01,fedprox,43,0.01,rotation_shift,,5,1,20.0,11,1,8.473614692687988,0.1743779927492141,48000,5,,,,,
rotation_shift_seed43_clients5_alphaNA_min1_angle20_fedprox_mu0p01,fedprox,43,0.01,rotation_shift,,5,1,20.0,12,1,8.567852973937988,0.1585344076156616,48000,5,,,,,
rotation_shift_seed43_clients5_alphaNA_min1_angle20_fedprox_mu0p01,fedprox,43,0.01,rotation_shift,,5,1,20.0,13,1,8.65326976776123,0.1448359489440918,48000,5,,,,,
rotation_shift_seed43_clients5_alphaNA_min1_angle20_fedprox_mu0p01,fedprox,43,0.01,rotation_shift,,5,1,20.0,14,1,8.73121452331543,0.1338887214660644,48000,5,,,,,
rotation_shift_seed43_clients5_alphaNA_min1_angle20_fedprox_mu0p01,fedprox,43,0.01,rotation_shift,,5,1,20.0,15,1,8.802727699279785,0.1245995983481407,48000,5,,,,,
rotation_shift_seed43_clients5_alphaNA_min1_angle20_fedprox_mu0p01,fedprox,43,0.01,rotation_shift,,5,1,20.0,16,1,8.868858337402344,0.116691268980503,48000,5,,,,,
rotation_shift_seed43_clients5_alphaNA_min1_angle20_fedprox_mu0p01,fedprox,43,0.01,rotation_shift,,5,1,20.0,17,1,8.930465698242188,0.1100733876228332,48000,5,,,,,
rotation_shift_seed43_clients5_alphaNA_min1_angle20_fedprox_mu0p01,fedprox,43,0.01,rotation_shift,,5,1,20.0,18,1,8.987895011901855,0.104817122220993,48000,5,,,,,
rotation_shift_seed43_clients5_alphaNA_min1_angle20_fedprox_mu0p01,fedprox,43,0.01,rotation_shift,,5,1,20.0,19,1,9.04204559326172,0.0998739451169967,48000,5,,,,,
rotation_shift_seed43_clients5_alphaNA_min1_angle20_fedprox_mu0p01,fedprox,43,0.01,rotation_shift,,5,1,20.0,20,1,9.093046188354492,0.0953417718410492,48000,5,,,,,
rotation_shift_seed43_clients5_alphaNA_min1_angle20_scaffold_muNA,scaffold,43,,rotation_shift,,5,1,20.0,1,1,,0.6390995383262634,48000,5,scaffold,750.0,0.4260663688182831,8141600.0,19.52243983100016
rotation_shift_seed43_clients5_alphaNA_min1_angle20_scaffold_muNA,scaffold,43,,rotation_shift,,5,1,20.0,2,1,,0.77975994348526,48000,5,scaffold,750.0,0.5198399424552917,8141600.0,19.44372816000032
rotation_shift_seed43_clients5_alphaNA_min1_angle20_scaffold_muNA,scaffold,43,,rotation_shift,,5,1,20.0,3,1,,0.7399992346763611,48000,5,scaffold,750.0,0.4933328032493591,8141600.0,19.8227206699994
rotation_shift_seed43_clients5_alphaNA_min1_angle20_scaffold_muNA,scaffold,43,,rotation_shift,,5,1,20.0,4,1,,0.5998520255088806,48000,5,scaffold,750.0,0.3999013304710388,8141600.0,19.87972696699944
rotation_shift_seed43_clients5_alphaNA_min1_angle20_scaffold_muNA,scaffold,43,,rotation_shift,,5,1,20.0,5,1,,0.4677501916885376,48000,5,scaffold,750.0,0.3118334412574768,8141600.0,19.58175269899948
rotation_shift_seed43_clients5_alphaNA_min1_angle20_scaffold_muNA,scaffold,43,,rotation_shift,,5,1,20.0,6,1,,0.3721758127212524,48000,5,scaffold,750.0,0.2481172084808349,8141600.0,19.28177276599854
rotation_shift_seed43_clients5_alphaNA_min1_angle20_scaffold_muNA,scaffold,43,,rotation_shift,,5,1,20.0,7,1,,0.3051902651786804,48000,5,scaffold,750.0,0.2034601867198944,8141600.0,19.43075394799962
rotation_shift_seed43_clients5_alphaNA_min1_angle20_scaffold_muNA,scaffold,43,,rotation_shift,,5,1,20.0,8,1,,0.2583285272121429,48000,5,scaffold,750.0,0.1722190231084823,8141600.0,19.17683194700112
rotation_shift_seed43_clients5_alphaNA_min1_angle20_scaffold_muNA,scaffold,43,,rotation_shift,,5,1,20.0,9,1,,0.2236775457859039,48000,5,scaffold,750.0,0.1491183638572693,8141600.0,19.34650008099925
rotation_shift_seed43_clients5_alphaNA_min1_angle20_scaffold_muNA,scaffold,43,,rotation_shift,,5,1,20.0,10,1,,0.1973361819982528,48000,5,scaffold,750.0,0.1315574496984481,8141600.0,19.720828557999997
rotation_shift_seed43_clients5_alphaNA_min1_angle20_scaffold_muNA,scaffold,43,,rotation_shift,,5,1,20.0,11,1,,0.1768167912960052,48000,5,scaffold,750.0,0.1178778633475303,8141600.0,19.48173677199884
rotation_shift_seed43_clients5_alphaNA_min1_angle20_scaffold_muNA,scaffold,43,,rotation_shift,,5,1,20.0,12,1,,0.1607744842767715,48000,5,scaffold,750.0,0.1071829944849014,8141600.0,19.308577375999448
rotation_shift_seed43_clients5_alphaNA_min1_angle20_scaffold_muNA,scaffold,43,,rotation_shift,,5,1,20.0,13,1,,0.1470212638378143,48000,5,scaffold,750.0,0.0980141758918762,8141600.0,19.467454745001305
rotation_shift_seed43_clients5_alphaNA_min1_angle20_scaffold_muNA,scaffold,43,,rotation_shift,,5,1,20.0,14,1,,0.1361153721809387,48000,5,scaffold,750.0,0.0907435864210128,8141600.0,19.26074633799908
rotation_shift_seed43_clients5_alphaNA_min1_angle20_scaffold_muNA,scaffold,43,,rotation_shift,,5,1,20.0,15,1,,0.1268161684274673,48000,5,scaffold,750.0,0.0845441147685051,8141600.0,19.204803517000983
rotation_shift_seed43_clients5_alphaNA_min1_angle20_scaffold_muNA,scaffold,43,,rotation_shift,,5,1,20.0,16,1,,0.1187498122453689,48000,5,scaffold,750.0,0.0791665464639663,8141600.0,19.2988317269992
rotation_shift_seed43_clients5_alphaNA_min1_angle20_scaffold_muNA,scaffold,43,,rotation_shift,,5,1,20.0,17,1,,0.1122564151883125,48000,5,scaffold,750.0,0.0748376101255416,8141600.0,19.47471403899908
rotation_shift_seed43_clients5_alphaNA_min1_angle20_scaffold_muNA,scaffold,43,,rotation_shift,,5,1,20.0,18,1,,0.1069931462407112,48000,5,scaffold,750.0,0.0713287591934204,8141600.0,19.3908049620004
rotation_shift_seed43_clients5_alphaNA_min1_angle20_scaffold_muNA,scaffold,43,,rotation_shift,,5,1,20.0,19,1,,0.1020836606621742,48000,5,scaffold,750.0,0.0680557712912559,8141600.0,19.73280694300047
rotation_shift_seed43_clients5_alphaNA_min1_angle20_scaffold_muNA,scaffold,43,,rotation_shift,,5,1,20.0,20,1,,0.0976584404706955,48000,5,scaffold,750.0,0.0651056319475174,8141600.0,20.07671065100112
rotation_shift_seed44_clients5_alphaNA_min1_angle10_fedavg_mu0,fedavg,44,0.0,rotation_shift,,5,1,10.0,1,1,6.785419464111328,0.6420947909355164,48000,5,,,,,
rotation_shift_seed44_clients5_alphaNA_min1_angle10_fedavg_mu0,fedavg,44,0.0,rotation_shift,,5,1,10.0,2,1,6.841494560241699,0.8226521015167236,48000,5,,,,,
rotation_shift_seed44_clients5_alphaNA_min1_angle10_fedavg_mu0,fedavg,44,0.0,rotation_shift,,5,1,10.0,3,1,7.031845569610596,0.7744219303131104,48000,5,,,,,
rotation_shift_seed44_clients5_alphaNA_min1_angle10_fedavg_mu0,fedavg,44,0.0,rotation_shift,,5,1,10.0,4,1,7.303759574890137,0.6027390956878662,48000,5,,,,,
rotation_shift_seed44_clients5_alphaNA_min1_angle10_fedavg_mu0,fedavg,44,0.0,rotation_shift,,5,1,10.0,5,1,7.564367771148682,0.4609095752239227,48000,5,,,,,
rotation_shift_seed44_clients5_alphaNA_min1_angle10_fedavg_mu0,fedavg,44,0.0,rotation_shift,,5,1,10.0,6,1,7.785645484924316,0.3650268614292145,48000,5,,,,,
rotation_shift_seed44_clients5_alphaNA_min1_angle10_fedavg_mu0,fedavg,44,0.0,rotation_shift,,5,1,10.0,7,1,7.970699787139893,0.3002312183380127,48000,5,,,,,
rotation_shift_seed44_clients5_alphaNA_min1_angle10_fedavg_mu0,fedavg,44,0.0,rotation_shift,,5,1,10.0,8,1,8.127690315246582,0.2547607421875,48000,5,,,,,
rotation_shift_seed44_clients5_alphaNA_min1_angle10_fedavg_mu0,fedavg,44,0.0,rotation_shift,,5,1,10.0,9,1,8.26304817199707,0.2211016416549682,48000,5,,,,,
rotation_shift_seed44_clients5_alphaNA_min1_angle10_fedavg_mu0,fedavg,44,0.0,rotation_shift,,5,1,10.0,10,1,8.381264686584473,0.1951816976070404,48000,5,,,,,
rotation_shift_seed44_clients5_alphaNA_min1_angle10_fedavg_mu0,fedavg,44,0.0,rotation_shift,,5,1,10.0,11,1,8.486123085021973,0.1749819219112396,48000,5,,,,,
rotation_shift_seed44_clients5_alphaNA_min1_angle10_fedavg_mu0,fedavg,44,0.0,rotation_shift,,5,1,10.0,12,1,8.580177307128906,0.1584998220205307,48000,5,,,,,
rotation_shift_seed44_clients5_alphaNA_min1_angle10_fedavg_mu0,fedavg,44,0.0,rotation_shift,,5,1,10.0,13,1,8.665366172790527,0.1456057280302047,48000,5,,,,,
rotation_shift_seed44_clients5_alphaNA_min1_angle10_fedavg_mu0,fedavg,44,0.0,rotation_shift,,5,1,10.0,14,1,8.743117332458496,0.1339947581291198,48000,5,,,,,
rotation_shift_seed44_clients5_alphaNA_min1_angle10_fedavg_mu0,fedavg,44,0.0,rotation_shift,,5,1,10.0,15,1,8.81443977355957,0.1250738203525543,48000,5,,,,,
rotation_shift_seed44_clients5_alphaNA_min1_angle10_fedavg_mu0,fedavg,44,0.0,rotation_shift,,5,1,10.0,16,1,8.880669593811035,0.1170691326260566,48000,5,,,,,
rotation_shift_seed44_clients5_alphaNA_min1_angle10_fedavg_mu0,fedavg,44,0.0,rotation_shift,,5,1,10.0,17,1,8.942158699035645,0.1097972393035888,48000,5,,,,,
rotation_shift_seed44_clients5_alphaNA_min1_angle10_fedavg_mu0,fedavg,44,0.0,rotation_shift,,5,1,10.0,18,1,8.999556541442871,0.1047062501311302,48000,5,,,,,
rotation_shift_seed44_clients5_alphaNA_min1_angle10_fedavg_mu0,fedavg,44,0.0,rotation_shift,,5,1,10.0,19,1,9.05343532562256,0.0989719331264495,48000,5,,,,,
rotation_shift_seed44_clients5_alphaNA_min1_angle10_fedavg_mu0,fedavg,44,0.0,rotation_shift,,5,1,10.0,20,1,9.104218482971191,0.0942398682236671,48000,5,,,,,
rotation_shift_seed44_clients5_alphaNA_min1_angle10_fedprox_mu0p01,fedprox,44,0.01,rotation_shift,,5,1,10.0,1,1,6.785419464111328,0.6374207735061646,48000,5,,,,,
rotation_shift_seed44_clients5_alphaNA_min1_angle10_fedprox_mu0p01,fedprox,44,0.01,rotation_shift,,5,1,10.0,2,1,6.84080696105957,0.8163578510284424,48000,5,,,,,
rotation_shift_seed44_clients5_alphaNA_min1_angle10_fedprox_mu0p01,fedprox,44,0.01,rotation_shift,,5,1,10.0,3,1,7.028674125671387,0.7709174156188965,48000,5,,,,,
rotation_shift_seed44_clients5_alphaNA_min1_angle10_fedprox_mu0p01,fedprox,44,0.01,rotation_shift,,5,1,10.0,4,1,7.298079967498779,0.6019486784934998,48000,5,,,,,
rotation_shift_seed44_clients5_alphaNA_min1_angle10_fedprox_mu0p01,fedprox,44,0.01,rotation_shift,,5,1,10.0,5,1,7.557438373565674,0.4610030353069305,48000,5,,,,,
rotation_shift_seed44_clients5_alphaNA_min1_angle10_fedprox_mu0p01,fedprox,44,0.01,rotation_shift,,5,1,10.0,6,1,7.778226852416992,0.3652941286563873,48000,5,,,,,
rotation_shift_seed44_clients5_alphaNA_min1_angle10_fedprox_mu0p01,fedprox,44,0.01,rotation_shift,,5,1,10.0,7,1,7.96311616897583,0.300469160079956,48000,5,,,,,
rotation_shift_seed44_clients5_alphaNA_min1_angle10_fedprox_mu0p01,fedprox,44,0.01,rotation_shift,,5,1,10.0,8,1,8.120070457458496,0.2549459338188171,48000,5,,,,,
rotation_shift_seed44_clients5_alphaNA_min1_angle10_fedprox_mu0p01,fedprox,44,0.01,rotation_shift,,5,1,10.0,9,1,8.255449295043945,0.2212498933076858,48000,5,,,,,
rotation_shift_seed44_clients5_alphaNA_min1_angle10_fedprox_mu0p01,fedprox,44,0.01,rotation_shift,,5,1,10.0,10,1,8.3737154006958,0.1952924132347107,48000,5,,,,,
rotation_shift_seed44_clients5_alphaNA_min1_angle10_fedprox_mu0p01,fedprox,44,0.01,rotation_shift,,5,1,10.0,11,1,8.478628158569336,0.1750592589378357,48000,5,,,,,
rotation_shift_seed44_clients5_alphaNA_min1_angle10_fedprox_mu0p01,fedprox,44,0.01,rotation_shift,,5,1,10.0,12,1,8.572744369506836,0.1585503667593002,48000,5,,,,,
rotation_shift_seed44_clients5_alphaNA_min1_angle10_fedprox_mu0p01,fedprox,44,0.01,rotation_shift,,5,1,10.0,13,1,8.657995223999023,0.1456528455018997,48000,5,,,,,
rotation_shift_seed44_clients5_alphaNA_min1_angle10_fedprox_mu0p01,fedprox,44,0.01,rotation_shift,,5,1,10.0,14,1,8.73581600189209,0.1340071111917495,48000,5,,,,,
rotation_shift_seed44_clients5_alphaNA_min1_angle10_fedprox_mu0p01,fedprox,44,0.01,rotation_shift,,5,1,10.0,15,1,8.807188987731934,0.1250625401735305,48000,5,,,,,
rotation_shift_seed44_clients5_alphaNA_min1_angle10_fedprox_mu0p01,fedprox,44,0.01,rotation_shift,,5,1,10.0,16,1,8.8734769821167,0.1170379966497421,48000,5,,,,,
rotation_shift_seed44_clients5_alphaNA_min1_angle10_fedprox_mu0p01,fedprox,44,0.01,rotation_shift,,5,1,10.0,17,1,8.935009956359863,0.1097472459077835,48000,5,,,,,
rotation_shift_seed44_clients5_alphaNA_min1_angle10_fedprox_mu0p01,fedprox,44,0.01,rotation_shift,,5,1,10.0,18,1,8.99244499206543,0.1046805828809738,48000,5,,,,,
rotation_shift_seed44_clients5_alphaNA_min1_angle10_fedprox_mu0p01,fedprox,44,0.01,rotation_shift,,5,1,10.0,19,1,9.04635524749756,0.0989203378558158,48000,5,,,,,
rotation_shift_seed44_clients5_alphaNA_min1_angle10_fedprox_mu0p01,fedprox,44,0.01,rotation_shift,,5,1,10.0,20,1,9.097166061401367,0.0941924825310707,48000,5,,,,,
rotation_shift_seed44_clients5_alphaNA_min1_angle10_scaffold_muNA,scaffold,44,,rotation_shift,,5,1,10.0,1,1,,0.6420947909355164,48000,5,scaffold,750.0,0.4280632138252258,8141600.0,19.840006074000485
rotation_shift_seed44_clients5_alphaNA_min1_angle10_scaffold_muNA,scaffold,44,,rotation_shift,,5,1,10.0,2,1,,0.8226323127746582,48000,5,scaffold,750.0,0.5484215617179871,8141600.0,20.03371683800105
rotation_shift_seed44_clients5_alphaNA_min1_angle10_scaffold_muNA,scaffold,44,,rotation_shift,,5,1,10.0,3,1,,0.7768813967704773,48000,5,scaffold,750.0,0.517920970916748,8141600.0,19.825733867000963
rotation_shift_seed44_clients5_alphaNA_min1_angle10_scaffold_muNA,scaffold,44,,rotation_shift,,5,1,10.0,4,1,,0.6060060262680054,48000,5,scaffold,750.0,0.4040040075778961,8141600.0,19.95435137200002
rotation_shift_seed44_clients5_alphaNA_min1_angle10_scaffold_muNA,scaffold,44,,rotation_shift,,5,1,10.0,5,1,,0.4631214141845703,48000,5,scaffold,750.0,0.3087476193904876,8141600.0,20.037409562999528
rotation_shift_seed44_clients5_alphaNA_min1_angle10_scaffold_muNA,scaffold,44,,rotation_shift,,5,1,10.0,6,1,,0.3665148615837097,48000,5,scaffold,750.0,0.2443432509899139,8141600.0,19.74685971300096
rotation_shift_seed44_clients5_alphaNA_min1_angle10_scaffold_muNA,scaffold,44,,rotation_shift,,5,1,10.0,7,1,,0.3013744950294494,48000,5,scaffold,750.0,0.2009163349866867,8141600.0,19.717671227999745
rotation_shift_seed44_clients5_alphaNA_min1_angle10_scaffold_muNA,scaffold,44,,rotation_shift,,5,1,10.0,8,1,,0.255695104598999,48000,5,scaffold,750.0,0.1704633980989456,8141600.0,19.48438952799916
rotation_shift_seed44_clients5_alphaNA_min1_angle10_scaffold_muNA,scaffold,44,,rotation_shift,,5,1,10.0,9,1,,0.2219020724296569,48000,5,scaffold,750.0,0.1479347199201584,8141600.0,19.64972715499971
rotation_shift_seed44_clients5_alphaNA_min1_angle10_scaffold_muNA,scaffold,44,,rotation_shift,,5,1,10.0,10,1,,0.1959046721458435,48000,5,scaffold,750.0,0.1306031197309494,8141600.0,19.52635860499868
rotation_shift_seed44_clients5_alphaNA_min1_angle10_scaffold_muNA,scaffold,44,,rotation_shift,,5,1,10.0,11,1,,0.1756010204553604,48000,5,scaffold,750.0,0.1170673444867134,8141600.0,19.938956588999645
rotation_shift_seed44_clients5_alphaNA_min1_angle10_scaffold_muNA,scaffold,44,,rotation_shift,,5,1,10.0,12,1,,0.1591582894325256,48000,5,scaffold,750.0,0.1061055362224578,8141600.0,19.86249977999978
rotation_shift_seed44_clients5_alphaNA_min1_angle10_scaffold_muNA,scaffold,44,,rotation_shift,,5,1,10.0,13,1,,0.1461323350667953,48000,5,scaffold,750.0,0.0974215567111969,8141600.0,19.96662485900015
rotation_shift_seed44_clients5_alphaNA_min1_angle10_scaffold_muNA,scaffold,44,,rotation_shift,,5,1,10.0,14,1,,0.1345656514167785,48000,5,scaffold,750.0,0.0897104367613792,8141600.0,19.75303009000163
rotation_shift_seed44_clients5_alphaNA_min1_angle10_scaffold_muNA,scaffold,44,,rotation_shift,,5,1,10.0,15,1,,0.1255878955125808,48000,5,scaffold,750.0,0.0837252661585807,8141600.0,20.1111417000011
rotation_shift_seed44_clients5_alphaNA_min1_angle10_scaffold_muNA,scaffold,44,,rotation_shift,,5,1,10.0,16,1,,0.1175526082515716,48000,5,scaffold,750.0,0.0783684030175209,8141600.0,19.915614842999275
rotation_shift_seed44_clients5_alphaNA_min1_angle10_scaffold_muNA,scaffold,44,,rotation_shift,,5,1,10.0,17,1,,0.1103398725390434,48000,5,scaffold,750.0,0.0735599175095558,8141600.0,19.551300541999808
rotation_shift_seed44_clients5_alphaNA_min1_angle10_scaffold_muNA,scaffold,44,,rotation_shift,,5,1,10.0,18,1,,0.1053084656596183,48000,5,scaffold,750.0,0.0702056437730789,8141600.0,19.722352095999668
rotation_shift_seed44_clients5_alphaNA_min1_angle10_scaffold_muNA,scaffold,44,,rotation_shift,,5,1,10.0,19,1,,0.0995113775134086,48000,5,scaffold,750.0,0.0663409158587455,8141600.0,19.64397285800078
rotation_shift_seed44_clients5_alphaNA_min1_angle10_scaffold_muNA,scaffold,44,,rotation_shift,,5,1,10.0,20,1,,0.0948928892612457,48000,5,scaffold,750.0,0.0632619261741638,8141600.0,19.718156638999066
rotation_shift_seed44_clients5_alphaNA_min1_angle20_fedavg_mu0,fedavg,44,0.0,rotation_shift,,5,1,20.0,1,1,6.785419464111328,0.5972105264663696,48000,5,,,,,
rotation_shift_seed44_clients5_alphaNA_min1_angle20_fedavg_mu0,fedavg,44,0.0,rotation_shift,,5,1,20.0,2,1,6.837388038635254,0.7740113139152527,48000,5,,,,,
rotation_shift_seed44_clients5_alphaNA_min1_angle20_fedavg_mu0,fedavg,44,0.0,rotation_shift,,5,1,20.0,3,1,7.008663177490234,0.7498851418495178,48000,5,,,,,
rotation_shift_seed44_clients5_alphaNA_min1_angle20_fedavg_mu0,fedavg,44,0.0,rotation_shift,,5,1,20.0,4,1,7.261675834655762,0.6054857969284058,48000,5,,,,,
rotation_shift_seed44_clients5_alphaNA_min1_angle20_fedavg_mu0,fedavg,44,0.0,rotation_shift,,5,1,20.0,5,1,7.515632152557373,0.4716156721115112,48000,5,,,,,
rotation_shift_seed44_clients5_alphaNA_min1_angle20_fedavg_mu0,fedavg,44,0.0,rotation_shift,,5,1,20.0,6,1,7.737579822540283,0.3756074607372284,48000,5,,,,,
rotation_shift_seed44_clients5_alphaNA_min1_angle20_fedavg_mu0,fedavg,44,0.0,rotation_shift,,5,1,20.0,7,1,7.925705909729004,0.3089407384395599,48000,5,,,,,
rotation_shift_seed44_clients5_alphaNA_min1_angle20_fedavg_mu0,fedavg,44,0.0,rotation_shift,,5,1,20.0,8,1,8.086197853088379,0.2613951861858368,48000,5,,,,,
rotation_shift_seed44_clients5_alphaNA_min1_angle20_fedavg_mu0,fedavg,44,0.0,rotation_shift,,5,1,20.0,9,1,8.224760055541992,0.2262215912342071,48000,5,,,,,
rotation_shift_seed44_clients5_alphaNA_min1_angle20_fedavg_mu0,fedavg,44,0.0,rotation_shift,,5,1,20.0,10,1,8.345784187316895,0.1989206075668335,48000,5,,,,,
rotation_shift_seed44_clients5_alphaNA_min1_angle20_fedavg_mu0,fedavg,44,0.0,rotation_shift,,5,1,20.0,11,1,8.453007698059082,0.1779154390096664,48000,5,,,,,
rotation_shift_seed44_clients5_alphaNA_min1_angle20_fedavg_mu0,fedavg,44,0.0,rotation_shift,,5,1,20.0,12,1,8.54904842376709,0.1610006392002105,48000,5,,,,,
rotation_shift_seed44_clients5_alphaNA_min1_angle20_fedavg_mu0,fedavg,44,0.0,rotation_shift,,5,1,20.0,13,1,8.635889053344727,0.1477479487657547,48000,5,,,,,
rotation_shift_seed44_clients5_alphaNA_min1_angle20_fedavg_mu0,fedavg,44,0.0,rotation_shift,,5,1,20.0,14,1,8.715131759643555,0.1360930651426315,48000,5,,,,,
rotation_shift_seed44_clients5_alphaNA_min1_angle20_fedavg_mu0,fedavg,44,0.0,rotation_shift,,5,1,20.0,15,1,8.787704467773438,0.1271096765995025,48000,5,,,,,
rotation_shift_seed44_clients5_alphaNA_min1_angle20_fedavg_mu0,fedavg,44,0.0,rotation_shift,,5,1,20.0,16,1,8.85515308380127,0.1192318722605705,48000,5,,,,,
rotation_shift_seed44_clients5_alphaNA_min1_angle20_fedavg_mu0,fedavg,44,0.0,rotation_shift,,5,1,20.0,17,1,8.917741775512695,0.1118102073669433,48000,5,,,,,
rotation_shift_seed44_clients5_alphaNA_min1_angle20_fedavg_mu0,fedavg,44,0.0,rotation_shift,,5,1,20.0,18,1,8.976127624511719,0.1071643605828285,48000,5,,,,,
rotation_shift_seed44_clients5_alphaNA_min1_angle20_fedavg_mu0,fedavg,44,0.0,rotation_shift,,5,1,20.0,19,1,9.031017303466797,0.1014223098754882,48000,5,,,,,
rotation_shift_seed44_clients5_alphaNA_min1_angle20_fedavg_mu0,fedavg,44,0.0,rotation_shift,,5,1,20.0,20,1,9.082672119140623,0.0969026982784271,48000,5,,,,,
rotation_shift_seed44_clients5_alphaNA_min1_angle20_fedprox_mu0p01,fedprox,44,0.01,rotation_shift,,5,1,20.0,1,1,6.785419464111328,0.5929006934165955,48000,5,,,,,
rotation_shift_seed44_clients5_alphaNA_min1_angle20_fedprox_mu0p01,fedprox,44,0.01,rotation_shift,,5,1,20.0,2,1,6.836763381958008,0.7679913640022278,48000,5,,,,,
rotation_shift_seed44_clients5_alphaNA_min1_angle20_fedprox_mu0p01,fedprox,44,0.01,rotation_shift,,5,1,20.0,3,1,7.00578498840332,0.7460768818855286,48000,5,,,,,
rotation_shift_seed44_clients5_alphaNA_min1_angle20_fedprox_mu0p01,fedprox,44,0.01,rotation_shift,,5,1,20.0,4,1,7.256298065185547,0.6043199300765991,48000,5,,,,,
rotation_shift_seed44_clients5_alphaNA_min1_angle20_fedprox_mu0p01,fedprox,44,0.01,rotation_shift,,5,1,20.0,5,1,7.508821964263916,0.4715347588062286,48000,5,,,,,
rotation_shift_seed44_clients5_alphaNA_min1_angle20_fedprox_mu0p01,fedprox,44,0.01,rotation_shift,,5,1,20.0,6,1,7.730137348175049,0.3758095502853393,48000,5,,,,,
rotation_shift_seed44_clients5_alphaNA_min1_angle20_fedprox_mu0p01,fedprox,44,0.01,rotation_shift,,5,1,20.0,7,1,7.918025016784668,0.3091790080070495,48000,5,,,,,
rotation_shift_seed44_clients5_alphaNA_min1_angle20_fedprox_mu0p01,fedprox,44,0.01,rotation_shift,,5,1,20.0,8,1,8.078454971313477,0.2616469860076904,48000,5,,,,,
rotation_shift_seed44_clients5_alphaNA_min1_angle20_fedprox_mu0p01,fedprox,44,0.01,rotation_shift,,5,1,20.0,9,1,8.217032432556152,0.2264241427183151,48000,5,,,,,
rotation_shift_seed44_clients5_alphaNA_min1_angle20_fedprox_mu0p01,fedprox,44,0.01,rotation_shift,,5,1,20.0,10,1,8.338106155395508,0.1990723758935928,48000,5,,,,,
rotation_shift_seed44_clients5_alphaNA_min1_angle20_fedprox_mu0p01,fedprox,44,0.01,rotation_shift,,5,1,20.0,11,1,8.445390701293945,0.1780180186033249,48000,5,,,,,
rotation_shift_seed44_clients5_alphaNA_min1_angle20_fedprox_mu0p01,fedprox,44,0.01,rotation_shift,,5,1,20.0,12,1,8.541499137878418,0.1610785871744156,48000,5,,,,,
rotation_shift_seed44_clients5_alphaNA_min1_angle20_fedprox_mu0p01,fedprox,44,0.01,rotation_shift,,5,1,20.0,13,1,8.628408432006836,0.1478069126605987,48000,5,,,,,
rotation_shift_seed44_clients5_alphaNA_min1_angle20_fedprox_mu0p01,fedprox,44,0.01,rotation_shift,,5,1,20.0,14,1,8.70772647857666,0.1361056864261627,48000,5,,,,,
rotation_shift_seed44_clients5_alphaNA_min1_angle20_fedprox_mu0p01,fedprox,44,0.01,rotation_shift,,5,1,20.0,15,1,8.780352592468262,0.1270993500947952,48000,5,,,,,
rotation_shift_seed44_clients5_alphaNA_min1_angle20_fedprox_mu0p01,fedprox,44,0.01,rotation_shift,,5,1,20.0,16,1,8.847861289978027,0.1191903874278068,48000,5,,,,,
rotation_shift_seed44_clients5_alphaNA_min1_angle20_fedprox_mu0p01,fedprox,44,0.01,rotation_shift,,5,1,20.0,17,1,8.910491943359375,0.1117336824536323,48000,5,,,,,
rotation_shift_seed44_clients5_alphaNA_min1_angle20_fedprox_mu0p01,fedprox,44,0.01,rotation_shift,,5,1,20.0,18,1,8.968917846679688,0.107106901705265,48000,5,,,,,
rotation_shift_seed44_clients5_alphaNA_min1_angle20_fedprox_mu0p01,fedprox,44,0.01,rotation_shift,,5,1,20.0,19,1,9.023836135864258,0.1013248115777969,48000,5,,,,,
rotation_shift_seed44_clients5_alphaNA_min1_angle20_fedprox_mu0p01,fedprox,44,0.01,rotation_shift,,5,1,20.0,20,1,9.075519561767578,0.0967894867062568,48000,5,,,,,
rotation_shift_seed44_clients5_alphaNA_min1_angle20_scaffold_muNA,scaffold,44,,rotation_shift,,5,1,20.0,1,1,,0.5972105860710144,48000,5,scaffold,750.0,0.398140400648117,8141600.0,19.671196858000258
rotation_shift_seed44_clients5_alphaNA_min1_angle20_scaffold_muNA,scaffold,44,,rotation_shift,,5,1,20.0,2,1,,0.7717826962471008,48000,5,scaffold,750.0,0.5145218372344971,8141600.0,19.234896941999978
rotation_shift_seed44_clients5_alphaNA_min1_angle20_scaffold_muNA,scaffold,44,,rotation_shift,,5,1,20.0,3,1,,0.7537787556648254,48000,5,scaffold,750.0,0.5025191903114319,8141600.0,19.15842927199992
rotation_shift_seed44_clients5_alphaNA_min1_angle20_scaffold_muNA,scaffold,44,,rotation_shift,,5,1,20.0,4,1,,0.6142949461936951,48000,5,scaffold,750.0,0.4095299839973449,8141600.0,19.32208026300032
rotation_shift_seed44_clients5_alphaNA_min1_angle20_scaffold_muNA,scaffold,44,,rotation_shift,,5,1,20.0,5,1,,0.4792045652866363,48000,5,scaffold,750.0,0.3194697201251983,8141600.0,19.83888331900016
rotation_shift_seed44_clients5_alphaNA_min1_angle20_scaffold_muNA,scaffold,44,,rotation_shift,,5,1,20.0,6,1,,0.3813624680042267,48000,5,scaffold,750.0,0.2542416751384735,8141600.0,19.65370319199974
rotation_shift_seed44_clients5_alphaNA_min1_angle20_scaffold_muNA,scaffold,44,,rotation_shift,,5,1,20.0,7,1,,0.313477873802185,48000,5,scaffold,750.0,0.2089852541685104,8141600.0,19.51681544799976
rotation_shift_seed44_clients5_alphaNA_min1_angle20_scaffold_muNA,scaffold,44,,rotation_shift,,5,1,20.0,8,1,,0.265133261680603,48000,5,scaffold,750.0,0.1767555028200149,8141600.0,19.648059275999916
rotation_shift_seed44_clients5_alphaNA_min1_angle20_scaffold_muNA,scaffold,44,,rotation_shift,,5,1,20.0,9,1,,0.2295516729354858,48000,5,scaffold,750.0,0.1530344486236572,8141600.0,19.28298412100048
rotation_shift_seed44_clients5_alphaNA_min1_angle20_scaffold_muNA,scaffold,44,,rotation_shift,,5,1,20.0,10,1,,0.2016369551420211,48000,5,scaffold,750.0,0.1344246417284011,8141600.0,19.644197329000235
rotation_shift_seed44_clients5_alphaNA_min1_angle20_scaffold_muNA,scaffold,44,,rotation_shift,,5,1,20.0,11,1,,0.1804296523332595,48000,5,scaffold,750.0,0.1202864274382591,8141600.0,19.398947697998665
rotation_shift_seed44_clients5_alphaNA_min1_angle20_scaffold_muNA,scaffold,44,,rotation_shift,,5,1,20.0,12,1,,0.1634638458490371,48000,5,scaffold,750.0,0.1089759021997451,8141600.0,19.685011223999027
rotation_shift_seed44_clients5_alphaNA_min1_angle20_scaffold_muNA,scaffold,44,,rotation_shift,,5,1,20.0,13,1,,0.1499252617359161,48000,5,scaffold,750.0,0.0999501720070838,8141600.0,19.72383001799972
rotation_shift_seed44_clients5_alphaNA_min1_angle20_scaffold_muNA,scaffold,44,,rotation_shift,,5,1,20.0,14,1,,0.1381679475307464,48000,5,scaffold,750.0,0.0921119675040245,8141600.0,19.96506250000129
rotation_shift_seed44_clients5_alphaNA_min1_angle20_scaffold_muNA,scaffold,44,,rotation_shift,,5,1,20.0,15,1,,0.1290860921144485,48000,5,scaffold,750.0,0.0860573872923851,8141600.0,19.968441148999773
rotation_shift_seed44_clients5_alphaNA_min1_angle20_scaffold_muNA,scaffold,44,,rotation_shift,,5,1,20.0,16,1,,0.1211696490645408,48000,5,scaffold,750.0,0.0807797685265541,8141600.0,19.79744818400104
rotation_shift_seed44_clients5_alphaNA_min1_angle20_scaffold_muNA,scaffold,44,,rotation_shift,,5,1,20.0,17,1,,0.1139485090970993,48000,5,scaffold,750.0,0.0759656727313995,8141600.0,19.823884347000785
rotation_shift_seed44_clients5_alphaNA_min1_angle20_scaffold_muNA,scaffold,44,,rotation_shift,,5,1,20.0,18,1,,0.1092018783092498,48000,5,scaffold,750.0,0.0728012546896934,8141600.0,20.20316065599945
rotation_shift_seed44_clients5_alphaNA_min1_angle20_scaffold_muNA,scaffold,44,,rotation_shift,,5,1,20.0,19,1,,0.1035146564245224,48000,5,scaffold,750.0,0.0690097659826278,8141600.0,19.944586748999427
rotation_shift_seed44_clients5_alphaNA_min1_angle20_scaffold_muNA,scaffold,44,,rotation_shift,,5,1,20.0,20,1,,0.0990970432758331,48000,5,scaffold,750.0,0.0660647004842758,8141600.0,20.009243390999472
