seed,alpha,mu,round,local_epochs,client_id,client_size,client_weight,update_magnitude,relative_update_magnitude,aggregate_alignment,loo_alignment
42,0.1,0.0,1,5,0,6804,0.14175295318652473,1.4033604860305786,0.20678255738060317,0.4099533259868622,0.27524298429489136
42,0.1,0.0,1,5,1,7123,0.1483989249776037,1.756495714187622,0.2588163764216682,0.6680415272712708,0.536481499671936
42,0.1,0.0,1,5,2,10660,0.2220879601658368,1.948358416557312,0.2870869887531982,0.6915512681007385,0.45380204916000366
42,0.1,0.0,1,5,3,16931,0.3527365153440697,2.23622989654541,0.3295043158914664,0.8176017999649048,0.3674923777580261
42,0.1,0.0,1,5,4,6481,0.1350236463259651,1.4753888845443726,0.21739580792953378,0.6872403025627136,0.595311164855957
42,0.1,0.0,2,5,0,6804,0.14175295318652473,1.0000044107437134,0.142166929918496,0.3633587062358856,0.17421571910381317
42,0.1,0.0,2,5,1,7123,0.1483989249776037,1.0951120853424072,0.15568803638974427,0.5876116156578064,0.4065038561820984
42,0.1,0.0,2,5,2,10660,0.2220879601658368,1.2170153856277466,0.17301857789766648,0.6137851476669312,0.28556743264198303
42,0.1,0.0,2,5,3,16931,0.3527365153440697,1.3159204721450806,0.1870795483818219,0.7186476588249207,0.09811737388372421
42,0.1,0.0,2,5,4,6481,0.1350236463259651,0.8505149483680725,0.12091456573611632,0.5881218910217285,0.4671292006969452
42,0.1,0.0,3,5,0,6804,0.14175295318652473,0.8432633876800537,0.11607045988461134,0.33293184638023376,0.07630838453769684
42,0.1,0.0,3,5,1,7123,0.1483989249776037,0.8375841379165649,0.11528874311440833,0.496356725692749,0.25110355019569397
42,0.1,0.0,3,5,2,10660,0.2220879601658368,0.9313017725944519,0.12818844813573857,0.5348517894744873,0.09851781278848648
42,0.1,0.0,3,5,3,16931,0.3527365153440697,0.95711350440979,0.13174128776567548,0.6218528151512146,-0.14484576880931854
42,0.1,0.0,3,5,4,6481,0.1350236463259651,0.6254051327705383,0.08608349708456084,0.43033865094184875,0.26305824518203735
42,0.1,0.0,4,5,0,6804,0.14175295318652473,0.7475096583366394,0.10054734352218189,0.2964072525501251,-0.0098685622215271
42,0.1,0.0,4,5,1,7123,0.1483989249776037,0.719673752784729,0.09680314259238133,0.43202775716781616,0.13597357273101807
42,0.1,0.0,4,5,2,10660,0.2220879601658368,0.8023901581764221,0.10792930629486171,0.4969383478164673,-0.02004283294081688
42,0.1,0.0,4,5,3,16931,0.3527365153440697,0.7972339987754822,0.10723575253972353,0.5519226789474487,-0.2973778247833252
42,0.1,0.0,4,5,4,6481,0.1350236463259651,0.5374343991279602,0.07229017116648506,0.34669408202171326,0.1447824090719223
42,0.1,0.0,5,5,0,6804,0.14175295318652473,0.6970940232276917,0.09210982904974663,0.2725624144077301,-0.0726497694849968
42,0.1,0.0,5,5,1,7123,0.1483989249776037,0.6578872203826904,0.08692927694729286,0.38296812772750854,0.04804316163063049
42,0.1,0.0,5,5,2,10660,0.2220879601658368,0.7301661372184753,0.09647978011015017,0.4638664722442627,-0.1104336753487587
42,0.1,0.0,5,5,3,16931,0.3527365153440697,0.716019332408905,0.09461050605357998,0.5090233087539673,-0.39199453592300415
42,0.1,0.0,5,5,4,6481,0.1350236463259651,0.5065107345581055,0.06692729476575918,0.29656338691711426,0.06209300085902214
42,0.1,0.0,6,5,0,6804,0.14175295318652473,0.6621795296669006,0.08621890198373777,0.24736306071281433,-0.12488989531993866
42,0.1,0.0,6,5,1,7123,0.1483989249776037,0.6172280311584473,0.08036600458917156,0.3452889025211334,-0.01609436795115471
42,0.1,0.0,6,5,2,10660,0.2220879601658368,0.6856473088264465,0.08927451765967193,0.4410243034362793,-0.17350275814533234
42,0.1,0.0,6,5,3,16931,0.3527365153440697,0.6685172319412231,0.08704410075040275,0.4892885088920593,-0.44924071431159973
42,0.1,0.0,6,5,4,6481,0.1350236463259651,0.48101675510406494,0.06263065317303783,0.25823909044265747,0.002785366028547287
42,0.1,0.0,7,5,0,6804,0.14175295318652473,0.6321643590927124,0.08126240815839374,0.2237367331981659,-0.16663849353790283
42,0.1,0.0,7,5,1,7123,0.1483989249776037,0.596255362033844,0.07664643838157124,0.3211098611354828,-0.0658060610294342
42,0.1,0.0,7,5,2,10660,0.2220879601658368,0.6501316428184509,0.083572036536865,0.4270693063735962,-0.21475954353809357
42,0.1,0.0,7,5,3,16931,0.3527365153440697,0.6296322345733643,0.0809369128449685,0.4722340703010559,-0.48625755310058594
42,0.1,0.0,7,5,4,6481,0.1350236463259651,0.4721074104309082,0.06068767485737404,0.24599233269691467,-0.031284149736166
42,0.1,0.0,8,5,0,6804,0.14175295318652473,0.6144965291023254,0.07808301525646974,0.20767048001289368,-0.1999916434288025
42,0.1,0.0,8,5,1,7123,0.1483989249776037,0.5727794170379639,0.07278209369953938,0.3149780035018921,-0.08660383522510529
42,0.1,0.0,8,5,2,10660,0.2220879601658368,0.632206916809082,0.08033344370970254,0.42370277643203735,-0.24899426102638245
42,0.1,0.0,8,5,3,16931,0.3527365153440697,0.6047751903533936,0.0768477414902289,0.4451172351837158,-0.5250605344772339
42,0.1,0.0,8,5,4,6481,0.1350236463259651,0.46096983551979065,0.0585746428092037,0.23355557024478912,-0.059037432074546814
42,0.1,0.0,9,5,0,6804,0.14175295318652473,0.6034454703330994,0.07586589983279995,0.19932585954666138,-0.22623670101165771
42,0.1,0.0,9,5,1,7123,0.1483989249776037,0.5529928207397461,0.06952293124901747,0.3017802834510803,-0.1123473271727562
42,0.1,0.0,9,5,2,10660,0.2220879601658368,0.6083985567092896,0.07648860788738494,0.3939058184623718,-0.29184260964393616
42,0.1,0.0,9,5,3,16931,0.3527365153440697,0.5836154222488403,0.07337284202459474,0.4470343589782715,-0.5443102121353149
42,0.1,0.0,9,5,4,6481,0.1350236463259651,0.45017755031585693,0.056596870170200604,0.21875880658626556,-0.08638812601566315
42,0.1,0.0,10,5,0,6804,0.14175295318652473,0.5921658873558044,0.07370721301141375,0.1914023756980896,-0.2491951584815979
42,0.1,0.0,10,5,1,7123,0.1483989249776037,0.5437201261520386,0.06767714252476222,0.28807950019836426,-0.14331327378749847
42,0.1,0.0,10,5,2,10660,0.2220879601658368,0.5929400324821472,0.07380357128018178,0.38999128341674805,-0.3157995045185089
42,0.1,0.0,10,5,3,16931,0.3527365153440697,0.5622239112854004,0.06998031881617639,0.43460550904273987,-0.5634711980819702
42,0.1,0.0,10,5,4,6481,0.1350236463259651,0.4338698983192444,0.05400402437474771,0.20856738090515137,-0.10299759358167648
42,0.1,0.0,11,5,0,6804,0.14175295318652473,0.5827252864837646,0.07184971537349089,0.17991912364959717,-0.2740534543991089
42,0.1,0.0,11,5,1,7123,0.1483989249776037,0.532032310962677,0.06559929867267561,0.29845839738845825,-0.14659082889556885
42,0.1,0.0,11,5,2,10660,0.2220879601658368,0.5808963179588318,0.07162420453503654,0.38930976390838623,-0.33680611848831177
42,0.1,0.0,11,5,3,16931,0.3527365153440697,0.5451440811157227,0.06721597290218016,0.40829092264175415,-0.5877050757408142
42,0.1,0.0,11,5,4,6481,0.1350236463259651,0.4299510419368744,0.053012732936484556,0.21220116317272186,-0.11311303079128265
42,0.1,0.0,12,5,0,6804,0.14175295318652473,0.5806730389595032,0.07095210445977435,0.1997745931148529,-0.2732684314250946
42,0.1,0.0,12,5,1,7123,0.1483989249776037,0.5249178409576416,0.06413940890240513,0.2935502529144287,-0.16400763392448425
42,0.1,0.0,12,5,2,10660,0.2220879601658368,0.572615385055542,0.06996754436633693,0.3762223422527313,-0.3643341064453125
42,0.1,0.0,12,5,3,16931,0.3527365153440697,0.5332544445991516,0.06515805370374127,0.38575538992881775,-0.6081770062446594
42,0.1,0.0,12,5,4,6481,0.1350236463259651,0.42731061577796936,0.052212838229541834,0.21559838950634003,-0.12152033299207687
42,0.1,0.0,13,5,0,6804,0.14175295318652473,0.5705285668373108,0.06911106213556559,0.1852075457572937,-0.2974770665168762
42,0.1,0.0,13,5,1,7123,0.1483989249776037,0.5115620493888855,0.061968144342882815,0.2462891787290573,-0.2165493667125702
42,0.1,0.0,13,5,2,10660,0.2220879601658368,0.5584812164306641,0.0676517045662537,0.3795722424983978,-0.3748387396335602
42,0.1,0.0,13,5,3,16931,0.3527365153440697,0.5205827355384827,0.06306086649077838,0.382535457611084,-0.6216187477111816
42,0.1,0.0,13,5,4,6481,0.1350236463259651,0.42369139194488525,0.05132391928651153,0.2373773157596588,-0.11274648457765579
42,0.1,0.0,14,5,0,6804,0.14175295318652473,0.5615184903144836,0.06745338681305936,0.19379889965057373,-0.30236339569091797
42,0.1,0.0,14,5,1,7123,0.1483989249776037,0.5074031352996826,0.060952685523071495,0.2956458330154419,-0.1872265487909317
42,0.1,0.0,14,5,2,10660,0.2220879601658368,0.5448552370071411,0.06545168448216254,0.350892037153244,-0.4066554605960846
42,0.1,0.0,14,5,3,16931,0.3527365153440697,0.5098647475242615,0.06124839097967236,0.37430718541145325,-0.6372218728065491
42,0.1,0.0,14,5,4,6481,0.1350236463259651,0.40844762325286865,0.049065482258153596,0.1841004341840744,-0.1663283407688141
42,0.1,0.0,15,5,0,6804,0.14175295318652473,0.556584358215332,0.06631808125376326,0.17522747814655304,-0.3306507468223572
42,0.1,0.0,15,5,1,7123,0.1483989249776037,0.49830859899520874,0.059374414084464755,0.2871805429458618,-0.20473504066467285
42,0.1,0.0,15,5,2,10660,0.2220879601658368,0.5429510474205017,0.06469364643143292,0.359306275844574,-0.42303162813186646
42,0.1,0.0,15,5,3,16931,0.3527365153440697,0.498058557510376,0.05934462116760823,0.35556483268737793,-0.6515259146690369
42,0.1,0.0,15,5,4,6481,0.1350236463259651,0.40839532017707825,0.04866107648803499,0.19627994298934937,-0.16816209256649017
42,0.1,0.0,16,5,0,6804,0.14175295318652473,0.5494657754898071,0.06495714501212112,0.19567781686782837,-0.3255126476287842
42,0.1,0.0,16,5,1,7123,0.1483989249776037,0.4884219467639923,0.0577406212329956,0.2623403072357178,-0.23559018969535828
42,0.1,0.0,16,5,2,10660,0.2220879601658368,0.5257729887962341,0.06215621390840723,0.346270352602005,-0.43499869108200073
42,0.1,0.0,16,5,3,16931,0.3527365153440697,0.4877654016017914,0.0576630052991004,0.34397071599960327,-0.6640909910202026
42,0.1,0.0,16,5,4,6481,0.1350236463259651,0.403872013092041,0.04774523562886338,0.2234266847372055,-0.15204402804374695
42,0.1,0.0,17,5,0,6804,0.14175295318652473,0.5461023449897766,0.06406866923233069,0.17300443351268768,-0.35759249329566956
42,0.1,0.0,17,5,1,7123,0.1483989249776037,0.4821809232234955,0.05656941480579854,0.2777777314186096,-0.23355388641357422
42,0.1,0.0,17,5,2,10660,0.2220879601658368,0.519970178604126,0.06100284624173755,0.33947718143463135,-0.45544204115867615
42,0.1,0.0,17,5,3,16931,0.3527365153440697,0.4805247485637665,0.05637511257025855,0.3401069641113281,-0.6767660975456238
42,0.1,0.0,17,5,4,6481,0.1350236463259651,0.39468806982040405,0.04630476251799266,0.19876983761787415,-0.18060700595378876
42,0.1,0.0,18,5,0,6804,0.14175295318652473,0.5378808379173279,0.06263911020776246,0.17667606472969055,-0.3629862070083618
42,0.1,0.0,18,5,1,7123,0.1483989249776037,0.4793042242527008,0.05581754918479838,0.27880722284317017,-0.24596676230430603
42,0.1,0.0,18,5,2,10660,0.2220879601658368,0.5143853425979614,0.05990293368510676,0.3470158278942108,-0.46468985080718994
42,0.1,0.0,18,5,3,16931,0.3527365153440697,0.46712103486061096,0.05439875139685701,0.31882160902023315,-0.6851697564125061
42,0.1,0.0,18,5,4,6481,0.1350236463259651,0.3896629214286804,0.04537833839509508,0.20244856178760529,-0.18470925092697144
42,0.1,0.0,19,5,0,6804,0.14175295318652473,0.5359621644020081,0.06196850974326875,0.19441942870616913,-0.3610784411430359
42,0.1,0.0,19,5,1,7123,0.1483989249776037,0.46708956360816956,0.0540053871260237,0.25771331787109375,-0.26560178399086
42,0.1,0.0,19,5,2,10660,0.2220879601658368,0.5033231973648071,0.05819475801004391,0.33520492911338806,-0.4758084714412689
42,0.1,0.0,19,5,3,16931,0.3527365153440697,0.4627911150455475,0.05350839597753287,0.3131864070892334,-0.6960421204566956
42,0.1,0.0,19,5,4,6481,0.1350236463259651,0.3892134726047516,0.04500127149129904,0.21075750887393951,-0.1873578578233719
42,0.1,0.0,20,5,0,6804,0.14175295318652473,0.5273445248603821,0.06054618638202648,0.19293485581874847,-0.3718642592430115
42,0.1,0.0,20,5,1,7123,0.1483989249776037,0.4612143635749817,0.05295356167103818,0.2539162337779999,-0.28047505021095276
42,0.1,0.0,20,5,2,10660,0.2220879601658368,0.4927709102630615,0.05657667420426388,0.30307212471961975,-0.5031531453132629
42,0.1,0.0,20,5,3,16931,0.3527365153440697,0.4564734399318695,0.05240924039152016,0.33262938261032104,-0.7020058631896973
42,0.1,0.0,20,5,4,6481,0.1350236463259651,0.38162702322006226,0.043815873280219075,0.17537419497966766,-0.22615200281143188
42,0.1,0.1,1,5,0,6804,0.14175295318652473,1.197887659072876,0.1765065185057206,0.4282245337963104,0.2823936641216278
42,0.1,0.1,1,5,1,7123,0.1483989249776037,1.4753634929656982,0.21739206652764417,0.6926440000534058,0.5568077564239502
42,0.1,0.1,1,5,2,10660,0.2220879601658368,1.5529779195785522,0.22882840792701675,0.7132596373558044,0.48028478026390076
42,0.1,0.1,1,5,3,16931,0.3527365153440697,1.6336700916290283,0.2407182493920482,0.7954477667808533,0.3747769296169281
42,0.1,0.1,1,5,4,6481,0.1350236463259651,1.2548991441726685,0.18490705479440186,0.696982741355896,0.5980725884437561
42,0.1,0.1,2,5,0,6804,0.14175295318652473,0.8917091488838196,0.12808295013916024,0.40359392762184143,0.2160031795501709
42,0.1,0.1,2,5,1,7123,0.1483989249776037,0.989344596862793,0.14210707025832564,0.6398312449455261,0.4672500491142273
42,0.1,0.1,2,5,2,10660,0.2220879601658368,1.027418613433838,0.1475759301126525,0.652990460395813,0.357390433549881
42,0.1,0.1,2,5,3,16931,0.3527365153440697,1.0439783334732056,0.14995452833470252,0.7169985175132751,0.18453340232372284
42,0.1,0.1,2,5,4,6481,0.1350236463259651,0.8093421459197998,0.11625195261383695,0.6433040499687195,0.5226629376411438
42,0.1,0.1,3,5,0,6804,0.14175295318652473,0.7454917430877686,0.10437197347148,0.3684173822402954,0.12375790625810623
42,0.1,0.1,3,5,1,7123,0.1483989249776037,0.7556596994400024,0.10579553004403024,0.5604251027107239,0.333024799823761
42,0.1,0.1,3,5,2,10660,0.2220879601658368,0.7861192226409912,0.11005999115572526,0.5738781690597534,0.18801064789295197
42,0.1,0.1,3,5,3,16931,0.3527365153440697,0.781262993812561,0.10938009873417677,0.6364409923553467,-0.0284541305154562
42,0.1,0.1,3,5,4,6481,0.1350236463259651,0.5958580374717712,0.08342262655007027,0.5121020674705505,0.3490065634250641
42,0.1,0.1,4,5,0,6804,0.14175295318652473,0.6542965769767761,0.08978928895010767,0.3334248661994934,0.03890160471200943
42,0.1,0.1,4,5,1,7123,0.1483989249776037,0.638033390045166,0.08755748758963107,0.5002729296684265,0.2222343385219574
42,0.1,0.1,4,5,2,10660,0.2220879601658368,0.6663142442703247,0.09143847654957908,0.5290376543998718,0.06540048122406006
42,0.1,0.1,4,5,3,16931,0.3527365153440697,0.6417282223701477,0.08806453038784175,0.5628859400749207,-0.19152715802192688
42,0.1,0.1,4,5,4,6481,0.1350236463259651,0.4940408766269684,0.06779735762884463,0.42847925424575806,0.23155713081359863
42,0.1,0.1,5,5,0,6804,0.14175295318652473,0.6056502461433411,0.08180470734610139,0.3117944896221161,-0.028910327702760696
42,0.1,0.1,5,5,1,7123,0.1483989249776037,0.5726636648178101,0.07734923548116503,0.4451645314693451,0.12119266390800476
42,0.1,0.1,5,5,2,10660,0.2220879601658368,0.5977658033370972,0.08073976179302188,0.48810720443725586,-0.041811082512140274
42,0.1,0.1,5,5,3,16931,0.3527365153440697,0.5659242272377014,0.07643894489277876,0.5069481730461121,-0.31086260080337524
42,0.1,0.1,5,5,4,6481,0.1350236463259651,0.45360761880874634,0.06126842801254163,0.36654847860336304,0.13263963162899017
42,0.1,0.1,6,5,0,6804,0.14175295318652473,0.5708062052726746,0.07609879973454269,0.28912368416786194,-0.08790197223424911
42,0.1,0.1,6,5,1,7123,0.1483989249776037,0.5270258188247681,0.07026208172092438,0.40133801102638245,0.04387132450938225
42,0.1,0.1,6,5,2,10660,0.2220879601658368,0.5563042759895325,0.07416543005129765,0.4643884599208832,-0.11891433596611023
42,0.1,0.1,6,5,3,16931,0.3527365153440697,0.5206685066223145,0.06941453692607868,0.47138622403144836,-0.39272570610046387
42,0.1,0.1,6,5,4,6481,0.1350236463259651,0.4226369261741638,0.05634515271253315,0.3127480745315552,0.051791608333587646
42,0.1,0.1,7,5,0,6804,0.14175295318652473,0.5377340912818909,0.0708931695355512,0.25970396399497986,-0.14160646498203278
42,0.1,0.1,7,5,1,7123,0.1483989249776037,0.5057275891304016,0.06667353306456533,0.3666580021381378,-0.026913221925497055
42,0.1,0.1,7,5,2,10660,0.2220879601658368,0.5237363576889038,0.06904775241060106,0.44841206073760986,-0.1747896671295166
42,0.1,0.1,7,5,3,16931,0.3527365153440697,0.48459330201148987,0.06388725519223941,0.444295734167099,-0.4471495747566223
42,0.1,0.1,7,5,4,6481,0.1350236463259651,0.4118753671646118,0.054300351614886645,0.2909463346004486,0.0007164725684560835
42,0.1,0.1,8,5,0,6804,0.14175295318652473,0.5181065201759338,0.0676348715927981,0.23684468865394592,-0.18569126725196838
42,0.1,0.1,8,5,1,7123,0.1483989249776037,0.48094460368156433,0.06278366561031891,0.35807836055755615,-0.05401672050356865
42,0.1,0.1,8,5,2,10660,0.2220879601658368,0.5102667808532715,0.06661145316094895,0.44725218415260315,-0.21978381276130676
42,0.1,0.1,8,5,3,16931,0.3527365153440697,0.46449458599090576,0.06063624072589718,0.40727800130844116,-0.5024104118347168
42,0.1,0.1,8,5,4,6481,0.1350236463259651,0.3992560803890228,0.05211984925529559,0.26550930738449097,-0.044668134301900864
42,0.1,0.1,9,5,0,6804,0.14175295318652473,0.5070628523826599,0.06560684805350224,0.22465334832668304,-0.21916529536247253
42,0.1,0.1,9,5,1,7123,0.1483989249776037,0.46164143085479736,0.05972995076838283,0.3357398808002472,-0.09196896851062775
42,0.1,0.1,9,5,2,10660,0.2220879601658368,0.4872073233127594,0.06303782002750952,0.4043633043766022,-0.27667728066444397
42,0.1,0.1,9,5,3,16931,0.3527365153440697,0.45023679733276367,0.05825435054432759,0.4176376461982727,-0.5262818932533264
42,0.1,0.1,9,5,4,6481,0.1350236463259651,0.3898006081581116,0.05043475212278543,0.2437044233083725,-0.08330553770065308
42,0.1,0.1,10,5,0,6804,0.14175295318652473,0.4976469576358795,0.06386494362776375,0.2201860547065735,-0.2413841187953949
42,0.1,0.1,10,5,1,7123,0.1483989249776037,0.45548391342163086,0.058453998377118545,0.31436681747436523,-0.13475655019283295
42,0.1,0.1,10,5,2,10660,0.2220879601658368,0.47412896156311035,0.060846788949273097,0.3967742621898651,-0.3050939738750458
42,0.1,0.1,10,5,3,16931,0.3527365153440697,0.4349125623703003,0.055813997960997355,0.4075064957141876,-0.5484644770622253
42,0.1,0.1,10,5,4,6481,0.1350236463259651,0.3749717175960541,0.048121559348102735,0.22403225302696228,-0.11028707027435303
42,0.1,0.1,11,5,0,6804,0.14175295318652473,0.48880794644355774,0.06225773960892945,0.20146246254444122,-0.2717084586620331
42,0.1,0.1,11,5,1,7123,0.1483989249776037,0.447274774312973,0.05696780634484868,0.32090598344802856,-0.14314916729927063
42,0.1,0.1,11,5,2,10660,0.2220879601658368,0.4656054675579071,0.05930252192219874,0.3965277671813965,-0.32623404264450073
42,0.1,0.1,11,5,3,16931,0.3527365153440697,0.4243672788143158,0.05405015964899488,0.3827778100967407,-0.5753523707389832
42,0.1,0.1,11,5,4,6481,0.1350236463259651,0.3722080886363983,0.047406828042100925,0.22676533460617065,-0.12222138047218323
42,0.1,0.1,12,5,0,6804,0.14175295318652473,0.48588067293167114,0.061443445370193035,0.22303619980812073,-0.26796117424964905
42,0.1,0.1,12,5,1,7123,0.1483989249776037,0.44248172640800476,0.05595530610389663,0.3150184750556946,-0.16229821741580963
42,0.1,0.1,12,5,2,10660,0.2220879601658368,0.4593878984451294,0.05809322497133064,0.3835320472717285,-0.3530304729938507
42,0.1,0.1,12,5,3,16931,0.3527365153440697,0.4166930019855499,0.0526941183915776,0.36322763562202454,-0.595890998840332
42,0.1,0.1,12,5,4,6481,0.1350236463259651,0.37045663595199585,0.046847165037048014,0.21615931391716003,-0.14464446902275085
42,0.1,0.1,13,5,0,6804,0.14175295318652473,0.4797680974006653,0.060257047190554705,0.20157065987586975,-0.29789793491363525
42,0.1,0.1,13,5,1,7123,0.1483989249776037,0.4303763806819916,0.05405363553966675,0.25033411383628845,-0.227332204580307
42,0.1,0.1,13,5,2,10660,0.2220879601658368,0.44919511675834656,0.05641719717280411,0.38073575496673584,-0.36569347977638245
42,0.1,0.1,13,5,3,16931,0.3527365153440697,0.409919410943985,0.051484317993216025,0.3723020553588867,-0.6054977178573608
42,0.1,0.1,13,5,4,6481,0.1350236463259651,0.36807781457901,0.04622917272542452,0.2528444528579712,-0.12089373171329498
42,0.1,0.1,14,5,0,6804,0.14175295318652473,0.46915024518966675,0.058537544241714805,0.2072104662656784,-0.3008058965206146
42,0.1,0.1,14,5,1,7123,0.1483989249776037,0.4271031618118286,0.053291180142575924,0.31634920835494995,-0.1816318780183792
42,0.1,0.1,14,5,2,10660,0.2220879601658368,0.4378635287284851,0.054633789383217404,0.35660266876220703,-0.39158523082733154
42,0.1,0.1,14,5,3,16931,0.3527365153440697,0.40112489461898804,0.05004977937445055,0.3641389012336731,-0.6185784339904785
42,0.1,0.1,14,5,4,6481,0.1350236463259651,0.35411691665649414,0.04418442681861723,0.18628038465976715,-0.18460990488529205
42,0.1,0.1,15,5,0,6804,0.14175295318652473,0.46480581164360046,0.05762517461619192,0.19033341109752655,-0.32676589488983154
42,0.1,0.1,15,5,1,7123,0.1483989249776037,0.4215468466281891,0.05226206307523677,0.30964332818984985,-0.19925282895565033
42,0.1,0.1,15,5,2,10660,0.2220879601658368,0.43909457325935364,0.054437575484736093,0.36210712790489197,-0.41240039467811584
42,0.1,0.1,15,5,3,16931,0.3527365153440697,0.39427340030670166,0.0488807862768603,0.34626269340515137,-0.6353934407234192
42,0.1,0.1,15,5,4,6481,0.1350236463259651,0.3556981384754181,0.044098345646368574,0.1872609257698059,-0.19845226407051086
42,0.1,0.1,16,5,0,6804,0.14175295318652473,0.4574624300003052,0.056366237914986614,0.2141266018152237,-0.3134702742099762
42,0.1,0.1,16,5,1,7123,0.1483989249776037,0.41405871510505676,0.0510182487474867,0.274791955947876,-0.23612943291664124
42,0.1,0.1,16,5,2,10660,0.2220879601658368,0.4245379865169525,0.052309452279934686,0.34224334359169006,-0.4224400222301483
42,0.1,0.1,16,5,3,16931,0.3527365153440697,0.38922280073165894,0.04795809130809601,0.3416566252708435,-0.6455390453338623
42,0.1,0.1,16,5,4,6481,0.1350236463259651,0.35450321435928345,0.04368011712391232,0.2278531938791275,-0.17024269700050354
42,0.1,0.1,17,5,0,6804,0.14175295318652473,0.4546287953853607,0.05568152889508976,0.17732787132263184,-0.3547680974006653
42,0.1,0.1,17,5,1,7123,0.1483989249776037,0.40795981884002686,0.04996565697410728,0.2943536341190338,-0.22727631032466888
42,0.1,0.1,17,5,2,10660,0.2220879601658368,0.4253086447715759,0.05209048752203728,0.34943777322769165,-0.43900787830352783
42,0.1,0.1,17,5,3,16931,0.3527365153440697,0.3823556900024414,0.04682974245620888,0.33510780334472656,-0.6553782820701599
42,0.1,0.1,17,5,4,6481,0.1350236463259651,0.34650737047195435,0.04243915114294799,0.20431296527385712,-0.19588251411914825
42,0.1,0.1,18,5,0,6804,0.14175295318652473,0.44922882318496704,0.05469912122694292,0.1787647157907486,-0.360832542181015
42,0.1,0.1,18,5,1,7123,0.1483989249776037,0.40822815895080566,0.049706787281339974,0.305481880903244,-0.23163047432899475
42,0.1,0.1,18,5,2,10660,0.2220879601658368,0.4194610118865967,0.05107452495254071,0.3588092625141144,-0.4417303800582886
42,0.1,0.1,18,5,3,16931,0.3527365153440697,0.37096521258354187,0.045169566347551406,0.3126140236854553,-0.6610934734344482
42,0.1,0.1,18,5,4,6481,0.1350236463259651,0.3416399657726288,0.04159885772973039,0.20826521515846252,-0.19743798673152924
42,0.1,0.1,19,5,0,6804,0.14175295318652473,0.44803565740585327,0.05424287484116426,0.18977294862270355,-0.3630792498588562
42,0.1,0.1,19,5,1,7123,0.1483989249776037,0.3956320583820343,0.04789846493518959,0.2721286714076996,-0.2580207884311676
42,0.1,0.1,19,5,2,10660,0.2220879601658368,0.41077741980552673,0.049732086725194836,0.34277960658073425,-0.45453837513923645
42,0.1,0.1,19,5,3,16931,0.3527365153440697,0.37190690636634827,0.04502610326017073,0.320491224527359,-0.6729406714439392
42,0.1,0.1,19,5,4,6481,0.1350236463259651,0.3426138758659363,0.041479648506206994,0.20788787305355072,-0.2089720070362091
42,0.1,0.1,20,5,0,6804,0.14175295318652473,0.44103312492370605,0.05309729712351578,0.20037221908569336,-0.3605470359325409
42,0.1,0.1,20,5,1,7123,0.1483989249776037,0.3910166025161743,0.047075658381942546,0.2610122263431549,-0.27532416582107544
42,0.1,0.1,20,5,2,10660,0.2220879601658368,0.4029976427555084,0.04851809165392585,0.3067728579044342,-0.4810420274734497
42,0.1,0.1,20,5,3,16931,0.3527365153440697,0.3681713342666626,0.044325248202841866,0.34807485342025757,-0.6737927198410034
42,0.1,0.1,20,5,4,6481,0.1350236463259651,0.3355032205581665,0.04039223627693521,0.1683899164199829,-0.24696055054664612
42,0.1,1.0,1,5,0,6804,0.14175295318652473,0.7319191098213196,0.10784691947019036,0.43290606141090393,0.2679307758808136
42,0.1,1.0,1,5,1,7123,0.1483989249776037,0.8314453363418579,0.12251192383023879,0.6749358177185059,0.5275654196739197
42,0.1,1.0,1,5,2,10660,0.2220879601658368,0.875834584236145,0.1290525969439196,0.6739711761474609,0.4102742373943329
42,0.1,1.0,1,5,3,16931,0.3527365153440697,0.9199540019035339,0.13555351107554842,0.7750032544136047,0.308679461479187
42,0.1,1.0,1,5,4,6481,0.1350236463259651,0.7136891484260559,0.10516076856613807,0.6081821918487549,0.4839063286781311
42,0.1,1.0,2,5,0,6804,0.14175295318652473,0.5891855359077454,0.08595483789149533,0.4013718366622925,0.1990797072649002
42,0.1,1.0,2,5,1,7123,0.1483989249776037,0.6204344034194946,0.09051365880200356,0.63474440574646,0.4573369324207306
42,0.1,1.0,2,5,2,10660,0.2220879601658368,0.6429427266120911,0.09379734306327495,0.6364467740058899,0.3285820484161377
42,0.1,1.0,2,5,3,16931,0.3527365153440697,0.6472492814064026,0.09442561581719715,0.7083712220191956,0.16733817756175995
42,0.1,1.0,2,5,4,6481,0.1350236463259651,0.5300633907318115,0.07732965262355529,0.6054905652999878,0.4675842821598053
42,0.1,1.0,3,5,0,6804,0.14175295318652473,0.5100060701370239,0.0735851312056546,0.37891924381256104,0.13392557203769684
42,0.1,1.0,3,5,1,7123,0.1483989249776037,0.5001188516616821,0.07215857510883888,0.6010448932647705,0.39189597964286804
42,0.1,1.0,3,5,2,10660,0.2220879601658368,0.5134788751602173,0.074086197424758,0.5872524976730347,0.22490467131137848
42,0.1,1.0,3,5,3,16931,0.3527365153440697,0.5052940249443054,0.07290526387846767,0.6426219940185547,0.021883932873606682
42,0.1,1.0,3,5,4,6481,0.1350236463259651,0.42575177550315857,0.06142868113907571,0.5441388487815857,0.3777413070201874
42,0.1,1.0,4,5,0,6804,0.14175295318652473,0.4515528678894043,0.06449690709754177,0.35322263836860657,0.0687023252248764
42,0.1,1.0,4,5,1,7123,0.1483989249776037,0.4276401996612549,0.061081375382785755,0.5688304901123047,0.3248593807220459
42,0.1,1.0,4,5,2,10660,0.2220879601658368,0.4336799085140228,0.06194404854571777,0.5526330471038818,0.14027610421180725
42,0.1,1.0,4,5,3,16931,0.3527365153440697,0.4173927903175354,0.05961770134718151,0.5780506134033203,-0.10507995635271072
42,0.1,1.0,4,5,4,6481,0.1350236463259651,0.3536534011363983,0.0505135769914112,0.515144407749176,0.33006781339645386
42,0.1,1.0,5,5,0,6804,0.14175295318652473,0.4174683094024658,0.059102121411565726,0.3454420566558838,0.015694743022322655
42,0.1,1.0,5,5,1,7123,0.1483989249776037,0.37886184453964233,0.053636499417743407,0.5331756472587585,0.25057777762413025
42,0.1,1.0,5,5,2,10660,0.2220879601658368,0.3750515282154083,0.05309706259597918,0.5117147564888,0.05372558534145355
42,0.1,1.0,5,5,3,16931,0.3527365153440697,0.3598671853542328,0.05094737397261864,0.5173057317733765,-0.21900363266468048
42,0.1,1.0,5,5,4,6481,0.1350236463259651,0.31904086470603943,0.04516748097142121,0.46965089440345764,0.2509850859642029
42,0.1,1.0,6,5,0,6804,0.14175295318652473,0.38994723558425903,0.05478135018053835,0.3326076865196228,-0.038454584777355194
42,0.1,1.0,6,5,1,7123,0.1483989249776037,0.3347884714603424,0.04703242597423999,0.5048319101333618,0.19679448008537292
42,0.1,1.0,6,5,2,10660,0.2220879601658368,0.34256815910339355,0.04812534766768563,0.47442498803138733,-0.03781941533088684
42,0.1,1.0,6,5,3,16931,0.3527365153440697,0.32604432106018066,0.04580401268805566,0.46823012828826904,-0.32082363963127136
42,0.1,1.0,6,5,4,6481,0.1350236463259651,0.28515011072158813,0.040059030155845964,0.4267239570617676,0.18449777364730835
42,0.1,1.0,7,5,0,6804,0.14175295318652473,0.3623127341270447,0.05055572381775265,0.3076573312282562,-0.09669926017522812
42,0.1,1.0,7,5,1,7123,0.1483989249776037,0.3175891041755676,0.04431516070477795,0.4466302692890167,0.0884794369339943
42,0.1,1.0,7,5,2,10660,0.2220879601658368,0.31451091170310974,0.043885641579897015,0.43119674921035767,-0.12421243637800217
42,0.1,1.0,7,5,3,16931,0.3527365153440697,0.29916059970855713,0.04174371815128019,0.4419492781162262,-0.390162855386734
42,0.1,1.0,7,5,4,6481,0.1350236463259651,0.2715035378932953,0.037884558240404397,0.40260857343673706,0.12680895626544952
42,0.1,1.0,8,5,0,6804,0.14175295318652473,0.34251120686531067,0.047505156601763084,0.27512165904045105,-0.15153443813323975
42,0.1,1.0,8,5,1,7123,0.1483989249776037,0.29169556498527527,0.04045719736147032,0.4470701217651367,0.07843199372291565
42,0.1,1.0,8,5,2,10660,0.2220879601658368,0.3085588216781616,0.042796074554257525,0.4430907964706421,-0.1685010939836502
42,0.1,1.0,8,5,3,16931,0.3527365153440697,0.28469014167785645,0.0394855686246289,0.38822489976882935,-0.4662155210971832
42,0.1,1.0,8,5,4,6481,0.1350236463259651,0.2570260763168335,0.03564865546419735,0.370365709066391,0.07339336723089218
42,0.1,1.0,9,5,0,6804,0.14175295318652473,0.3333781957626343,0.04598445455278482,0.2889684736728668,-0.18354320526123047
42,0.1,1.0,9,5,1,7123,0.1483989249776037,0.2739782929420471,0.037791140873572465,0.4241563677787781,0.024013681337237358
42,0.1,1.0,9,5,2,10660,0.2220879601658368,0.28313595056533813,0.039054300540703246,0.36482635140419006,-0.2665787637233734
42,0.1,1.0,9,5,3,16931,0.3527365153440697,0.26707202196121216,0.036838525771313226,0.37883803248405457,-0.5133127570152283
42,0.1,1.0,9,5,4,6481,0.1350236463259651,0.24880166351795197,0.03431840754469898,0.34253981709480286,0.010696787387132645
42,0.1,1.0,10,5,0,6804,0.14175295318652473,0.3232906460762024,0.0443738424500225,0.26871049404144287,-0.2367510199546814
42,0.1,1.0,10,5,1,7123,0.1483989249776037,0.2631671726703644,0.0361214863461904,0.3679318130016327,-0.06555123627185822
42,0.1,1.0,10,5,2,10660,0.2220879601658368,0.274975061416626,0.03774219947616603,0.3442072570323944,-0.3285900056362152
42,0.1,1.0,10,5,3,16931,0.3527365153440697,0.25956007838249207,0.03562638809458588,0.37047284841537476,-0.5645474791526794
42,0.1,1.0,10,5,4,6481,0.1350236463259651,0.23395952582359314,0.032112537942502184,0.2978174388408661,-0.05147905647754669
42,0.1,1.0,11,5,0,6804,0.14175295318652473,0.3143761456012726,0.04295921815141369,0.24538958072662354,-0.2871108055114746
42,0.1,1.0,11,5,1,7123,0.1483989249776037,0.2546548843383789,0.03479836139822931,0.36587169766426086,-0.09479759633541107
42,0.1,1.0,11,5,2,10660,0.2220879601658368,0.2667871415615082,0.036456223459361996,0.3366246819496155,-0.370799720287323
42,0.1,1.0,11,5,3,16931,0.3527365153440697,0.25161346793174744,0.03438275457586091,0.3281030058860779,-0.6163195967674255
42,0.1,1.0,11,5,4,6481,0.1350236463259651,0.22934125363826752,0.031339276481431456,0.30100250244140625,-0.07468681782484055
42,0.1,1.0,12,5,0,6804,0.14175295318652473,0.3098796606063843,0.04217094962851092,0.27509021759033203,-0.29379454255104065
42,0.1,1.0,12,5,1,7123,0.1483989249776037,0.2512306272983551,0.03418951120640236,0.354495108127594,-0.13748790323734283
42,0.1,1.0,12,5,2,10660,0.2220879601658368,0.25664588809013367,0.034926464027469954,0.33123570680618286,-0.397836834192276
42,0.1,1.0,12,5,3,16931,0.3527365153440697,0.24185720086097717,0.032913898946586057,0.2848079204559326,-0.6515775322914124
42,0.1,1.0,12,5,4,6481,0.1350236463259651,0.23252300918102264,0.031643626072309784,0.2709461748600006,-0.14078277349472046
42,0.1,1.0,13,5,0,6804,0.14175295318652473,0.31076785922050476,0.04212992196175289,0.2513989508152008,-0.3480744957923889
42,0.1,1.0,13,5,1,7123,0.1483989249776037,0.24034403264522552,0.03258276246686015,0.20907261967658997,-0.2801920771598816
42,0.1,1.0,13,5,2,10660,0.2220879601658368,0.2559852600097656,0.034703199534924324,0.3025266230106354,-0.45402294397354126
42,0.1,1.0,13,5,3,16931,0.3527365153440697,0.2414245754480362,0.03272924860629855,0.3069577217102051,-0.6762831807136536
42,0.1,1.0,13,5,4,6481,0.1350236463259651,0.22040806710720062,0.029880099860579382,0.34459272027015686,-0.07227049022912979
42,0.1,1.0,14,5,0,6804,0.14175295318652473,0.2897084355354309,0.03913567354923507,0.21711613237857819,-0.37013572454452515
42,0.1,1.0,14,5,1,7123,0.1483989249776037,0.23730657994747162,0.03205689481131418,0.3488868176937103,-0.17931129038333893
42,0.1,1.0,14,5,2,10660,0.2220879601658368,0.25014349818229675,0.033790988057469926,0.287387490272522,-0.48587122559547424
42,0.1,1.0,14,5,3,16931,0.3527365153440697,0.23541681468486786,0.03180161319942303,0.29582735896110535,-0.6974359154701233
42,0.1,1.0,14,5,4,6481,0.1350236463259651,0.2103194296360016,0.028411297462166012,0.21228772401809692,-0.20703457295894623
42,0.1,1.0,15,5,0,6804,0.14175295318652473,0.2893944978713989,0.0389621672237521,0.22102555632591248,-0.40079471468925476
42,0.1,1.0,15,5,1,7123,0.1483989249776037,0.2386752814054489,0.0321336663091211,0.30224066972732544,-0.26028260588645935
42,0.1,1.0,15,5,2,10660,0.2220879601658368,0.25508394837379456,0.034342821047866824,0.3092023432254791,-0.5240921974182129
42,0.1,1.0,15,5,3,16931,0.3527365153440697,0.23080939054489136,0.031074654623249254,0.2540915608406067,-0.7294214963912964
42,0.1,1.0,15,5,4,6481,0.1350236463259651,0.2138170748949051,0.028786921273986514,0.1857447773218155,-0.2650231420993805
42,0.1,1.0,16,5,0,6804,0.14175295318652473,0.2799505889415741,0.037575079894385174,0.24924103915691376,-0.3820037543773651
42,0.1,1.0,16,5,1,7123,0.1483989249776037,0.23101015388965607,0.031006275148896402,0.2654234766960144,-0.29322126507759094
42,0.1,1.0,16,5,2,10660,0.2220879601658368,0.24460645020008087,0.03283117547171218,0.248139888048172,-0.5518518686294556
42,0.1,1.0,16,5,3,16931,0.3527365153440697,0.2337474226951599,0.031373672461572466,0.2593986392021179,-0.7485232949256897
42,0.1,1.0,16,5,4,6481,0.1350236463259651,0.21605730056762695,0.028999297202007616,0.2480650246143341,-0.23046578466892242
42,0.1,1.0,17,5,0,6804,0.14175295318652473,0.2736109495162964,0.03661560849759401,0.1375543624162674,-0.4788636267185211
42,0.1,1.0,17,5,1,7123,0.1483989249776037,0.22365285456180573,0.029930035243405564,0.30714166164398193,-0.2756611704826355
42,0.1,1.0,17,5,2,10660,0.2220879601658368,0.24671682715415955,0.033016539611501285,0.290335088968277,-0.5719777941703796
42,0.1,1.0,17,5,3,16931,0.3527365153440697,0.2210218757390976,0.029577948125883227,0.253218412399292,-0.7536674737930298
42,0.1,1.0,17,5,4,6481,0.1350236463259651,0.20420844852924347,0.027327914385248352,0.21904884278774261,-0.2601085603237152
42,0.1,1.0,18,5,0,6804,0.14175295318652473,0.27029117941856384,0.03606903922785381,0.16674721240997314,-0.4715760350227356
42,0.1,1.0,18,5,1,7123,0.1483989249776037,0.23316261172294617,0.03111441300746416,0.29441577196121216,-0.32846879959106445
42,0.1,1.0,18,5,2,10660,0.2220879601658368,0.24252814054489136,0.03236419713728669,0.2842647135257721,-0.5849224925041199
42,0.1,1.0,18,5,3,16931,0.3527365153440697,0.22046388685703278,0.02941983012718799,0.21943792700767517,-0.7731178998947144
42,0.1,1.0,18,5,4,6481,0.1350236463259651,0.20511609315872192,0.02737174193520106,0.22580468654632568,-0.27247312664985657
42,0.1,1.0,19,5,0,6804,0.14175295318652473,0.2688760757446289,0.03578354797259465,0.1490001529455185,-0.5000996589660645
42,0.1,1.0,19,5,1,7123,0.1483989249776037,0.2166864424943924,0.02883785657959884,0.20410969853401184,-0.38098612427711487
42,0.1,1.0,19,5,2,10660,0.2220879601658368,0.24130980670452118,0.03211487307137727,0.26225098967552185,-0.6137699484825134
42,0.1,1.0,19,5,3,16931,0.3527365153440697,0.2250528484582901,0.02995130517608787,0.2613905966281891,-0.7887136936187744
42,0.1,1.0,19,5,4,6481,0.1350236463259651,0.20829026401042938,0.0277204456878514,0.20923802256584167,-0.31284600496292114
42,0.1,1.0,20,5,0,6804,0.14175295318652473,0.2666923403739929,0.035402070734968163,0.23081813752651215,-0.4671006202697754
42,0.1,1.0,20,5,1,7123,0.1483989249776037,0.21385261416435242,0.028387862069407015,0.21860672533512115,-0.38466325402259827
42,0.1,1.0,20,5,2,10660,0.2220879601658368,0.23133505880832672,0.030708568922248068,0.1496897041797638,-0.657380223274231
42,0.1,1.0,20,5,3,16931,0.3527365153440697,0.21866874396800995,0.029027179148175652,0.30671945214271545,-0.786706268787384
42,0.1,1.0,20,5,4,6481,0.1350236463259651,0.19524312019348145,0.02591754507052037,0.14201879501342773,-0.3562300503253937
43,0.1,0.0,1,5,0,6847,0.14264880518344134,1.6051219701766968,0.23570092986122107,0.548629879951477,0.4265541434288025
43,0.1,0.0,1,5,1,6726,0.14012791933165275,1.7542678117752075,0.25760195308740835,0.7065258622169495,0.6072102189064026
43,0.1,0.0,1,5,2,7824,0.16300339590408133,1.3933660984039307,0.20460606180273944,0.5091829299926758,0.3823150396347046
43,0.1,0.0,1,5,3,17782,0.37046605137607036,2.392519235610962,0.35132470866515125,0.9108317494392395,0.6047085523605347
43,0.1,0.0,1,5,4,8820,0.18375382820475428,2.0650060176849365,0.3032316843085617,0.6887515783309937,0.5127442479133606
43,0.1,0.0,2,5,0,6847,0.14264880518344134,0.9568346738815308,0.134715334711197,0.4547148644924164,0.29120302200317383
43,0.1,0.0,2,5,1,6726,0.14012791933165275,0.9673464298248291,0.13619531318496955,0.5976977348327637,0.4600066840648651
43,0.1,0.0,2,5,2,7824,0.16300339590408133,0.8586760759353638,0.12089532093237261,0.4143618047237396,0.24107886850833893
43,0.1,0.0,2,5,3,17782,0.37046605137607036,1.274330735206604,0.17941646160220437,0.8523415923118591,0.38365665078163147
43,0.1,0.0,2,5,4,8820,0.18375382820475428,1.2408838272094727,0.1747073812052642,0.6135988235473633,0.36223554611206055
43,0.1,0.0,3,5,0,6847,0.14264880518344134,0.7585782408714294,0.10307644886574285,0.3932434320449829,0.1767055094242096
43,0.1,0.0,3,5,1,6726,0.14012791933165275,0.7308162450790405,0.09930411822728713,0.5063491463661194,0.3191588819026947
43,0.1,0.0,3,5,2,7824,0.16300339590408133,0.6781073808670044,0.09214197956578,0.3070175349712372,0.07746010273694992
43,0.1,0.0,3,5,3,17782,0.37046605137607036,0.8807281851768494,0.11967431815564904,0.7730217576026917,0.13282407820224762
43,0.1,0.0,3,5,4,8820,0.18375382820475428,0.953437089920044,0.12955408440525376,0.5346782207489014,0.19191306829452515
43,0.1,0.0,4,5,0,6847,0.14264880518344134,0.676314651966095,0.08966672489202146,0.33623218536376953,0.07562658190727234
43,0.1,0.0,4,5,1,6726,0.14012791933165275,0.6324468851089478,0.08385067614759126,0.4469378888607025,0.22201040387153625
43,0.1,0.0,4,5,2,7824,0.16300339590408133,0.6057189106941223,0.08030704461187335,0.21341033279895782,-0.058849480003118515
43,0.1,0.0,4,5,3,17782,0.37046605137607036,0.7305206656455994,0.09685343259081747,0.7292500734329224,-0.019840717315673828
43,0.1,0.0,4,5,4,8820,0.18375382820475428,0.8290851712226868,0.10992125003349187,0.48474836349487305,0.0759105533361435
43,0.1,0.0,5,5,0,6847,0.14264880518344134,0.6395629644393921,0.0832205947620323,0.3231286406517029,0.031109027564525604
43,0.1,0.0,5,5,1,6726,0.14012791933165275,0.5926323533058167,0.07711393507684361,0.42407235503196716,0.17055563628673553
43,0.1,0.0,5,5,2,7824,0.16300339590408133,0.5715899467468262,0.07437587536039543,0.1518576443195343,-0.14813995361328125
43,0.1,0.0,5,5,3,17782,0.37046605137607036,0.65705806016922,0.08549707472258032,0.6931332945823669,-0.12446171790361404
43,0.1,0.0,5,5,4,8820,0.18375382820475428,0.7644428014755249,0.09947008838466918,0.4491642713546753,-0.003357061417773366
43,0.1,0.0,6,5,0,6847,0.14264880518344134,0.6172745823860168,0.07907575757852404,0.29232048988342285,-0.02638237178325653
43,0.1,0.0,6,5,1,6726,0.14012791933165275,0.5608157515525818,0.07184311760346722,0.4040542542934418,0.1307518482208252
43,0.1,0.0,6,5,2,7824,0.16300339590408133,0.5521412491798401,0.07073187332690911,0.12751410901546478,-0.19488085806369781
43,0.1,0.0,6,5,3,17782,0.37046605137607036,0.6054028272628784,0.07755493028879476,0.6744051575660706,-0.17914758622646332
43,0.1,0.0,6,5,4,8820,0.18375382820475428,0.7196903824806213,0.09219570000218114,0.43144211173057556,-0.050365183502435684
43,0.1,0.0,7,5,0,6847,0.14264880518344134,0.5938316583633423,0.07503785468619882,0.2770008444786072,-0.059768322855234146
43,0.1,0.0,7,5,1,6726,0.14012791933165275,0.5330549478530884,0.06735797789393931,0.3652918040752411,0.0753084123134613
43,0.1,0.0,7,5,2,7824,0.16300339590408133,0.5441974997520447,0.06876597488846083,0.11838484555482864,-0.227452352643013
43,0.1,0.0,7,5,3,17782,0.37046605137607036,0.5770756602287292,0.07292053046570736,0.6496212482452393,-0.24804730713367462
43,0.1,0.0,7,5,4,8820,0.18375382820475428,0.685084342956543,0.08656874157946794,0.42168205976486206,-0.08294383436441422
43,0.1,0.0,8,5,0,6847,0.14264880518344134,0.5713474750518799,0.07130274157337785,0.26128241419792175,-0.09052684158086777
43,0.1,0.0,8,5,1,6726,0.14012791933165275,0.5162479877471924,0.0644264628189211,0.3597874641418457,0.053506430238485336
43,0.1,0.0,8,5,2,7824,0.16300339590408133,0.5388398766517639,0.0672458742743946,0.11883176863193512,-0.25085389614105225
43,0.1,0.0,8,5,3,17782,0.37046605137607036,0.5497433543205261,0.0686066011252418,0.6302471160888672,-0.29747918248176575
43,0.1,0.0,8,5,4,8820,0.18375382820475428,0.651455283164978,0.08129999646520934,0.39594024419784546,-0.1260671466588974
43,0.1,0.0,9,5,0,6847,0.14264880518344134,0.556072473526001,0.0686008103843947,0.2254163920879364,-0.14026950299739838
43,0.1,0.0,9,5,1,6726,0.14012791933165275,0.49710363149642944,0.061326020598439196,0.3236270546913147,0.004723654594272375
43,0.1,0.0,9,5,2,7824,0.16300339590408133,0.531924843788147,0.0656217976697838,0.12400344014167786,-0.26550349593162537
43,0.1,0.0,9,5,3,17782,0.37046605137607036,0.5306856036186218,0.06546891673440632,0.625385046005249,-0.33280977606773376
43,0.1,0.0,9,5,4,8820,0.18375382820475428,0.6318860054016113,0.07795367349554962,0.38005784153938293,-0.1620922088623047
43,0.1,0.0,10,5,0,6847,0.14264880518344134,0.5506482720375061,0.06720214891031888,0.24144244194030762,-0.1426878720521927
43,0.1,0.0,10,5,1,6726,0.14012791933165275,0.5017197728157043,0.061230823006588476,0.33086174726486206,-0.011077210307121277
43,0.1,0.0,10,5,2,7824,0.16300339590408133,0.5228108167648315,0.06380481360661125,0.07197733968496323,-0.32413724064826965
43,0.1,0.0,10,5,3,17782,0.37046605137607036,0.5158271789550781,0.06295251733717919,0.6036178469657898,-0.3765990436077118
43,0.1,0.0,10,5,4,8820,0.18375382820475428,0.6072676181793213,0.07411208021101673,0.37882888317108154,-0.17336051166057587
43,0.1,0.0,11,5,0,6847,0.14264880518344134,0.5347071290016174,0.06459300739508722,0.20314858853816986,-0.1922997236251831
43,0.1,0.0,11,5,1,6726,0.14012791933165275,0.4756978452205658,0.057464643292732535,0.2893487513065338,-0.0582641176879406
43,0.1,0.0,11,5,2,7824,0.16300339590408133,0.5192704200744629,0.0627282418069619,0.12307926267385483,-0.30277782678604126
43,0.1,0.0,11,5,3,17782,0.37046605137607036,0.4981536567211151,0.06017732154152633,0.5961102247238159,-0.4087926149368286
43,0.1,0.0,11,5,4,8820,0.18375382820475428,0.588123619556427,0.07104575803611334,0.35051795840263367,-0.21796102821826935
43,0.1,0.0,12,5,0,6847,0.14264880518344134,0.5305396318435669,0.06346677803647703,0.22086521983146667,-0.19456689059734344
43,0.1,0.0,12,5,1,6726,0.14012791933165275,0.47065579891204834,0.05630306451816479,0.2958141267299652,-0.06814666092395782
43,0.1,0.0,12,5,2,7824,0.16300339590408133,0.511421799659729,0.06117977224289662,0.1091240867972374,-0.32980048656463623
43,0.1,0.0,12,5,3,17782,0.37046605137607036,0.4812009632587433,0.05756454917412579,0.5607022047042847,-0.4482868015766144
43,0.1,0.0,12,5,4,8820,0.18375382820475428,0.5720986127853394,0.06843834747359567,0.3556089699268341,-0.22903810441493988
43,0.1,0.0,13,5,0,6847,0.14264880518344134,0.5160111784934998,0.061159133953812755,0.18037357926368713,-0.2394663691520691
43,0.1,0.0,13,5,1,6726,0.14012791933165275,0.4585149884223938,0.054344519587009955,0.2763645350933075,-0.09614980220794678
43,0.1,0.0,13,5,2,7824,0.16300339590408133,0.5094420313835144,0.06038053968142732,0.11049999296665192,-0.346126526594162
43,0.1,0.0,13,5,3,17782,0.37046605137607036,0.4746679663658142,0.05625901714630474,0.5806019902229309,-0.4668889045715332
43,0.1,0.0,13,5,4,8820,0.18375382820475428,0.5564177632331848,0.06594823898042336,0.3102339208126068,-0.2800067365169525
43,0.1,0.0,14,5,0,6847,0.14264880518344134,0.51296466588974,0.06025783189744618,0.20211492478847504,-0.23835670948028564
43,0.1,0.0,14,5,1,6726,0.14012791933165275,0.4479179084300995,0.05261680545427305,0.25947779417037964,-0.12337397038936615
43,0.1,0.0,14,5,2,7824,0.16300339590408133,0.5056985020637512,0.05940427743749854,0.11133034527301788,-0.36297884583473206
43,0.1,0.0,14,5,3,17782,0.37046605137607036,0.4564388394355774,0.05361775710314976,0.5472361445426941,-0.4937911331653595
43,0.1,0.0,14,5,4,8820,0.18375382820475428,0.547844648361206,0.0643551747752561,0.32367685437202454,-0.28847402334213257
43,0.1,0.0,15,5,0,6847,0.14264880518344134,0.5049482583999634,0.058809806354465,0.19450104236602783,-0.2553125321865082
43,0.1,0.0,15,5,1,6726,0.14012791933165275,0.4430795907974243,0.051604148545794856,0.24916158616542816,-0.14483319222927094
43,0.1,0.0,15,5,2,7824,0.16300339590408133,0.4963834881782532,0.057812293302721196,0.1130572259426117,-0.37054628133773804
43,0.1,0.0,15,5,3,17782,0.37046605137607036,0.4491821527481079,0.052314895598815796,0.532514214515686,-0.5199578404426575
43,0.1,0.0,15,5,4,8820,0.18375382820475428,0.5365954041481018,0.06249565432434818,0.32030627131462097,-0.30237847566604614
43,0.1,0.0,16,5,0,6847,0.14264880518344134,0.4980485141277313,0.05752454056741627,0.18434196710586548,-0.2760690450668335
43,0.1,0.0,16,5,1,6726,0.14012791933165275,0.43986672163009644,0.05080455087188063,0.24641089141368866,-0.16134198009967804
43,0.1,0.0,16,5,2,7824,0.16300339590408133,0.48851314187049866,0.05642320627431582,0.09805527329444885,-0.39272215962409973
43,0.1,0.0,16,5,3,17782,0.37046605137607036,0.44102048873901367,0.050937810827446396,0.5275267362594604,-0.5403997302055359
43,0.1,0.0,16,5,4,8820,0.18375382820475428,0.5288959741592407,0.06108741831054557,0.30832019448280334,-0.3277667760848999
43,0.1,0.0,17,5,0,6847,0.14264880518344134,0.4919471740722656,0.05636383939838765,0.17843595147132874,-0.2908884584903717
43,0.1,0.0,17,5,1,6726,0.14012791933165275,0.44147613644599915,0.05058122368481719,0.23807299137115479,-0.18510779738426208
43,0.1,0.0,17,5,2,7824,0.16300339590408133,0.47904276847839355,0.054885343570464026,0.08535448461771011,-0.4086214303970337
43,0.1,0.0,17,5,3,17782,0.37046605137607036,0.4348887503147125,0.04982648741733237,0.5243229866027832,-0.5577124953269958
43,0.1,0.0,17,5,4,8820,0.18375382820475428,0.5181772112846375,0.059369092162853535,0.29981034994125366,-0.34287065267562866
43,0.1,0.0,18,5,0,6847,0.14264880518344134,0.4827413260936737,0.054880609099972576,0.16738532483577728,-0.30879658460617065
43,0.1,0.0,18,5,1,6726,0.14012791933165275,0.42702534794807434,0.048546519491414974,0.22341109812259674,-0.2011677771806717
43,0.1,0.0,18,5,2,7824,0.16300339590408133,0.4890618324279785,0.055599157976352745,0.11497568339109421,-0.41213881969451904
43,0.1,0.0,18,5,3,17782,0.37046605137607036,0.42231613397598267,0.04801115092609695,0.4942786693572998,-0.5764390826225281
43,0.1,0.0,18,5,4,8820,0.18375382820475428,0.5143187046051025,0.05847049393645604,0.31608912348747253,-0.34865131974220276
43,0.1,0.0,19,5,0,6847,0.14264880518344134,0.4837575852870941,0.0545825849061496,0.17872272431850433,-0.31491902470588684
43,0.1,0.0,19,5,1,6726,0.14012791933165275,0.42274636030197144,0.047698661078883264,0.21888604760169983,-0.21497255563735962
43,0.1,0.0,19,5,2,7824,0.16300339590408133,0.4768242835998535,0.05380029737302664,0.1263066828250885,-0.40752288699150085
43,0.1,0.0,19,5,3,17782,0.37046605137607036,0.41549399495124817,0.04688037344977799,0.4878883361816406,-0.5906590819358826
43,0.1,0.0,19,5,4,8820,0.18375382820475428,0.5032284259796143,0.05677948857777446,0.28531867265701294,-0.3782527446746826
43,0.1,0.0,20,5,0,6847,0.14264880518344134,0.4750383198261261,0.05320636451108103,0.17131920158863068,-0.3273506164550781
43,0.1,0.0,20,5,1,6726,0.14012791933165275,0.4168747663497925,0.046691792742104,0.21484772861003876,-0.22646011412143707
43,0.1,0.0,20,5,2,7824,0.16300339590408133,0.46844345331192017,0.05246771068672177,0.06807661801576614,-0.45486289262771606
43,0.1,0.0,20,5,3,17782,0.37046605137607036,0.4095935523509979,0.04587626500479462,0.49533334374427795,-0.6006268858909607
43,0.1,0.0,20,5,4,8820,0.18375382820475428,0.5007880330085754,0.056090444738845925,0.3006543815135956,-0.38305187225341797
43,0.1,0.1,1,5,0,6847,0.14264880518344134,1.3608534336090088,0.1998318044772443,0.5685617923736572,0.43664124608039856
43,0.1,0.1,1,5,1,6726,0.14012791933165275,1.48483145236969,0.21803710902555076,0.7224324345588684,0.6162058711051941
43,0.1,0.1,1,5,2,7824,0.16300339590408133,1.1686551570892334,0.1716088324320431,0.5251405835151672,0.3886941969394684
43,0.1,0.1,1,5,3,17782,0.37046605137607036,1.712896466255188,0.25152686048394407,0.8955983519554138,0.6097155213356018
43,0.1,0.1,1,5,4,8820,0.18375382820475428,1.6816633939743042,0.24694050236549117,0.7043453454971313,0.5223788619041443
43,0.1,0.1,2,5,0,6847,0.14264880518344134,0.8876956701278687,0.12656710379229155,0.5013782978057861,0.3356263339519501
43,0.1,0.1,2,5,1,6726,0.14012791933165275,0.9161927700042725,0.13063020280156862,0.6462703347206116,0.5083629488945007
43,0.1,0.1,2,5,2,7824,0.16300339590408133,0.7800769209861755,0.11122288859447356,0.4631601572036743,0.2906852960586548
43,0.1,0.1,2,5,3,17782,0.37046605137607036,1.0067124366760254,0.14353644131598775,0.8487538695335388,0.46797889471054077
43,0.1,0.1,2,5,4,8820,0.18375382820475428,1.0999505519866943,0.15683027456879975,0.6622669100761414,0.42722436785697937
43,0.1,0.1,3,5,0,6847,0.14264880518344134,0.6932233572006226,0.09610346886649512,0.44344398379325867,0.2311755269765854
43,0.1,0.1,3,5,1,6726,0.14012791933165275,0.6846975684165955,0.09492151521698626,0.5649791359901428,0.38229602575302124
43,0.1,0.1,3,5,2,7824,0.16300339590408133,0.6141475439071655,0.0851409704422806,0.37898504734039307,0.15549595654010773
43,0.1,0.1,3,5,3,17782,0.37046605137607036,0.7022242546081543,0.09735128813685029,0.772275447845459,0.2527489960193634
43,0.1,0.1,3,5,4,8820,0.18375382820475428,0.8412248492240906,0.11662132452316169,0.5962021946907043,0.2819538414478302
43,0.1,0.1,4,5,0,6847,0.14264880518344134,0.6012412905693054,0.0815964617302105,0.3878476619720459,0.1283944547176361
43,0.1,0.1,4,5,1,6726,0.14012791933165275,0.5757783055305481,0.07814079506718981,0.4984699785709381,0.2728559374809265
43,0.1,0.1,4,5,2,7824,0.16300339590408133,0.536764919757843,0.07284615830637418,0.2902778089046478,0.017084790393710136
43,0.1,0.1,4,5,3,17782,0.37046605137607036,0.5640152096748352,0.07654438607819533,0.7149481177330017,0.08659819513559341
43,0.1,0.1,4,5,4,8820,0.18375382820475428,0.7122865319252014,0.09666678196393685,0.5435426831245422,0.1573800891637802
43,0.1,0.1,5,5,0,6847,0.14264880518344134,0.5541495680809021,0.07397385215487912,0.3613426387310028,0.06515183299779892
43,0.1,0.1,5,5,1,6726,0.14012791933165275,0.5263276696205139,0.07025988552578964,0.47160759568214417,0.2119797170162201
43,0.1,0.1,5,5,2,7824,0.16300339590408133,0.4960857629776001,0.0662228701426829,0.22024932503700256,-0.08895166963338852
43,0.1,0.1,5,5,3,17782,0.37046605137607036,0.4974638819694519,0.06640683630710331,0.667872428894043,-0.04379304498434067
43,0.1,0.1,5,5,4,8820,0.18375382820475428,0.6430566906929016,0.08584213234932582,0.498022198677063,0.056279923766851425
43,0.1,0.1,6,5,0,6847,0.14264880518344134,0.5312498807907104,0.06996030810090839,0.331814169883728,0.0004464816302061081
43,0.1,0.1,6,5,1,6726,0.14012791933165275,0.4935474693775177,0.06499527673998222,0.4490823745727539,0.16196326911449432
43,0.1,0.1,6,5,2,7824,0.16300339590408133,0.46746519207954407,0.0615605010878472,0.17425256967544556,-0.159367173910141
43,0.1,0.1,6,5,3,17782,0.37046605137607036,0.45165905356407166,0.0594789903705512,0.642637312412262,-0.115471750497818
43,0.1,0.1,6,5,4,8820,0.18375382820475428,0.5978972911834717,0.07873710699310833,0.47027310729026794,-0.011519726365804672
43,0.1,0.1,7,5,0,6847,0.14264880518344134,0.512532114982605,0.06671441050668574,0.32343584299087524,-0.03319012001156807
43,0.1,0.1,7,5,1,6726,0.14012791933165275,0.46689698100090027,0.060774253835554244,0.4080031216144562,0.09859146922826767
43,0.1,0.1,7,5,2,7824,0.16300339590408133,0.4560745060443878,0.05936553228261975,0.15148410201072693,-0.2071915864944458
43,0.1,0.1,7,5,3,17782,0.37046605137607036,0.4282727539539337,0.05574668099984577,0.6065919995307922,-0.20142687857151031
43,0.1,0.1,7,5,4,8820,0.18375382820475428,0.5698963403701782,0.07418129964208067,0.46014487743377686,-0.0541311614215374
43,0.1,0.1,8,5,0,6847,0.14264880518344134,0.49450889229774475,0.06370540259195674,0.3173596262931824,-0.05739395692944527
43,0.1,0.1,8,5,1,6726,0.14012791933165275,0.452600359916687,0.05830651094621087,0.4200494885444641,0.09402063488960266
43,0.1,0.1,8,5,2,7824,0.16300339590408133,0.4526224434375763,0.058309355868942925,0.13751950860023499,-0.2460353672504425
43,0.1,0.1,8,5,3,17782,0.37046605137607036,0.40481048822402954,0.05214995226057733,0.5809038877487183,-0.24947483837604523
43,0.1,0.1,8,5,4,8820,0.18375382820475428,0.5437261462211609,0.07004584464365185,0.4343728721141815,-0.10198092460632324
43,0.1,0.1,9,5,0,6847,0.14264880518344134,0.4799133837223053,0.06124521112606831,0.27450990676879883,-0.11537300795316696
43,0.1,0.1,9,5,1,6726,0.14012791933165275,0.4356676936149597,0.05559869922630646,0.390885591506958,0.050444345921278
43,0.1,0.1,9,5,2,7824,0.16300339590408133,0.4466315507888794,0.0569978761822909,0.14531677961349487,-0.259071409702301
43,0.1,0.1,9,5,3,17782,0.37046605137607036,0.39236703515052795,0.05007278963615755,0.5743988156318665,-0.2873876690864563
43,0.1,0.1,9,5,4,8820,0.18375382820475428,0.5327707529067993,0.067990721555813,0.4140566289424896,-0.1501239687204361
43,0.1,0.1,10,5,0,6847,0.14264880518344134,0.4750571548938751,0.060100616360846425,0.2925288677215576,-0.11675271391868591
43,0.1,0.1,10,5,1,6726,0.14012791933165275,0.4373273551464081,0.05532732919606171,0.39125898480415344,0.027225973084568977
43,0.1,0.1,10,5,2,7824,0.16300339590408133,0.4375890791416168,0.05536044052438595,0.0719928964972496,-0.3346770405769348
43,0.1,0.1,10,5,3,17782,0.37046605137607036,0.3846367597579956,0.04866131600872009,0.55096036195755,-0.33881717920303345
43,0.1,0.1,10,5,4,8820,0.18375382820475428,0.5139991044998169,0.0650272555020524,0.42247965931892395,-0.15468448400497437
43,0.1,0.1,11,5,0,6847,0.14264880518344134,0.4587019383907318,0.0575612046648329,0.24307401478290558,-0.1738952100276947
43,0.1,0.1,11,5,1,6726,0.14012791933165275,0.4133749008178711,0.05187324333697049,0.3503534197807312,-0.017576755955815315
43,0.1,0.1,11,5,2,7824,0.16300339590408133,0.43428316712379456,0.05449696234771712,0.13367320597171783,-0.302577942609787
43,0.1,0.1,11,5,3,17782,0.37046605137607036,0.371238112449646,0.046585617329346976,0.545838475227356,-0.3617175221443176
43,0.1,0.1,11,5,4,8820,0.18375382820475428,0.4986019730567932,0.06256814679724376,0.4058156907558441,-0.18741440773010254
43,0.1,0.1,12,5,0,6847,0.14264880518344134,0.45731112360954285,0.05694584467636768,0.26741108298301697,-0.17012529075145721
43,0.1,0.1,12,5,1,6726,0.14012791933165275,0.40895015001296997,0.05092378147114437,0.3622792959213257,-0.02012385055422783
43,0.1,0.1,12,5,2,7824,0.16300339590408133,0.42777952551841736,0.053268475570039095,0.11077259480953217,-0.3345988690853119
43,0.1,0.1,12,5,3,17782,0.37046605137607036,0.3613034784793854,0.04499066544483479,0.5119801759719849,-0.4028041958808899
43,0.1,0.1,12,5,4,8820,0.18375382820475428,0.483915776014328,0.06025874113852588,0.404107928276062,-0.20045408606529236
43,0.1,0.1,13,5,0,6847,0.14264880518344134,0.44415101408958435,0.054903715660421265,0.22159205377101898,-0.21940594911575317
43,0.1,0.1,13,5,1,6726,0.14012791933165275,0.39928656816482544,0.04935779838414441,0.33824974298477173,-0.05421882122755051
43,0.1,0.1,13,5,2,7824,0.16300339590408133,0.4280591309070587,0.052914517953634305,0.12254215776920319,-0.343502938747406
43,0.1,0.1,13,5,3,17782,0.37046605137607036,0.3581056296825409,0.04426721778129429,0.5358202457427979,-0.4169905185699463
43,0.1,0.1,13,5,4,8820,0.18375382820475428,0.47018951177597046,0.05812246385157034,0.36000776290893555,-0.25032275915145874
43,0.1,0.1,14,5,0,6847,0.14264880518344134,0.44163715839385986,0.05420818599691614,0.23287054896354675,-0.22683681547641754
43,0.1,0.1,14,5,1,6726,0.14012791933165275,0.38913828134536743,0.04776427873597884,0.31640779972076416,-0.08529330044984818
43,0.1,0.1,14,5,2,7824,0.16300339590408133,0.42426708340644836,0.052076118443718435,0.11995340138673782,-0.36101269721984863
43,0.1,0.1,14,5,3,17782,0.37046605137607036,0.34538164734840393,0.0423934268743902,0.5076186656951904,-0.4427042305469513
43,0.1,0.1,14,5,4,8820,0.18375382820475428,0.46220633387565613,0.05673292303302854,0.3764180839061737,-0.25360140204429626
43,0.1,0.1,15,5,0,6847,0.14264880518344134,0.43586617708206177,0.05313678181913081,0.23434555530548096,-0.23689326643943787
43,0.1,0.1,15,5,1,6726,0.14012791933165275,0.38529402017593384,0.04697149116585345,0.3101913630962372,-0.10372193902730942
43,0.1,0.1,15,5,2,7824,0.16300339590408133,0.41492021083831787,0.050583242919334165,0.11854618787765503,-0.3690018951892853
43,0.1,0.1,15,5,3,17782,0.37046605137607036,0.33882686495780945,0.04130664443443044,0.4848586916923523,-0.4708697497844696
43,0.1,0.1,15,5,4,8820,0.18375382820475428,0.45145949721336365,0.05503777550301753,0.38214752078056335,-0.25802573561668396
43,0.1,0.1,16,5,0,6847,0.14264880518344134,0.4284442067146301,0.05188986319055233,0.22662818431854248,-0.25354310870170593
43,0.1,0.1,16,5,1,6726,0.14012791933165275,0.38319867849349976,0.04641007321420543,0.3189135491847992,-0.10958601534366608
43,0.1,0.1,16,5,2,7824,0.16300339590408133,0.40909627079963684,0.04954659017643669,0.10070028901100159,-0.3929193615913391
43,0.1,0.1,16,5,3,17782,0.37046605137607036,0.33644208312034607,0.04074727441999756,0.48608267307281494,-0.4941462576389313
43,0.1,0.1,16,5,4,8820,0.18375382820475428,0.4425986707210541,0.05360414287812467,0.3509784936904907,-0.29613062739372253
43,0.1,0.1,17,5,0,6847,0.14264880518344134,0.42385026812553406,0.05100688609665646,0.21208398044109344,-0.2763107717037201
43,0.1,0.1,17,5,1,6726,0.14012791933165275,0.3851250112056732,0.04634662062717686,0.3054780960083008,-0.13997045159339905
43,0.1,0.1,17,5,2,7824,0.16300339590408133,0.39651548862457275,0.04771737069620895,0.06729812920093536,-0.4185144603252411
43,0.1,0.1,17,5,3,17782,0.37046605137607036,0.33469393849372864,0.04027765671469327,0.4911962151527405,-0.5125360488891602
43,0.1,0.1,17,5,4,8820,0.18375382820475428,0.4334615468978882,0.05216352427398441,0.35235971212387085,-0.30263862013816833
43,0.1,0.1,18,5,0,6847,0.14264880518344134,0.4135615825653076,0.04946315488949234,0.18988409638404846,-0.300315260887146
43,0.1,0.1,18,5,1,6726,0.14012791933165275,0.36940062046051025,0.04418137679223967,0.2755574584007263,-0.1664661020040512
43,0.1,0.1,18,5,2,7824,0.16300339590408133,0.411447137594223,0.04921026118872518,0.12159144878387451,-0.4096307158470154
43,0.1,0.1,18,5,3,17782,0.37046605137607036,0.32500961422920227,0.038872084755731735,0.4702230989933014,-0.5276695489883423
43,0.1,0.1,18,5,4,8820,0.18375382820475428,0.427951842546463,0.051184271376988014,0.3558802306652069,-0.31418946385383606
43,0.1,0.1,19,5,0,6847,0.14264880518344134,0.41757509112358093,0.04964510689374413,0.20166368782520294,-0.3095184564590454
43,0.1,0.1,19,5,1,6726,0.14012791933165275,0.3664702773094177,0.04356930400578362,0.2733873128890991,-0.17931029200553894
43,0.1,0.1,19,5,2,7824,0.16300339590408133,0.40021562576293945,0.04758125650667149,0.1337723433971405,-0.40289628505706787
43,0.1,0.1,19,5,3,17782,0.37046605137607036,0.3213809132575989,0.03820867223988881,0.45884108543395996,-0.5475984811782837
43,0.1,0.1,19,5,4,8820,0.18375382820475428,0.41811850666999817,0.04970971305312259,0.32587578892707825,-0.3432063162326813
43,0.1,0.1,20,5,0,6847,0.14264880518344134,0.41006752848625183,0.04846916971486292,0.20160377025604248,-0.3143519461154938
43,0.1,0.1,20,5,1,6726,0.14012791933165275,0.3631799519062042,0.0429271510254871,0.2800759971141815,-0.18181659281253815
43,0.1,0.1,20,5,2,7824,0.16300339590408133,0.3946216106414795,0.046643492816758565,0.05937562510371208,-0.46127891540527344
43,0.1,0.1,20,5,3,17782,0.37046605137607036,0.32112276554107666,0.03795607489276832,0.47231292724609375,-0.5609906911849976
43,0.1,0.1,20,5,4,8820,0.18375382820475428,0.4171585440635681,0.049307313712112395,0.32830387353897095,-0.356920063495636
43,0.1,1.0,1,5,0,6847,0.14264880518344134,0.7909197807312012,0.11614103552732223,0.5571977496147156,0.4047233462333679
43,0.1,1.0,1,5,1,6726,0.14012791933165275,0.8222528100013733,0.12074207163022688,0.6744750738143921,0.5456854701042175
43,0.1,1.0,1,5,2,7824,0.16300339590408133,0.73707115650177,0.10823374185217104,0.476298063993454,0.2978149652481079
43,0.1,1.0,1,5,3,17782,0.37046605137607036,0.8955491185188293,0.13150512166252912,0.8516740798950195,0.4891407787799835
43,0.1,1.0,1,5,4,8820,0.18375382820475428,0.8873357772827148,0.13029904997290756,0.7019420266151428,0.5149214267730713
43,0.1,1.0,2,5,0,6847,0.14264880518344134,0.5977965593338013,0.08687513058083524,0.5034851431846619,0.3200775384902954
43,0.1,1.0,2,5,1,6726,0.14012791933165275,0.5986055731773376,0.08699270098535086,0.6464958786964417,0.49821147322654724
43,0.1,1.0,2,5,2,7824,0.16300339590408133,0.5714209079742432,0.08304207379882604,0.4354923665523529,0.22141490876674652
43,0.1,1.0,2,5,3,17782,0.37046605137607036,0.5993118286132812,0.08709533796487681,0.8168468475341797,0.41870659589767456
43,0.1,1.0,2,5,4,8820,0.18375382820475428,0.6658583283424377,0.09676624650960101,0.6861350536346436,0.4654366672039032
43,0.1,1.0,3,5,0,6847,0.14264880518344134,0.4928174614906311,0.07078964659598602,0.47098690271377563,0.2522772550582886
43,0.1,1.0,3,5,1,6726,0.14012791933165275,0.47628697752952576,0.06841516271684792,0.5973250865936279,0.4175327718257904
43,0.1,1.0,3,5,2,7824,0.16300339590408133,0.48498740792274475,0.06966491630899141,0.4218529462814331,0.1641075164079666
43,0.1,1.0,3,5,3,17782,0.37046605137607036,0.43925678730010986,0.06309604502204538,0.7519294023513794,0.2823788523674011
43,0.1,1.0,3,5,4,8820,0.18375382820475428,0.5335193872451782,0.07663618241317363,0.6427047252655029,0.37156620621681213
43,0.1,1.0,4,5,0,6847,0.14264880518344134,0.4267120659351349,0.06065442646534964,0.43924492597579956,0.18149590492248535
43,0.1,1.0,4,5,1,6726,0.14012791933165275,0.3991542458534241,0.056737256305119034,0.5603085160255432,0.3495761752128601
43,0.1,1.0,4,5,2,7824,0.16300339590408133,0.41793951392173767,0.05940746357517689,0.36191871762275696,0.05984023958444595
43,0.1,1.0,4,5,3,17782,0.37046605137607036,0.34817934036254883,0.04949149527912443,0.6957235336303711,0.15979774296283722
43,0.1,1.0,4,5,4,8820,0.18375382820475428,0.4448493421077728,0.06323252577801879,0.6133196353912354,0.2974928319454193
43,0.1,1.0,5,5,0,6847,0.14264880518344134,0.3807571232318878,0.05363397451849066,0.39698490500450134,0.10245539993047714
43,0.1,1.0,5,5,1,6726,0.14012791933165275,0.3489208221435547,0.049149469154963286,0.5355111956596375,0.29758673906326294
43,0.1,1.0,5,5,2,7824,0.16300339590408133,0.37753528356552124,0.053180141731064834,0.33835145831108093,-0.004603700712323189
43,0.1,1.0,5,5,3,17782,0.37046605137607036,0.2962370216846466,0.041728356222482554,0.6329801678657532,0.02822485752403736
43,0.1,1.0,5,5,4,8820,0.18375382820475428,0.39365023374557495,0.055450115881482416,0.5743737816810608,0.20514197647571564
43,0.1,1.0,6,5,0,6847,0.14264880518344134,0.3540908098220825,0.049487337976068524,0.3709164261817932,0.03658923879265785
43,0.1,1.0,6,5,1,6726,0.14012791933165275,0.3096913695335388,0.043282121555423624,0.49167707562446594,0.226204976439476
43,0.1,1.0,6,5,2,7824,0.16300339590408133,0.33707424998283386,0.047109122488414326,0.3006290793418884,-0.06888861954212189
43,0.1,1.0,6,5,3,17782,0.37046605137607036,0.2617616653442383,0.0365835193762236,0.6111562848091125,-0.04502701014280319
43,0.1,1.0,6,5,4,8820,0.18375382820475428,0.3518817722797394,0.04917860534470007,0.526835560798645,0.1117064505815506
43,0.1,1.0,7,5,0,6847,0.14264880518344134,0.3321940004825592,0.04610921776897246,0.35327211022377014,-0.011407806538045406
43,0.1,1.0,7,5,1,6726,0.14012791933165275,0.2935875654220581,0.04075056433482714,0.4514181613922119,0.15008153021335602
43,0.1,1.0,7,5,2,7824,0.16300339590408133,0.3200712502002716,0.04442655483131289,0.27139976620674133,-0.13314630091190338
43,0.1,1.0,7,5,3,17782,0.37046605137607036,0.24266843497753143,0.03368288318807909,0.5513167977333069,-0.16450518369674683
43,0.1,1.0,7,5,4,8820,0.18375382820475428,0.32756197452545166,0.04546628293794737,0.5178346633911133,0.06480253487825394
43,0.1,1.0,8,5,0,6847,0.14264880518344134,0.31778475642204285,0.043838760946726514,0.3750894069671631,-0.023762980476021767
43,0.1,1.0,8,5,1,6726,0.14012791933165275,0.28165456652641296,0.03885456102591343,0.4711483418941498,0.14074772596359253
43,0.1,1.0,8,5,2,7824,0.16300339590408133,0.3195715546607971,0.04408525175305314,0.23643235862255096,-0.22074221074581146
43,0.1,1.0,8,5,3,17782,0.37046605137607036,0.21857598423957825,0.03015280037236449,0.4945160150527954,-0.23997633159160614
43,0.1,1.0,8,5,4,8820,0.18375382820475428,0.3030509650707245,0.04180621802628645,0.4703427851200104,-0.01982228085398674
43,0.1,1.0,9,5,0,6847,0.14264880518344134,0.3009653091430664,0.041290472326703326,0.2951829135417938,-0.13046668469905853
43,0.1,1.0,9,5,1,6726,0.14012791933165275,0.2654920220375061,0.03642376930455177,0.4335506558418274,0.07614053040742874
43,0.1,1.0,9,5,2,7824,0.16300339590408133,0.30486631393432617,0.041825664674414335,0.2578171193599701,-0.23099297285079956
43,0.1,1.0,9,5,3,17782,0.37046605137607036,0.21053366363048553,0.028883841917613572,0.49430716037750244,-0.29698655009269714
43,0.1,1.0,9,5,4,8820,0.18375382820475428,0.29186663031578064,0.040042193090145145,0.4070488512516022,-0.1289314478635788
43,0.1,1.0,10,5,0,6847,0.14264880518344134,0.29396238923072815,0.040130241023408286,0.31009775400161743,-0.15356779098510742
43,0.1,1.0,10,5,1,6726,0.14012791933165275,0.260875403881073,0.03561337510632842,0.416065514087677,0.0186159685254097
43,0.1,1.0,10,5,2,7824,0.16300339590408133,0.2933478355407715,0.040046345298637764,0.15051332116127014,-0.35182347893714905
43,0.1,1.0,10,5,3,17782,0.37046605137607036,0.20555900037288666,0.02806186278143274,0.4462723135948181,-0.3953666687011719
43,0.1,1.0,10,5,4,8820,0.18375382820475428,0.2804693281650543,0.03828823737754713,0.43062058091163635,-0.1448093056678772
43,0.1,1.0,11,5,0,6847,0.14264880518344134,0.2792956829071045,0.03795673600019392,0.25189658999443054,-0.22910961508750916
43,0.1,1.0,11,5,1,6726,0.14012791933165275,0.2390727996826172,0.03249038097519952,0.3571667969226837,-0.04937383532524109
43,0.1,1.0,11,5,2,7824,0.16300339590408133,0.2842109501361847,0.03862472878347892,0.1862335056066513,-0.3537059426307678
43,0.1,1.0,11,5,3,17782,0.37046605137607036,0.19273847341537476,0.026193470935034213,0.44089028239250183,-0.42282018065452576
43,0.1,1.0,11,5,4,8820,0.18375382820475428,0.2708229422569275,0.03680527681289296,0.42095062136650085,-0.1927727907896042
43,0.1,1.0,12,5,0,6847,0.14264880518344134,0.2805860936641693,0.03797607258718071,0.264129638671875,-0.25163859128952026
43,0.1,1.0,12,5,1,6726,0.14012791933165275,0.23900750279426575,0.032348596313042814,0.3679625391960144,-0.06747820228338242
43,0.1,1.0,12,5,2,7824,0.16300339590408133,0.2825144827365875,0.038237071421563906,0.18449200689792633,-0.38334208726882935
43,0.1,1.0,12,5,3,17782,0.37046605137607036,0.18820807337760925,0.025473120790641103,0.3939228355884552,-0.4800969362258911
43,0.1,1.0,12,5,4,8820,0.18375382820475428,0.26355549693107605,0.03567105750502541,0.38976746797561646,-0.24552521109580994
43,0.1,1.0,13,5,0,6847,0.14264880518344134,0.26732081174850464,0.0360444752388038,0.2070440649986267,-0.2996133267879486
43,0.1,1.0,13,5,1,6726,0.14012791933165275,0.2333376109600067,0.0314623155807346,0.3759874999523163,-0.06995487213134766
43,0.1,1.0,13,5,2,7824,0.16300339590408133,0.2781818211078644,0.037508930551359725,0.16354146599769592,-0.4134749472141266
43,0.1,1.0,13,5,3,17782,0.37046605137607036,0.1956675499677658,0.026383034353815116,0.4611818194389343,-0.5030226111412048
43,0.1,1.0,13,5,4,8820,0.18375382820475428,0.2541881799697876,0.034273723392465594,0.28075486421585083,-0.3418823778629303
43,0.1,1.0,14,5,0,6847,0.14264880518344134,0.2728588581085205,0.036658107738706494,0.22888803482055664,-0.3198890686035156
43,0.1,1.0,14,5,1,6726,0.14012791933165275,0.22555983066558838,0.030303566581573002,0.31588008999824524,-0.1427878737449646
43,0.1,1.0,14,5,2,7824,0.16300339590408133,0.27149316668510437,0.036474629497668394,0.2016369253396988,-0.4037744700908661
43,0.1,1.0,14,5,3,17782,0.37046605137607036,0.17982858419418335,0.024159654040872686,0.3684898614883423,-0.5331353545188904
43,0.1,1.0,14,5,4,8820,0.18375382820475428,0.25557178258895874,0.034335619543614755,0.3714645504951477,-0.30862683057785034
43,0.1,1.0,15,5,0,6847,0.14264880518344134,0.26550135016441345,0.03554982994655078,0.24603016674518585,-0.33027392625808716
43,0.1,1.0,15,5,1,6726,0.14012791933165275,0.21982666850090027,0.029434127841852516,0.301914781332016,-0.17958734929561615
43,0.1,1.0,15,5,2,7824,0.16300339590408133,0.2676084339618683,0.035831962111363753,0.16295143961906433,-0.4599277973175049
43,0.1,1.0,15,5,3,17782,0.37046605137607036,0.17450165748596191,0.02336524558227533,0.3460862338542938,-0.5711308717727661
43,0.1,1.0,15,5,4,8820,0.18375382820475428,0.2423458695411682,0.03244938093573685,0.3732357919216156,-0.32135242223739624
43,0.1,1.0,16,5,0,6847,0.14264880518344134,0.263125479221344,0.03512110264709633,0.2937834858894348,-0.30149227380752563
43,0.1,1.0,16,5,1,6726,0.14012791933165275,0.22791457176208496,0.030421269324859352,0.3798089325428009,-0.13637231290340424
43,0.1,1.0,16,5,2,7824,0.16300339590408133,0.2659537196159363,0.0354986066482409,0.09915482252836227,-0.5095322728157043
43,0.1,1.0,16,5,3,17782,0.37046605137607036,0.17814743518829346,0.023778519572031878,0.3426327109336853,-0.6004272103309631
43,0.1,1.0,16,5,4,8820,0.18375382820475428,0.24078509211540222,0.032139183028192304,0.2916735112667084,-0.3947216272354126
43,0.1,1.0,17,5,0,6847,0.14264880518344134,0.2616194486618042,0.03481544864531961,0.2729196548461914,-0.3404485881328583
43,0.1,1.0,17,5,1,6726,0.14012791933165275,0.2320285439491272,0.030877589175534858,0.36035922169685364,-0.19037039577960968
43,0.1,1.0,17,5,2,7824,0.16300339590408133,0.2537820339202881,0.033772471481958735,0.03665979206562042,-0.5464069843292236
43,0.1,1.0,17,5,3,17782,0.37046605137607036,0.17740172147750854,0.02360803279451762,0.3094698190689087,-0.6364200711250305
43,0.1,1.0,17,5,4,8820,0.18375382820475428,0.2406190037727356,0.032020779081171964,0.3689858913421631,-0.3673073947429657
43,0.1,1.0,18,5,0,6847,0.14264880518344134,0.24800796806812286,0.03291043581314808,0.13803741335868835,-0.4344947040081024
43,0.1,1.0,18,5,1,6726,0.14012791933165275,0.20601291954517365,0.02733773038900247,0.25436490774154663,-0.24853523075580597
43,0.1,1.0,18,5,2,7824,0.16300339590408133,0.2656414806842804,0.03525038718501281,0.20338137447834015,-0.4899984896183014
43,0.1,1.0,18,5,3,17782,0.37046605137607036,0.16915905475616455,0.022447255453648906,0.3621581494808197,-0.615900993347168
43,0.1,1.0,18,5,4,8820,0.18375382820475428,0.23529259860515594,0.031223117644255654,0.3173080384731293,-0.4171747863292694
43,0.1,1.0,19,5,0,6847,0.14264880518344134,0.25697648525238037,0.03400803392127693,0.13876812160015106,-0.46549147367477417
43,0.1,1.0,19,5,1,6726,0.14012791933165275,0.20914092659950256,0.02767751967320243,0.21958406269550323,-0.300852507352829
43,0.1,1.0,19,5,2,7824,0.16300339590408133,0.2575007975101471,0.03407742092775715,0.14057758450508118,-0.5274770855903625
43,0.1,1.0,19,5,3,17782,0.37046605137607036,0.17985422909259796,0.02380174480890378,0.3888235092163086,-0.6603459715843201
43,0.1,1.0,19,5,4,8820,0.18375382820475428,0.2279910147190094,0.030172123160201087,0.29223448038101196,-0.43470489978790283
43,0.1,1.0,20,5,0,6847,0.14264880518344134,0.2501435875892639,0.03301933005247644,0.21981392800807953,-0.407156765460968
43,0.1,1.0,20,5,1,6726,0.14012791933165275,0.23207077383995056,0.030633691436205455,0.3568307161331177,-0.2486618608236313
43,0.1,1.0,20,5,2,7824,0.16300339590408133,0.2595723569393158,0.034263941797908204,0.0636340081691742,-0.5811493396759033
43,0.1,1.0,20,5,3,17782,0.37046605137607036,0.17528904974460602,0.023138418393542394,0.35094568133354187,-0.6679826378822327
43,0.1,1.0,20,5,4,8820,0.18375382820475428,0.23318757116794586,0.03078111036439062,0.22341662645339966,-0.5000026822090149
44,0.1,0.0,1,5,0,438,0.009125380224176007,0.5342230200767517,0.07873102361648014,0.08164338022470474,0.0787016972899437
44,0.1,0.0,1,5,1,15363,0.3200758364931872,2.1852574348449707,0.32205193008371324,0.7011769413948059,0.36149367690086365
44,0.1,0.0,1,5,2,3512,0.07316971540480853,0.7171156406402588,0.10568479140207027,0.23620843887329102,0.20579469203948975
44,0.1,0.0,1,5,3,21654,0.45114379765823576,2.645892858505249,0.38993799462202977,0.8982507586479187,0.3669925034046173
44,0.1,0.0,1,5,4,7031,0.14648527021959248,1.324914574623108,0.19525905238880228,0.3674096465110779,0.25915318727493286
44,0.1,0.0,2,5,0,438,0.009125380224176007,0.5212028622627258,0.0731200142060052,0.10112162679433823,0.09559909254312515
44,0.1,0.0,2,5,1,15363,0.3200758364931872,1.3336353302001953,0.187096889427122,0.6019691228866577,0.12624067068099976
44,0.1,0.0,2,5,2,3512,0.07316971540480853,0.5324240326881409,0.07469424220880684,0.19360142946243286,0.1491047739982605
44,0.1,0.0,2,5,3,21654,0.45114379765823576,1.4791553020477295,0.2075120160105704,0.8235078454017639,0.07263673096895218
44,0.1,0.0,2,5,4,7031,0.14648527021959248,0.9361270666122437,0.13133010074455312,0.28157585859298706,0.12494838237762451
44,0.1,0.0,3,5,0,438,0.009125380224176007,0.4698934555053711,0.06324323498684851,0.12362633645534515,0.11637595295906067
44,0.1,0.0,3,5,1,15363,0.3200758364931872,1.042744755744934,0.14034362650987597,0.5362519025802612,-0.04270758852362633
44,0.1,0.0,3,5,2,3512,0.07316971540480853,0.4697956144809723,0.06323006650615377,0.1278894692659378,0.06934645771980286
44,0.1,0.0,3,5,3,21654,0.45114379765823576,1.0924491882324219,0.1470333751472843,0.7602241039276123,-0.12962067127227783
44,0.1,0.0,3,5,4,7031,0.14648527021959248,0.7870818972587585,0.10593381286550234,0.21311210095882416,0.015760954469442368
44,0.1,0.0,4,5,0,438,0.009125380224176007,0.40977349877357483,0.053510082238626334,0.12569518387317657,0.1178576722741127
44,0.1,0.0,4,5,1,15363,0.3200758364931872,0.9037731289863586,0.11801879477775384,0.4834882915019989,-0.1487266719341278
44,0.1,0.0,4,5,2,3512,0.07316971540480853,0.4279998242855072,0.055890158500196345,0.09917154163122177,0.03272112086415291
44,0.1,0.0,4,5,3,21654,0.45114379765823576,0.9319592714309692,0.12169946911300203,0.7309689521789551,-0.23246636986732483
44,0.1,0.0,4,5,4,7031,0.14648527021959248,0.7027116417884827,0.0917632737467958,0.1893259435892105,-0.03009861148893833
44,0.1,0.0,5,5,0,438,0.009125380224176007,0.3664439022541046,0.04669860626436046,0.08741913735866547,0.07922742515802383
44,0.1,0.0,5,5,1,15363,0.3200758364931872,0.8204299211502075,0.10455333986899407,0.4488571882247925,-0.2170707881450653
44,0.1,0.0,5,5,2,3512,0.07316971540480853,0.41273558139801025,0.05259789094165964,0.07066155970096588,-0.0038204623851925135
44,0.1,0.0,5,5,3,21654,0.45114379765823576,0.8401594161987305,0.10706761262779341,0.714878261089325,-0.2998908460140228
44,0.1,0.0,5,5,4,7031,0.14648527021959248,0.6415627598762512,0.0817589992166445,0.15170295536518097,-0.08072337508201599
44,0.1,0.0,6,5,0,438,0.009125380224176007,0.33882850408554077,0.04227137462851579,0.06757371127605438,0.05902460217475891
44,0.1,0.0,6,5,1,15363,0.3200758364931872,0.7631617188453674,0.09521009752860173,0.42012080550193787,-0.2732827961444855
44,0.1,0.0,6,5,2,3512,0.07316971540480853,0.39914894104003906,0.04979679754162358,0.04334844648838043,-0.03771555423736572
44,0.1,0.0,6,5,3,21654,0.45114379765823576,0.7732607126235962,0.09647002207515872,0.7016754746437073,-0.350338339805603
44,0.1,0.0,6,5,4,7031,0.14648527021959248,0.6047162413597107,0.0754428463787417,0.12912778556346893,-0.11689546704292297
44,0.1,0.0,7,5,0,438,0.009125380224176007,0.3176444470882416,0.038889383087006284,0.0637630745768547,0.054932136088609695
44,0.1,0.0,7,5,1,15363,0.3200758364931872,0.7235440015792847,0.08858388715954948,0.40357595682144165,-0.3155807554721832
44,0.1,0.0,7,5,2,3512,0.07316971540480853,0.39551714062690735,0.04842337947448576,0.06602055579423904,-0.022479213774204254
44,0.1,0.0,7,5,3,21654,0.45114379765823576,0.7223801016807556,0.08844139025949743,0.6800037622451782,-0.3959157168865204
44,0.1,0.0,7,5,4,7031,0.14648527021959248,0.5806981325149536,0.07109518941790163,0.11749931424856186,-0.14204184710979462
44,0.1,0.0,8,5,0,438,0.009125380224176007,0.2989397644996643,0.035972397595891804,0.042527612298727036,0.033421896398067474
44,0.1,0.0,8,5,1,15363,0.3200758364931872,0.6831464171409607,0.0822052381513507,0.3779832422733307,-0.3561050593852997
44,0.1,0.0,8,5,2,3512,0.07316971540480853,0.37610095739364624,0.045257455789475605,0.035545747727155685,-0.05637448653578758
44,0.1,0.0,8,5,3,21654,0.45114379765823576,0.6803854703903198,0.08187300441716894,0.6746877431869507,-0.4296588599681854
44,0.1,0.0,8,5,4,7031,0.14648527021959248,0.560253381729126,0.06741711807973842,0.10192902386188507,-0.17071940004825592
44,0.1,0.0,9,5,0,438,0.009125380224176007,0.28845205903053284,0.03415956331188356,0.040265731513500214,0.030774714425206184
44,0.1,0.0,9,5,1,15363,0.3200758364931872,0.6590060591697693,0.07804194318038053,0.36473414301872253,-0.39191946387290955
44,0.1,0.0,9,5,2,3512,0.07316971540480853,0.3810623288154602,0.045126815148050836,0.02444690652191639,-0.07600011676549911
44,0.1,0.0,9,5,3,21654,0.45114379765823576,0.6476988792419434,0.07670290497097554,0.6575087904930115,-0.46638545393943787
44,0.1,0.0,9,5,4,7031,0.14648527021959248,0.5465729236602783,0.06472719401998885,0.08976448327302933,-0.19616155326366425
44,0.1,0.0,10,5,0,438,0.009125380224176007,0.27913615107536316,0.032568240672450094,0.027847018092870712,0.018063189461827278
44,0.1,0.0,10,5,1,15363,0.3200758364931872,0.6423071622848511,0.07494125775662673,0.36122164130210876,-0.4177611470222473
44,0.1,0.0,10,5,2,3512,0.07316971540480853,0.3782549500465393,0.04413293728240626,0.03637528792023659,-0.0698501318693161
44,0.1,0.0,10,5,3,21654,0.45114379765823576,0.6160854697227478,0.071881838935698,0.6397309303283691,-0.48675933480262756
44,0.1,0.0,10,5,4,7031,0.14648527021959248,0.5357586741447449,0.06250970135784344,0.09038427472114563,-0.20743900537490845
44,0.1,0.0,11,5,0,438,0.009125380224176007,0.2734110355377197,0.03145748428564201,0.03851240873336792,0.028264913707971573
44,0.1,0.0,11,5,1,15363,0.3200758364931872,0.6178538203239441,0.0710875726191489,0.3365943729877472,-0.45145168900489807
44,0.1,0.0,11,5,2,3512,0.07316971540480853,0.37784695625305176,0.0434734269790227,0.0715733990073204,-0.042157433927059174
44,0.1,0.0,11,5,3,21654,0.45114379765823576,0.593116044998169,0.06824135181082694,0.6223596930503845,-0.5209436416625977
44,0.1,0.0,11,5,4,7031,0.14648527021959248,0.5238075256347656,0.06026701509670193,0.10518906265497208,-0.20685791969299316
44,0.1,0.0,12,5,0,438,0.009125380224176007,0.2674039900302887,0.03036300631692817,0.036480680108070374,0.025841644033789635
44,0.1,0.0,12,5,1,15363,0.3200758364931872,0.6019367575645447,0.06834830538711614,0.330750048160553,-0.47539007663726807
44,0.1,0.0,12,5,2,3512,0.07316971540480853,0.36549675464630127,0.04150117681073261,0.0445331409573555,-0.07204471528530121
44,0.1,0.0,12,5,3,21654,0.45114379765823576,0.5711402893066406,0.06485144896344085,0.6093794703483582,-0.5446702837944031
44,0.1,0.0,12,5,4,7031,0.14648527021959248,0.5152380466461182,0.05850389914999327,0.09478743374347687,-0.2293272614479065
44,0.1,0.0,13,5,0,438,0.009125380224176007,0.25924748182296753,0.029071976755735324,0.02260764315724373,0.011700042523443699
44,0.1,0.0,13,5,1,15363,0.3200758364931872,0.5828407406806946,0.06535968004863976,0.31316837668418884,-0.4991997182369232
44,0.1,0.0,13,5,2,3512,0.07316971540480853,0.3651699125766754,0.04095010349058089,0.050636760890483856,-0.07248418778181076
44,0.1,0.0,13,5,3,21654,0.45114379765823576,0.5547899603843689,0.06221406942584539,0.6018659472465515,-0.5688582062721252
44,0.1,0.0,13,5,4,7031,0.14648527021959248,0.5065677762031555,0.0568064403612578,0.08590775728225708,-0.24913394451141357
44,0.1,0.0,14,5,0,438,0.009125380224176007,0.2573195993900299,0.028516068715461345,0.029815947636961937,0.018489668145775795
44,0.1,0.0,14,5,1,15363,0.3200758364931872,0.5759997963905334,0.06383209756621674,0.3312096893787384,-0.5093453526496887
44,0.1,0.0,14,5,2,3512,0.07316971540480853,0.35330483317375183,0.039153119016855094,0.03135441988706589,-0.09303560107946396
44,0.1,0.0,14,5,3,21654,0.45114379765823576,0.5359401702880859,0.05939270370208443,0.5798928737640381,-0.5845064520835876
44,0.1,0.0,14,5,4,7031,0.14648527021959248,0.4969567060470581,0.0550725697220105,0.06966827809810638,-0.2716917097568512
44,0.1,0.0,15,5,0,438,0.009125380224176007,0.25048401951789856,0.027446431049509376,0.012432937510311604,0.0007833656272850931
44,0.1,0.0,15,5,1,15363,0.3200758364931872,0.5536553859710693,0.06066600338613067,0.2830204963684082,-0.5429766774177551
44,0.1,0.0,15,5,2,3512,0.07316971540480853,0.35653388500213623,0.0390666945953636,0.032349321991205215,-0.10015489161014557
44,0.1,0.0,15,5,3,21654,0.45114379765823576,0.5250467658042908,0.057531254421544595,0.5860500335693359,-0.6084198355674744
44,0.1,0.0,15,5,4,7031,0.14648527021959248,0.49118220806121826,0.05382059355421149,0.08844181895256042,-0.26905715465545654
44,0.1,0.0,16,5,0,438,0.009125380224176007,0.24826891720294952,0.02691166993850406,0.021036332473158836,0.00895269401371479
44,0.1,0.0,16,5,1,15363,0.3200758364931872,0.5475911498069763,0.05935737929208724,0.3048866391181946,-0.5517537593841553
44,0.1,0.0,16,5,2,3512,0.07316971540480853,0.34980228543281555,0.03791760867755732,0.031801652163267136,-0.10421352833509445
44,0.1,0.0,16,5,3,21654,0.45114379765823576,0.5054816603660583,0.05479282608953497,0.5612525343894958,-0.6207051873207092
44,0.1,0.0,16,5,4,7031,0.14648527021959248,0.48443594574928284,0.052511528326740026,0.07290615886449814,-0.29300108551979065
44,0.1,0.0,17,5,0,438,0.009125380224176007,0.24658116698265076,0.026453304347067042,0.01895536482334137,0.006440345663577318
44,0.1,0.0,17,5,1,15363,0.3200758364931872,0.5353702902793884,0.05743469138555394,0.28934794664382935,-0.5698556900024414
44,0.1,0.0,17,5,2,3512,0.07316971540480853,0.3544199466705322,0.03802228219889363,0.042854513972997665,-0.10096673667430878
44,0.1,0.0,17,5,3,21654,0.45114379765823576,0.49731287360191345,0.053351879878285734,0.5513031482696533,-0.6409460306167603
44,0.1,0.0,17,5,4,7031,0.14648527021959248,0.4784995913505554,0.05133358510236124,0.07639091461896896,-0.29993316531181335
44,0.1,0.0,18,5,0,438,0.009125380224176007,0.24455763399600983,0.02597679584344273,0.032221775501966476,0.019467666745185852
44,0.1,0.0,18,5,1,15363,0.3200758364931872,0.5270135998725891,0.055979134516943474,0.29860246181488037,-0.5722237825393677
44,0.1,0.0,18,5,2,3512,0.07316971540480853,0.34234529733657837,0.036363755044424795,0.050126317888498306,-0.09281790256500244
44,0.1,0.0,18,5,3,21654,0.45114379765823576,0.4804239273071289,0.05103040160327148,0.5407177805900574,-0.6388763785362244
44,0.1,0.0,18,5,4,7031,0.14648527021959248,0.47819826006889343,0.050793992285278054,0.08561086654663086,-0.30138570070266724
44,0.1,0.0,19,5,0,438,0.009125380224176007,0.23974941670894623,0.02522149053810661,0.02085418812930584,0.007733671925961971
44,0.1,0.0,19,5,1,15363,0.3200758364931872,0.5216295123100281,0.05487510247041036,0.30469778180122375,-0.5903905034065247
44,0.1,0.0,19,5,2,3512,0.07316971540480853,0.3421284556388855,0.03599170219124536,0.02299068681895733,-0.1261715143918991
44,0.1,0.0,19,5,3,21654,0.45114379765823576,0.4684731662273407,0.049283087698618874,0.5202860236167908,-0.6585515737533569
44,0.1,0.0,19,5,4,7031,0.14648527021959248,0.47069838643074036,0.04951717948943804,0.07647240906953812,-0.32026052474975586
44,0.1,0.0,20,5,0,438,0.009125380224176007,0.23653899133205414,0.024655909936862844,0.022223489359021187,0.008628496900200844
44,0.1,0.0,20,5,1,15363,0.3200758364931872,0.5024308562278748,0.052371449928376536,0.2656519412994385,-0.6126748323440552
44,0.1,0.0,20,5,2,3512,0.07316971540480853,0.3381200134754181,0.03524432294715308,0.05257861688733101,-0.10285823792219162
44,0.1,0.0,20,5,3,21654,0.45114379765823576,0.45883598923683167,0.04782728954201653,0.5260233283042908,-0.6749287843704224
44,0.1,0.0,20,5,4,7031,0.14648527021959248,0.46530798077583313,0.04850190491768518,0.08500441163778305,-0.3266451060771942
44,0.1,0.1,1,5,0,438,0.009125380224176007,0.5273192524909973,0.07771358208287002,0.09663674235343933,0.09266838431358337
44,0.1,0.1,1,5,1,15363,0.3200758364931872,1.6285115480422974,0.24000160294516737,0.7174679636955261,0.3773021101951599
44,0.1,0.1,1,5,2,3512,0.07316971540480853,0.6659350991249084,0.09814206809866344,0.2747039794921875,0.23661808669567108
44,0.1,0.1,1,5,3,21654,0.45114379765823576,1.8614689111709595,0.2743336533601431,0.8904651403427124,0.38836073875427246
44,0.1,0.1,1,5,4,7031,0.14648527021959248,1.1192526817321777,0.16494966709896672,0.40450581908226013,0.2813148498535156
44,0.1,0.1,2,5,0,438,0.009125380224176007,0.4801925718784332,0.0685708426667088,0.10478667169809341,0.0985201820731163
44,0.1,0.1,2,5,1,15363,0.3200758364931872,1.0717417001724243,0.15304324932472985,0.6531884074211121,0.2038361132144928
44,0.1,0.1,2,5,2,3512,0.07316971540480853,0.48694562911987305,0.06953517000690615,0.25295624136924744,0.20388607680797577
44,0.1,0.1,2,5,3,21654,0.45114379765823576,1.1175345182418823,0.15958240112964564,0.8262295722961426,0.17128001153469086
44,0.1,0.1,2,5,4,7031,0.14648527021959248,0.8144829869270325,0.11630705683932083,0.3533622622489929,0.18997345864772797
44,0.1,0.1,3,5,0,438,0.009125380224176007,0.4463050663471222,0.06185906292499717,0.11231792718172073,0.10367371886968613
44,0.1,0.1,3,5,1,15363,0.3200758364931872,0.8246270418167114,0.11429548960064845,0.6017627120018005,0.04403778165578842
44,0.1,0.1,3,5,2,3512,0.07316971540480853,0.42064088582992554,0.058301939609043146,0.17341764271259308,0.10836171358823776
44,0.1,0.1,3,5,3,21654,0.45114379765823576,0.8050806522369385,0.111586308293638,0.7556212544441223,-0.036626145243644714
44,0.1,0.1,3,5,4,7031,0.14648527021959248,0.6800153255462646,0.09425192314579706,0.26903706789016724,0.05723828077316284
44,0.1,0.1,4,5,0,438,0.009125380224176007,0.4064440131187439,0.05505137935735144,0.14461426436901093,0.1345319151878357
44,0.1,0.1,4,5,1,15363,0.3200758364931872,0.7011215686798096,0.09496439412858834,0.545971155166626,-0.09003449976444244
44,0.1,0.1,4,5,2,3512,0.07316971540480853,0.3809363543987274,0.05159645874986489,0.14717550575733185,0.07055024057626724
44,0.1,0.1,4,5,3,21654,0.45114379765823576,0.6660473346710205,0.0902137153148688,0.7052363157272339,-0.17662252485752106
44,0.1,0.1,4,5,4,7031,0.14648527021959248,0.6056196093559265,0.08202899731521854,0.24670973420143127,0.0009658151539042592
44,0.1,0.1,5,5,0,438,0.009125380224176007,0.37167078256607056,0.04942449122171821,0.12039421498775482,0.10943958908319473
44,0.1,0.1,5,5,1,15363,0.3200758364931872,0.6329320669174194,0.08416681335381268,0.5078117251396179,-0.17691977322101593
44,0.1,0.1,5,5,2,3512,0.07316971540480853,0.3642558157444,0.04843845470828353,0.10816889256238937,0.0211070254445076
44,0.1,0.1,5,5,3,21654,0.45114379765823576,0.5972335934638977,0.07941965815465823,0.6781299114227295,-0.26649853587150574
44,0.1,0.1,5,5,4,7031,0.14648527021959248,0.5534554123878479,0.07359806972804744,0.20762977004051208,-0.05874326825141907
44,0.1,0.1,6,5,0,438,0.009125380224176007,0.3427906036376953,0.04486909062515387,0.10595051944255829,0.0944037213921547
44,0.1,0.1,6,5,1,15363,0.3200758364931872,0.5868934988975525,0.07682059341737496,0.47762444615364075,-0.24541260302066803
44,0.1,0.1,6,5,2,3512,0.07316971540480853,0.3499946594238281,0.04581205530535933,0.06901613622903824,-0.026471365243196487
44,0.1,0.1,6,5,3,21654,0.45114379765823576,0.5471962690353394,0.0716244807312239,0.6596647500991821,-0.3272624611854553
44,0.1,0.1,6,5,4,7031,0.14648527021959248,0.5172800421714783,0.06770863858131489,0.18047372996807098,-0.1030522957444191
44,0.1,0.1,7,5,0,438,0.009125380224176007,0.3203844726085663,0.04136472086021003,0.10956303030252457,0.09763690829277039
44,0.1,0.1,7,5,1,15363,0.3200758364931872,0.5546697378158569,0.07161320487085723,0.4563080072402954,-0.2955683767795563
44,0.1,0.1,7,5,2,3512,0.07316971540480853,0.34400856494903564,0.044414818691989946,0.08617262542247772,-0.017617618665099144
44,0.1,0.1,7,5,3,21654,0.45114379765823576,0.5136317014694214,0.06631479916380091,0.6378896236419678,-0.3806506097316742
44,0.1,0.1,7,5,4,7031,0.14648527021959248,0.4925939738750458,0.06359862592859644,0.15731264650821686,-0.1404038965702057
44,0.1,0.1,8,5,0,438,0.009125380224176007,0.2947210669517517,0.03758042483110443,0.06500205397605896,0.053006067872047424
44,0.1,0.1,8,5,1,15363,0.3200758364931872,0.5249412655830383,0.0669362254148522,0.4321252107620239,-0.33410266041755676
44,0.1,0.1,8,5,2,3512,0.07316971540480853,0.3259822130203247,0.041566591012283834,0.04307902231812477,-0.0635746642947197
44,0.1,0.1,8,5,3,21654,0.45114379765823576,0.48686644434928894,0.06208123499244408,0.6393589973449707,-0.40781429409980774
44,0.1,0.1,8,5,4,7031,0.14648527021959248,0.4723871648311615,0.06023495545373496,0.13370729982852936,-0.174772709608078
44,0.1,0.1,9,5,0,438,0.009125380224176007,0.2817477285861969,0.035513943272802,0.0727790966629982,0.06051769107580185
44,0.1,0.1,9,5,1,15363,0.3200758364931872,0.5067229270935059,0.06387178124959188,0.4081587791442871,-0.37427470088005066
44,0.1,0.1,9,5,2,3512,0.07316971540480853,0.3342636823654175,0.04213351253354138,0.03989152982831001,-0.07705318182706833
44,0.1,0.1,9,5,3,21654,0.45114379765823576,0.4715065360069275,0.05943279988992875,0.6293442249298096,-0.4478151202201843
44,0.1,0.1,9,5,4,7031,0.14648527021959248,0.45951345562934875,0.05792108734362802,0.11300484836101532,-0.20613259077072144
44,0.1,0.1,10,5,0,438,0.009125380224176007,0.2708578407764435,0.03377890961860213,0.0325978547334671,0.020317237824201584
44,0.1,0.1,10,5,1,15363,0.3200758364931872,0.5109936594963074,0.06372644997214971,0.44415807723999023,-0.38074544072151184
44,0.1,0.1,10,5,2,3512,0.07316971540480853,0.32868924736976624,0.040991113078662995,0.0026171321514993906,-0.11614964157342911
44,0.1,0.1,10,5,3,21654,0.45114379765823576,0.44665637612342834,0.05570289313536391,0.6088185906410217,-0.44382569193840027
44,0.1,0.1,10,5,4,7031,0.14648527021959248,0.44919198751449585,0.05601911136911059,0.08646472543478012,-0.23479260504245758
44,0.1,0.1,11,5,0,438,0.009125380224176007,0.26680228114128113,0.0329391644280374,0.0647442564368248,0.05174870416522026
44,0.1,0.1,11,5,1,15363,0.3200758364931872,0.4724796414375305,0.058331902304724945,0.37346726655960083,-0.42551925778388977
44,0.1,0.1,11,5,2,3512,0.07316971540480853,0.33731400966644287,0.041644477628735035,0.10963218659162521,-0.02263753116130829
44,0.1,0.1,11,5,3,21654,0.45114379765823576,0.4374035596847534,0.05400144148780939,0.6016762256622314,-0.49481311440467834
44,0.1,0.1,11,5,4,7031,0.14648527021959248,0.44370993971824646,0.0547800213709361,0.13399475812911987,-0.21107104420661926
44,0.1,0.1,12,5,0,438,0.009125380224176007,0.26040688157081604,0.031842220948922174,0.05638571083545685,0.042931731790304184
44,0.1,0.1,12,5,1,15363,0.3200758364931872,0.46145907044410706,0.05642662586844729,0.37047624588012695,-0.44962278008461
44,0.1,0.1,12,5,2,3512,0.07316971540480853,0.3219791352748871,0.03937119750645968,0.0627984032034874,-0.07083310186862946
44,0.1,0.1,12,5,3,21654,0.45114379765823576,0.4215594530105591,0.05154775159894762,0.5896745324134827,-0.5182331204414368
44,0.1,0.1,12,5,4,7031,0.14648527021959248,0.4356381893157959,0.05326928149634801,0.12173754721879959,-0.23533397912979126
44,0.1,0.1,13,5,0,438,0.009125380224176007,0.2510731518268585,0.030422717252845295,0.037514619529247284,0.023891689255833626
44,0.1,0.1,13,5,1,15363,0.3200758364931872,0.45042261481285095,0.05457803733705599,0.358347088098526,-0.47175610065460205
44,0.1,0.1,13,5,2,3512,0.07316971540480853,0.32098281383514404,0.03889372207771297,0.08025205135345459,-0.059584230184555054
44,0.1,0.1,13,5,3,21654,0.45114379765823576,0.4115624725818634,0.049869325509859265,0.5785611271858215,-0.5421512126922607
44,0.1,0.1,13,5,4,7031,0.14648527021959248,0.4256567060947418,0.05157713408253202,0.11229554563760757,-0.2519659996032715
44,0.1,0.1,14,5,0,438,0.009125380224176007,0.24824336171150208,0.029817011262560016,0.041877735406160355,0.027925657108426094
44,0.1,0.1,14,5,1,15363,0.3200758364931872,0.44630980491638184,0.053607171559529064,0.38053056597709656,-0.475726842880249
44,0.1,0.1,14,5,2,3512,0.07316971540480853,0.30687689781188965,0.03685960363729892,0.016270451247692108,-0.1212737113237381
44,0.1,0.1,14,5,3,21654,0.45114379765823576,0.4005807340145111,0.04811456054787151,0.5698444247245789,-0.5522100925445557
44,0.1,0.1,14,5,4,7031,0.14648527021959248,0.4151952564716339,0.04986994034009085,0.07240330427885056,-0.29028651118278503
44,0.1,0.1,15,5,0,438,0.009125380224176007,0.24147339165210724,0.02876046607324192,0.013615614734590054,-0.0006638363120146096
44,0.1,0.1,15,5,1,15363,0.3200758364931872,0.424980491399765,0.05061691029834823,0.3187982738018036,-0.510478138923645
44,0.1,0.1,15,5,2,3512,0.07316971540480853,0.3133067190647125,0.037316108423082105,0.030740471556782722,-0.11706093698740005
44,0.1,0.1,15,5,3,21654,0.45114379765823576,0.39348331093788147,0.0468654676077934,0.5859641432762146,-0.5715250372886658
44,0.1,0.1,15,5,4,7031,0.14648527021959248,0.4109702408313751,0.048948232298702134,0.1029447391629219,-0.2773767113685608
44,0.1,0.1,16,5,0,438,0.009125380224176007,0.23978745937347412,0.028327918474839616,0.03487813472747803,0.02025209367275238
44,0.1,0.1,16,5,1,15363,0.3200758364931872,0.422151654958725,0.04987198953996792,0.33255887031555176,-0.5180052518844604
44,0.1,0.1,16,5,2,3512,0.07316971540480853,0.30813920497894287,0.036402830658253366,0.039790425449609756,-0.11040761321783066
44,0.1,0.1,16,5,3,21654,0.45114379765823576,0.38296157121658325,0.04524216652849671,0.5663304328918457,-0.5815322399139404
44,0.1,0.1,16,5,4,7031,0.14648527021959248,0.406587690114975,0.04803329985873519,0.09685707092285156,-0.28988826274871826
44,0.1,0.1,17,5,0,438,0.009125380224176007,0.2367437332868576,0.027749939230862112,0.012494913302361965,-0.0025190154556185007
44,0.1,0.1,17,5,1,15363,0.3200758364931872,0.41303354501724243,0.048413766292382365,0.3174807131290436,-0.535498321056366
44,0.1,0.1,17,5,2,3512,0.07316971540480853,0.3131030797958374,0.03670040729991559,0.04145260900259018,-0.11705132573843002
44,0.1,0.1,17,5,3,21654,0.45114379765823576,0.37992584705352783,0.044533044324322486,0.5592986941337585,-0.6062110066413879
44,0.1,0.1,17,5,4,7031,0.14648527021959248,0.39946550130844116,0.04682338675762736,0.08682412654161453,-0.30568191409111023
44,0.1,0.1,18,5,0,438,0.009125380224176007,0.23622360825538635,0.027479750749177065,0.0506431981921196,0.03546057268977165
44,0.1,0.1,18,5,1,15363,0.3200758364931872,0.41051405668258667,0.04775485414004467,0.328716903924942,-0.5350592732429504
44,0.1,0.1,18,5,2,3512,0.07316971540480853,0.30363497138023376,0.03532167421319575,0.06134072691202164,-0.09512407332658768
44,0.1,0.1,18,5,3,21654,0.45114379765823576,0.36757487058639526,0.042759764360448246,0.5486509799957275,-0.5963504314422607
44,0.1,0.1,18,5,4,7031,0.14648527021959248,0.4019109606742859,0.0467540611383403,0.10390112549066544,-0.29878926277160645
44,0.1,0.1,19,5,0,438,0.009125380224176007,0.23060931265354156,0.02662821328094702,0.03870993107557297,0.023116514086723328
44,0.1,0.1,19,5,1,15363,0.3200758364931872,0.40310150384902954,0.046545704051807295,0.3388260006904602,-0.548952043056488
44,0.1,0.1,19,5,2,3512,0.07316971540480853,0.3021939992904663,0.034894021289670195,0.013110939413309097,-0.1491752415895462
44,0.1,0.1,19,5,3,21654,0.45114379765823576,0.3585290014743805,0.041398964373168194,0.5320120453834534,-0.6190210580825806
44,0.1,0.1,19,5,4,7031,0.14648527021959248,0.39477798342704773,0.04558459595736605,0.08158638328313828,-0.32899653911590576
44,0.1,0.1,20,5,0,438,0.009125380224176007,0.22672800719738007,0.02599360287261367,0.035772521048784256,0.019940340891480446
44,0.1,0.1,20,5,1,15363,0.3200758364931872,0.38786542415618896,0.044467465348278924,0.28368785977363586,-0.5709239840507507
44,0.1,0.1,20,5,2,3512,0.07316971540480853,0.30092543363571167,0.034500088069781866,0.06766580790281296,-0.10063645988702774
44,0.1,0.1,20,5,3,21654,0.45114379765823576,0.3544987738132477,0.04064209119655923,0.5502364635467529,-0.6282380819320679
44,0.1,0.1,20,5,4,7031,0.14648527021959248,0.38990604877471924,0.044701416092176115,0.10202624648809433,-0.3193812370300293
44,0.1,1.0,1,5,0,438,0.009125380224176007,0.47680801153182983,0.0702694968312038,0.11782414466142654,0.11100379377603531
44,0.1,1.0,1,5,1,15363,0.3200758364931872,0.8805413246154785,0.12976962283210466,0.6981822848320007,0.3305124342441559
44,0.1,1.0,1,5,2,3512,0.07316971540480853,0.49630820751190186,0.07314333478377362,0.27089476585388184,0.21627841889858246
44,0.1,1.0,1,5,3,21654,0.45114379765823576,0.9700082540512085,0.14295479582088083,0.8790398836135864,0.36048632860183716
44,0.1,1.0,1,5,4,7031,0.14648527021959248,0.6985599994659424,0.1029501570478559,0.3717806339263916,0.21995529532432556
44,0.1,1.0,2,5,0,438,0.009125380224176007,0.431052565574646,0.06282881503982812,0.15043851733207703,0.1411355882883072
44,0.1,1.0,2,5,1,15363,0.3200758364931872,0.6431308388710022,0.09374065195034395,0.6383200883865356,0.1804804652929306
44,0.1,1.0,2,5,2,3512,0.07316971540480853,0.40147870779037476,0.05851822605570946,0.27644777297973633,0.20911847054958344
44,0.1,1.0,2,5,3,21654,0.45114379765823576,0.655138373374939,0.09549083098808257,0.8216490149497986,0.1860804408788681
44,0.1,1.0,2,5,4,7031,0.14648527021959248,0.5681111812591553,0.0828060315145221,0.37451714277267456,0.18399201333522797
44,0.1,1.0,3,5,0,438,0.009125380224176007,0.39793145656585693,0.05730779835208552,0.15339648723602295,0.14127938449382782
44,0.1,1.0,3,5,1,15363,0.3200758364931872,0.5014587640762329,0.07221720539906797,0.6029577851295471,0.07000637799501419
44,0.1,1.0,3,5,2,3512,0.07316971540480853,0.35033437609672546,0.050453140735387286,0.24292153120040894,0.15834644436836243
44,0.1,1.0,3,5,3,21654,0.45114379765823576,0.4819108843803406,0.069402032259727,0.7617560625076294,0.03217943385243416
44,0.1,1.0,3,5,4,7031,0.14648527021959248,0.49272045493125916,0.07095876440337487,0.3362186849117279,0.09539705514907837
44,0.1,1.0,4,5,0,438,0.009125380224176007,0.36930620670318604,0.05262209449036639,0.17698462307453156,0.16221964359283447
44,0.1,1.0,4,5,1,15363,0.3200758364931872,0.4183353781700134,0.05960821507778816,0.5539750456809998,-0.059070996940135956
44,0.1,1.0,4,5,2,3512,0.07316971540480853,0.3151852488517761,0.044910450043905856,0.252660870552063,0.15196506679058075
44,0.1,1.0,4,5,3,21654,0.45114379765823576,0.382241815328598,0.05446527721251303,0.689469039440155,-0.11983996629714966
44,0.1,1.0,4,5,4,7031,0.14648527021959248,0.44520992040634155,0.06343754335680622,0.34454840421676636,0.05396565794944763
44,0.1,1.0,5,5,0,438,0.009125380224176007,0.3491024971008301,0.049299354453530994,0.16116659343242645,0.14398925006389618
44,0.1,1.0,5,5,1,15363,0.3200758364931872,0.3703291118144989,0.0522969222489726,0.512110710144043,-0.16241991519927979
44,0.1,1.0,5,5,2,3512,0.07316971540480853,0.29771342873573303,0.04204232272959025,0.21333900094032288,0.09500793367624283
44,0.1,1.0,5,5,3,21654,0.45114379765823576,0.33361923694610596,0.04711284837923181,0.6371243000030518,-0.2425030767917633
44,0.1,1.0,5,5,4,7031,0.14648527021959248,0.40680187940597534,0.05744751244046619,0.32937294244766235,0.0008907086448743939
44,0.1,1.0,6,5,0,438,0.009125380224176007,0.3265884518623352,0.0457593616511173,0.19093506038188934,0.17153967916965485
44,0.1,1.0,6,5,1,15363,0.3200758364931872,0.3359450101852417,0.04707033922447046,0.48494741320610046,-0.2618708312511444
44,0.1,1.0,6,5,2,3512,0.07316971540480853,0.28019219636917114,0.03925863260738414,0.17442236840724945,0.03726258501410484
44,0.1,1.0,6,5,3,21654,0.45114379765823576,0.2900964021682739,0.0406463428354827,0.5718910694122314,-0.3506738543510437
44,0.1,1.0,6,5,4,7031,0.14648527021959248,0.3771805465221405,0.05284798325737496,0.32113635540008545,-0.05269939824938774
44,0.1,1.0,7,5,0,438,0.009125380224176007,0.30555248260498047,0.042529047035809966,0.19253316521644592,0.17163214087486267
44,0.1,1.0,7,5,1,15363,0.3200758364931872,0.31471124291419983,0.043803830813247194,0.4592137336730957,-0.3391272723674774
44,0.1,1.0,7,5,2,3512,0.07316971540480853,0.2659876048564911,0.03702211568186996,0.17326007783412933,0.023005947470664978
44,0.1,1.0,7,5,3,21654,0.45114379765823576,0.26992031931877136,0.03756949987236582,0.5292091369628906,-0.43769946694374084
44,0.1,1.0,7,5,4,7031,0.14648527021959248,0.35111016035079956,0.04887010047178893,0.28435850143432617,-0.11768752336502075
44,0.1,1.0,8,5,0,438,0.009125380224176007,0.287436842918396,0.039770625017643245,0.1328618973493576,0.11041133105754852
44,0.1,1.0,8,5,1,15363,0.3200758364931872,0.2970173954963684,0.04109621905135078,0.43534979224205017,-0.39702707529067993
44,0.1,1.0,8,5,2,3512,0.07316971540480853,0.24350138008594513,0.03369158240242053,0.08921083062887192,-0.06548517197370529
44,0.1,1.0,8,5,3,21654,0.45114379765823576,0.2510209083557129,0.03473200692173452,0.5226083993911743,-0.474749892950058
44,0.1,1.0,8,5,4,7031,0.14648527021959248,0.3284836411476135,0.045449983321103775,0.2650649845600128,-0.15611039102077484
44,0.1,1.0,9,5,0,438,0.009125380224176007,0.2748125493526459,0.037820100888825786,0.20207950472831726,0.17833739519119263
44,0.1,1.0,9,5,1,15363,0.3200758364931872,0.2777423560619354,0.03822330512964778,0.38121485710144043,-0.46829766035079956
44,0.1,1.0,9,5,2,3512,0.07316971540480853,0.2530304491519928,0.03482241672520307,0.1357492208480835,-0.04606574773788452
44,0.1,1.0,9,5,3,21654,0.45114379765823576,0.2417321801185608,0.033267532584285726,0.4924241602420807,-0.552095890045166
44,0.1,1.0,9,5,4,7031,0.14648527021959248,0.31671401858329773,0.04358664174522509,0.24637871980667114,-0.21010525524616241
44,0.1,1.0,10,5,0,438,0.009125380224176007,0.2596578001976013,0.0355644035207636,0.12216341495513916,0.09835506230592728
44,0.1,1.0,10,5,1,15363,0.3200758364931872,0.2969811260700226,0.040676446452089364,0.4527142345905304,-0.49860164523124695
44,0.1,1.0,10,5,2,3512,0.07316971540480853,0.24353548884391785,0.0333561879915808,-0.01069627795368433,-0.1882898360490799
44,0.1,1.0,10,5,3,21654,0.45114379765823576,0.23267227411270142,0.031868292184331126,0.46540871262550354,-0.5616770386695862
44,0.1,1.0,10,5,4,7031,0.14648527021959248,0.3045233488082886,0.04170947782146491,0.1447676420211792,-0.2975361943244934
44,0.1,1.0,11,5,0,438,0.009125380224176007,0.2536891996860504,0.03459574465525078,0.1706157922744751,0.14577630162239075
44,0.1,1.0,11,5,1,15363,0.3200758364931872,0.25835323333740234,0.035231781654324265,0.3075461983680725,-0.5338053107261658
44,0.1,1.0,11,5,2,3512,0.07316971540480853,0.25444674491882324,0.03469905154206443,0.16372789442539215,-0.04127495363354683
44,0.1,1.0,11,5,3,21654,0.45114379765823576,0.2354578971862793,0.03210953126187313,0.5015202164649963,-0.6095170974731445
44,0.1,1.0,11,5,4,7031,0.14648527021959248,0.2994745671749115,0.04083952201964663,0.2028786540031433,-0.27395907044410706
44,0.1,1.0,12,5,0,438,0.009125380224176007,0.24654440581798553,0.03348309039190881,0.15763843059539795,0.13025611639022827
44,0.1,1.0,12,5,1,15363,0.3200758364931872,0.25781068205833435,0.0350131585533998,0.3260766267776489,-0.593685507774353
44,0.1,1.0,12,5,2,3512,0.07316971540480853,0.23900532722473145,0.032459211350029465,0.15032513439655304,-0.06720051169395447
44,0.1,1.0,12,5,3,21654,0.45114379765823576,0.21620085835456848,0.029362146178399297,0.41047748923301697,-0.6591807007789612
44,0.1,1.0,12,5,4,7031,0.14648527021959248,0.29043418169021606,0.03944374209655725,0.2513633370399475,-0.2745339870452881
44,0.1,1.0,13,5,0,438,0.009125380224176007,0.23714469373226166,0.032086606086256395,0.11079780757427216,0.08485474437475204
44,0.1,1.0,13,5,1,15363,0.3200758364931872,0.27556470036506653,0.037284983495661866,0.44275546073913574,-0.5708984732627869
44,0.1,1.0,13,5,2,3512,0.07316971540480853,0.2427254617214203,0.03284170585808216,0.34227558970451355,0.13454604148864746
44,0.1,1.0,13,5,3,21654,0.45114379765823576,0.20998847484588623,0.028412263285303628,0.27988988161087036,-0.66951984167099
44,0.1,1.0,13,5,4,7031,0.14648527021959248,0.2812190651893616,0.03805004120760028,0.2630578279495239,-0.23659013211727142
44,0.1,1.0,14,5,0,438,0.009125380224176007,0.2305232286453247,0.03108061732257613,0.08090689778327942,0.0530538372695446
44,0.1,1.0,14,5,1,15363,0.3200758364931872,0.25706884264945984,0.03465966692770179,0.368037611246109,-0.6150590181350708
44,0.1,1.0,14,5,2,3512,0.07316971540480853,0.2099871188402176,0.028311807541896862,-0.13588513433933258,-0.32464152574539185
44,0.1,1.0,14,5,3,21654,0.45114379765823576,0.21613870561122894,0.02914120384820399,0.46793684363365173,-0.683600902557373
44,0.1,1.0,14,5,4,7031,0.14648527021959248,0.26236632466316223,0.0353739073632912,0.03287644684314728,-0.43131518363952637
44,0.1,1.0,15,5,0,438,0.009125380224176007,0.22573710978031158,0.030331672172949457,0.05006355047225952,0.019992023706436157
44,0.1,1.0,15,5,1,15363,0.3200758364931872,0.23780614137649536,0.031953354625500925,0.2587592899799347,-0.6620055437088013
44,0.1,1.0,15,5,2,3512,0.07316971540480853,0.22872836887836456,0.03073359939898152,0.04531292989850044,-0.1955311894416809
44,0.1,1.0,15,5,3,21654,0.45114379765823576,0.20463216304779053,0.02749585875201311,0.45784321427345276,-0.7078055739402771
44,0.1,1.0,15,5,4,7031,0.14648527021959248,0.262545645236969,0.03527753345257808,0.14635400474071503,-0.38723093271255493
44,0.1,1.0,16,5,0,438,0.009125380224176007,0.22358840703964233,0.02994949292365283,0.09097114950418472,0.05974944308400154
44,0.1,1.0,16,5,1,15363,0.3200758364931872,0.23014385998249054,0.030827590737947653,0.24825599789619446,-0.6741047501564026
44,0.1,1.0,16,5,2,3512,0.07316971540480853,0.22476136684417725,0.030106609975609013,0.08619578927755356,-0.16493231058120728
44,0.1,1.0,16,5,3,21654,0.45114379765823576,0.1984500288963318,0.02658222675684436,0.4295637905597687,-0.7235751748085022
44,0.1,1.0,16,5,4,7031,0.14648527021959248,0.25620391964912415,0.034318315426716664,0.17868712544441223,-0.37516042590141296
44,0.1,1.0,17,5,0,438,0.009125380224176007,0.22148726880550385,0.029583532815767328,0.06675605475902557,0.03456252068281174
44,0.1,1.0,17,5,1,15363,0.3200758364931872,0.22973842918872833,0.030685620873838207,0.24802248179912567,-0.6907015442848206
44,0.1,1.0,17,5,2,3512,0.07316971540480853,0.23292280733585358,0.031110950762645573,0.021773984655737877,-0.24274158477783203
44,0.1,1.0,17,5,3,21654,0.45114379765823576,0.20467205345630646,0.02733756410718206,0.44119492173194885,-0.7546446919441223
44,0.1,1.0,17,5,4,7031,0.14648527021959248,0.250046044588089,0.03339806123132226,0.08706525713205338,-0.44669559597969055
44,0.1,1.0,18,5,0,438,0.009125380224176007,0.2200281172990799,0.029306800341973673,0.16074569523334503,0.12917502224445343
44,0.1,1.0,18,5,1,15363,0.3200758364931872,0.23630481958389282,0.03147478718812006,0.3469228744506836,-0.6779834032058716
44,0.1,1.0,18,5,2,3512,0.07316971540480853,0.22264975309371948,0.029655990971544154,0.06407223641872406,-0.1936449259519577
44,0.1,1.0,18,5,3,21654,0.45114379765823576,0.19111712276935577,0.02545598002513746,0.3526420295238495,-0.7398161888122559
44,0.1,1.0,18,5,4,7031,0.14648527021959248,0.2576068937778473,0.03431213199175504,0.11648312956094742,-0.44112348556518555
44,0.1,1.0,19,5,0,438,0.009125380224176007,0.21141719818115234,0.02808570506442963,0.11348403245210648,0.08175130188465118
44,0.1,1.0,19,5,1,15363,0.3200758364931872,0.22389104962348938,0.029742793114223964,0.24177446961402893,-0.6982297301292419
44,0.1,1.0,19,5,2,3512,0.07316971540480853,0.22302882373332977,0.02962825076734645,-0.0005044050049036741,-0.2616375982761383
44,0.1,1.0,19,5,3,21654,0.45114379765823576,0.19843290746212006,0.026360807739411244,0.44380179047584534,-0.7577221989631653
44,0.1,1.0,19,5,4,7031,0.14648527021959248,0.2546980082988739,0.03383534169935632,0.08162075281143188,-0.4743213355541229
44,0.1,1.0,20,5,0,438,0.009125380224176007,0.20899762213230133,0.027692810022359723,0.11087095737457275,0.07827699184417725
44,0.1,1.0,20,5,1,15363,0.3200758364931872,0.22840431332588196,0.0302642546488743,0.2552452087402344,-0.7201176881790161
44,0.1,1.0,20,5,2,3512,0.07316971540480853,0.22364386916160583,0.02963348155912164,0.07141288369894028,-0.20633606612682343
44,0.1,1.0,20,5,3,21654,0.45114379765823576,0.19237898290157318,0.025490790619692266,0.38768813014030457,-0.7683605551719666
44,0.1,1.0,20,5,4,7031,0.14648527021959248,0.2520429193973541,0.03339644065392026,0.11896360665559769,-0.4616433382034302
